Date,Close,High,Low,Open,Volume,Ticker
2021-01-01,897.0471801757812,901.3349212804142,894.5647660465282,897.2728162016685,10015175,RELIANCE.NS
2021-01-04,898.55908203125,902.1923588792536,888.2458453983129,900.4772865018267,24513534,RELIANCE.NS
2021-01-05,887.3883666992188,895.2868807865033,882.8297431826808,888.6972346672048,24123091,RELIANCE.NS
2021-01-06,863.9861450195312,887.3431733969305,859.8789129484342,887.2980461940915,46401468,RELIANCE.NS
2021-01-07,862.5869140625,877.8649187321673,859.8788642012053,866.8069639014568,32325918,RELIANCE.NS
2021-01-08,872.7646484375,874.8859848548774,863.0156218642852,865.6785443392591,27540187,RELIANCE.NS
2021-01-11,856.3131103515625,875.0664443038766,854.1692104565021,875.0664443038766,33307825,RELIANCE.NS
2021-01-12,883.3036499023438,884.6350813991116,857.5092762592445,858.9084582491231,41161546,RELIANCE.NS
2021-01-13,875.0665893554688,891.3826993524976,865.8817711258671,886.2373626282811,26619458,RELIANCE.NS
2021-01-14,884.9058837890625,887.7493749036234,875.1794202704835,877.8649064942006,21553242,RELIANCE.NS
2021-01-15,874.457275390625,890.8636390967538,866.6038890308039,884.9058936036437,20593268,RELIANCE.NS
2021-01-18,895.44482421875,901.3348792931557,868.0933816341949,879.7154868801754,35100458,RELIANCE.NS
2021-01-19,910.0909423828125,916.6805284572496,900.2741645341835,900.2741645341835,32006615,RELIANCE.NS
2021-01-20,927.3773193359375,928.8667555895526,903.320643603404,912.3475752102067,30924537,RELIANCE.NS
2021-01-21,947.552490234375,956.8501859101181,936.539722158253,939.6991037539394,39087742,RELIANCE.NS
2021-01-22,925.0755615234375,954.7514714069698,918.5536065523528,952.7880800202875,30532660,RELIANCE.NS
2021-01-25,876.0595092773438,918.4633177239738,871.9974047459384,918.4633177239738,54207104,RELIANCE.NS
2021-01-27,855.2976684570312,868.8380370064367,852.13828693381,868.8380370064367,42370131,RELIANCE.NS
2021-01-28,846.9703979492188,868.0707665841978,844.0140887864603,848.5952159319003,34067814,RELIANCE.NS
2021-01-29,831.3538208007812,863.4669551342889,825.9602253530458,854.9816691410504,43712383,RELIANCE.NS
2021-02-01,855.43310546875,859.8111004411335,834.084477925657,839.2298143671649,34180952,RELIANCE.NS
2021-02-02,869.1991577148438,875.6082351731134,837.2214015345261,863.9861301874793,41470034,RELIANCE.NS
2021-02-03,871.3881225585938,881.024271808645,857.5543678212887,870.3274543100903,30301696,RELIANCE.NS
2021-02-04,868.5220947265625,875.6081993096957,859.8111124753323,868.3866534338506,25626981,RELIANCE.NS
2021-02-05,868.2738037109375,877.7069402051127,866.5812949964159,871.1172947571725,20248046,RELIANCE.NS
2021-02-08,880.7760009765625,888.6970772624597,870.6658975724772,872.4712241475884,21183400,RELIANCE.NS
2021-02-09,882.8973999023438,897.9948961529354,881.1597638793062,885.5152551213864,19604141,RELIANCE.NS
2021-02-10,891.08935546875,895.8059243068913,869.8761670362735,881.814282391384,21234156,RELIANCE.NS
2021-02-11,927.8287353515625,931.6652040177879,890.1640575276463,893.6619528050209,42539278,RELIANCE.NS
2021-02-12,921.4647827148438,937.8937101488065,909.6395460369704,927.7384783498696,30497029,RELIANCE.NS
2021-02-15,917.4026489257812,930.3562442810988,913.9724445678881,924.3759353313053,15791099,RELIANCE.NS
2021-02-16,929.5438232421875,938.5255683500038,918.4858688517324,920.6297689320974,21421660,RELIANCE.NS
2021-02-17,940.2632446289062,945.9952940995148,925.5268269442237,929.7694401272191,23742994,RELIANCE.NS
2021-02-18,933.2449340820312,951.6146304224952,929.3633380518262,941.0531936529034,18646877,RELIANCE.NS
2021-02-19,938.9317626953125,950.0574077634237,926.7454493980867,928.4154541842837,23403483,RELIANCE.NS
2021-02-22,906.3446655273438,943.2646823971752,900.4095436576987,938.7963735267837,23804335,RELIANCE.NS
2021-02-23,913.27294921875,926.5650596508531,908.8272033401173,924.3534685124855,25644108,RELIANCE.NS
2021-02-24,930.2208862304688,932.1390906998175,914.4914901976813,916.2291858661802,10807663,RELIANCE.NS
2021-02-25,967.8403930664062,971.2931609562635,935.6369439506498,936.9909986645049,34855693,RELIANCE.NS
2021-02-26,941.4141845703125,963.123829134179,934.5988434646592,955.4961387654923,37481215,RELIANCE.NS
2021-03-01,948.590576171875,953.2394537638484,930.897848571293,952.4269850885058,17680764,RELIANCE.NS
2021-03-02,950.5313110351562,961.3635697154016,942.9036206682259,957.752856616694,17150760,RELIANCE.NS
2021-03-03,993.905517578125,1001.9394719927689,951.0729423807295,957.3240740262065,31924461,RELIANCE.NS
2021-03-04,982.0578002929688,988.421750465709,973.8659000002634,983.9308776144062,21435754,RELIANCE.NS
2021-03-05,983.3440551757812,998.3512962856287,971.7670781260525,973.0985692708165,25511666,RELIANCE.NS
2021-03-08,988.9408569335938,1007.355680497462,978.5148017597687,978.7404377726681,19506841,RELIANCE.NS
2021-03-09,988.9181518554688,999.1862609710787,968.8559482883367,992.9576927650287,15154484,RELIANCE.NS
2021-03-10,984.8109741210938,999.7730887336929,979.5302558776189,996.1171885060364,11519358,RELIANCE.NS
2021-03-12,964.7939453125,995.846415828836,958.6105036545637,990.7010789298332,16864952,RELIANCE.NS
2021-03-15,951.8402709960938,969.894016181107,939.022056998036,965.899662068002,16698099,RELIANCE.NS
2021-03-16,948.0940551757812,959.558213666829,945.7922099765842,954.142054646313,13873801,RELIANCE.NS
2021-03-17,927.6707763671875,949.1773492874154,918.5310260738679,946.9431947370554,19210236,RELIANCE.NS
2021-03-18,906.796142578125,940.9629260845496,903.1402423037733,935.5918936777657,20647480,RELIANCE.NS
2021-03-19,939.6990966796875,945.9502287147974,894.9257507304794,898.6267780925764,41787429,RELIANCE.NS
2021-03-22,930.8527221679688,936.088313055874,917.6734905482226,934.7343179799378,18572478,RELIANCE.NS
2021-03-23,942.1815185546875,952.2013688377597,927.9641819762402,930.6496682735799,17421165,RELIANCE.NS
2021-03-24,924.0374755859375,938.6835805295864,920.9232211318065,938.6835805295864,16822814,RELIANCE.NS
2021-03-25,898.829833984375,927.0614339788925,895.9186520687285,927.0614339788925,22001648,RELIANCE.NS
2021-03-26,900.2742309570312,908.8723362515558,890.8185894008787,908.1050543980848,20180202,RELIANCE.NS
2021-03-30,915.9132080078125,924.7595715908199,898.8749446091667,906.2995626603248,20441701,RELIANCE.NS
2021-03-31,904.0879516601562,925.2108826971944,902.2374380883726,910.8130382876154,16250796,RELIANCE.NS
2021-04-01,912.5506591796875,916.2291226638978,904.1105004046987,910.813023323116,11723312,RELIANCE.NS
2021-04-05,899.3489379882812,913.9724790288182,885.582933146535,913.9499154284324,14875099,RELIANCE.NS
2021-04-06,895.6027221679688,904.9229807916713,888.6971267728383,904.4942127215924,14009194,RELIANCE.NS
2021-04-07,903.9752197265625,923.8569756395913,899.664915309728,902.6889153894526,24266353,RELIANCE.NS
2021-04-08,905.1035766601562,912.6184496390974,899.5294718287386,907.6536814191865,15369188,RELIANCE.NS
2021-04-09,894.5872802734375,905.5549215962554,893.6619935421585,901.989335355401,14037885,RELIANCE.NS
2021-04-12,862.5869140625,885.2669734194948,857.6672732350632,884.1837415365642,20901482,RELIANCE.NS
2021-04-13,871.9071655273438,875.8790157297038,865.6109063786529,868.3866470158723,19411189,RELIANCE.NS
2021-04-15,877.5489501953125,885.0863863250735,863.421868505896,869.4247410901053,19723716,RELIANCE.NS
2021-04-16,872.0425415039062,880.0764962565872,869.492436882543,874.0736236379038,15656948,RELIANCE.NS
2021-04-19,858.3217163085938,864.9564895083129,853.0409979470431,859.3598210383852,18478808,RELIANCE.NS
2021-04-20,858.0734252929688,866.1298835841033,853.2440391612164,862.2934748740392,17203668,RELIANCE.NS
2021-04-22,860.4429931640625,864.0763296197583,847.0380660893645,854.05647971313,14490954,RELIANCE.NS
2021-04-23,859.5177612304688,866.084783440233,855.4556567138424,860.2624793969826,11828857,RELIANCE.NS
2021-04-26,874.6378173828125,885.5378273951245,862.7448895453444,866.5813583165724,20846778,RELIANCE.NS
2021-04-27,897.5661010742188,901.4250736005504,874.8183510247649,875.6081964100579,19992524,RELIANCE.NS
2021-04-28,901.4701538085938,906.2995399608012,893.729645559396,901.7184130880825,17122437,RELIANCE.NS
2021-04-29,913.5436401367188,922.7736442808828,905.9836407520165,913.0245579839406,17412606,RELIANCE.NS
2021-04-30,900.2064819335938,918.9372550182458,897.0696639164535,906.5253048610995,19828769,RELIANCE.NS
2021-05-03,884.206298828125,893.2106078294329,877.0073762854873,887.3431167617707,23640186,RELIANCE.NS
2021-05-04,865.0466918945312,888.1555786981006,862.5192105636345,880.1216239409943,21849830,RELIANCE.NS
2021-05-05,866.6264038085938,874.9311213941457,861.1876811156937,868.0932764991574,12393609,RELIANCE.NS
2021-05-06,871.5460205078125,873.3514068231331,860.533193830387,867.4162254267926,14624666,RELIANCE.NS
2021-05-07,871.8845825195312,882.6717141211767,869.289350739611,874.5926322966467,12288548,RELIANCE.NS
2021-05-10,869.3795776367188,878.6772726130321,867.0100416182049,875.1568139833493,13941237,RELIANCE.NS
2021-05-11,872.5165405273438,874.9537675806936,862.0678622246373,864.324640162575,13478264,RELIANCE.NS
2021-05-12,863.4895629882812,872.4036175039552,860.7138223730607,871.1398768410697,13177961,RELIANCE.NS
2021-05-14,874.3895263671875,876.5108030934095,860.2624453618109,870.2145443263449,13291616,RELIANCE.NS
2021-05-17,884.7930908203125,886.1922131252846,871.2752855358857,874.3895996285223,11873078,RELIANCE.NS
2021-05-18,897.2501220703125,903.8623311241566,890.2768357355067,894.1133042302491,12064918,RELIANCE.NS
2021-05-19,901.357421875,910.1135316770341,890.0512670062741,893.661980396703,16317002,RELIANCE.NS
2021-05-20,896.0992431640625,907.6085298258828,894.1133478678807,901.7410386469029,11422532,RELIANCE.NS
2021-05-21,903.8397827148438,907.0217278069957,896.3700373777015,899.0780871843959,10785605,RELIANCE.NS
2021-05-24,896.2120361328125,907.1120455871035,894.5646545808229,906.2995769189343,8551760,RELIANCE.NS
2021-05-25,886.0567626953125,901.3347663974367,884.6350172082499,901.0639435208391,14780102,RELIANCE.NS
2021-05-26,889.1710815429688,893.436318314461,887.0272410491106,891.4052361303035,7480204,RELIANCE.NS
2021-05-27,891.9017333984375,899.5294239766795,885.6506014850115,889.283937975624,26819294,RELIANCE.NS
2021-05-28,945.476318359375,950.0800090423911,898.1754320907405,898.1754320907405,56469931,RELIANCE.NS
2021-05-31,975.0393676757812,989.2115769657272,941.0757172389948,948.7259715836556,59124142,RELIANCE.NS
2021-06-01,978.9208984375,993.8603885283871,968.8107347954659,977.611970938607,28013832,RELIANCE.NS
2021-06-02,993.5220336914062,997.2456250100269,973.5500221853252,973.5500221853252,24630162,RELIANCE.NS
2021-06-03,997.3131713867188,1015.5249208069228,991.1974809457165,1002.4358843892015,23974257,RELIANCE.NS
2021-06-04,988.6699829101562,1000.38234182816,985.8490553582253,999.6376236399614,14468646,RELIANCE.NS
2021-06-07,1005.3245239257812,1011.9141694726093,986.1875471509084,993.8604245557929,16336573,RELIANCE.NS
2021-06-08,999.5474243164062,1005.2117836404444,992.1228056254331,1004.9635840254113,9674735,RELIANCE.NS
2021-06-09,981.674072265625,1002.4358661639994,973.9786315641471,1001.5332028305284,11409161,RELIANCE.NS
2021-06-10,985.284912109375,1006.4980988117626,982.8250618353879,989.9788572705107,14155653,RELIANCE.NS
2021-06-11,1002.375244140625,1009.1011338517071,987.4063134106076,988.6745196444147,13762778,RELIANCE.NS
2021-06-14,1016.7554931640625,1022.8019357932958,994.1775030221097,1003.213263471595,20332436,RELIANCE.NS
2021-06-15,1019.0652465820312,1030.3428892787051,1014.6719292575741,1024.04738247787,15174215,RELIANCE.NS
2021-06-16,1001.6732177734375,1017.7291568032897,999.0689384128791,1016.7554197633551,10797349,RELIANCE.NS
2021-06-17,1003.5074462890625,1012.2714382271374,987.3156552101422,996.419281037144,15745975,RELIANCE.NS
2021-06-18,1008.0366821289062,1012.2715036865906,989.3311797612216,1007.9687553467284,29369026,RELIANCE.NS
2021-06-21,1013.29052734375,1017.9329096042337,996.4873342427861,998.0046053152495,12186448,RELIANCE.NS
2021-06-22,1008.08203125,1024.0474616919707,1005.1833424900376,1020.8769459855561,12871913,RELIANCE.NS
2021-06-23,998.8426513671875,1019.337135312155,997.1894665607985,1019.0654281386422,16653951,RELIANCE.NS
2021-06-24,975.3587036132812,1003.0319792586279,969.2443347205035,999.5218896905816,91461975,RELIANCE.NS
2021-06-25,953.14306640625,975.3587188779936,942.5674531142881,975.3587188779936,55355022,RELIANCE.NS
2021-06-28,944.7868041992188,963.1299720367883,942.5222185353294,961.0918688993542,20277042,RELIANCE.NS
2021-06-29,945.60205078125,955.2039275943256,943.9262837366043,946.3720075153033,27144063,RELIANCE.NS
2021-06-30,955.9512329101562,961.3862145219897,947.0740283906408,949.4291830957576,19762858,RELIANCE.NS
2021-07-01,950.1991577148438,961.6126545352091,948.863024683412,959.280142195751,12534407,RELIANCE.NS
2021-07-02,964.284912109375,966.0286658416347,947.9345627995748,949.7688855828178,14086620,RELIANCE.NS
2021-07-05,973.8641357421875,975.3814069298204,965.3945518663345,967.6364952540457,11702287,RELIANCE.NS
2021-07-06,962.3599243164062,973.2752309763289,960.2765368506975,971.486252797126,10070124,RELIANCE.NS
2021-07-07,955.679443359375,963.6961219133111,950.2218196134942,963.6961219133111,10454892,RELIANCE.NS
2021-07-08,947.7760009765625,958.8045791709611,942.5221577829742,958.8045791709611,11185460,RELIANCE.NS
2021-07-09,938.0835571289062,947.3683817256788,935.7736870853545,945.6925548959384,9037675,RELIANCE.NS
2021-07-12,943.9262084960938,951.8069732106677,939.5781755914345,941.9559723923293,8585292,RELIANCE.NS
2021-07-13,950.9917602539062,952.5090313833667,945.7152147930674,951.1276138236502,6717133,RELIANCE.NS
2021-07-14,944.7868041992188,954.2301252196338,942.6354298484742,951.2861518765445,8532544,RELIANCE.NS
2021-07-15,943.1336669921875,948.8630578642602,941.3899132919198,948.8630578642602,9448356,RELIANCE.NS
2021-07-16,956.7437744140625,957.8081403899708,945.5114158643191,945.5793426478567,8828185,RELIANCE.NS
2021-07-19,950.6520385742188,961.9976083202988,947.6174964042133,951.1275859545519,8354449,RELIANCE.NS
2021-07-20,948.3195190429688,954.7509997157346,943.8809767465054,950.9011562369292,6741464,RELIANCE.NS
2021-07-22,960.5030517578125,961.9523961689722,950.2897739918685,959.7330950269046,7972397,RELIANCE.NS
2021-07-23,953.7092895507812,966.7306870173245,952.0561048845019,966.7306870173245,9937030,RELIANCE.NS
2021-07-26,940.642578125,960.6388700312618,938.0382987131833,954.750983452507,12389668,RELIANCE.NS
2021-07-27,930.746337890625,943.7450933231961,924.8584510240973,940.6199818363403,10824523,RELIANCE.NS
2021-07-28,922.7523803710938,932.1051326635076,913.1957878078247,932.1051326635076,12897848,RELIANCE.NS
2021-07-29,929.9536743164062,939.5329082786225,925.4924300252735,930.2933681370648,13765738,RELIANCE.NS
2021-07-30,921.8238525390625,936.6115854453042,919.9215431668897,932.1050565925411,11350608,RELIANCE.NS
2021-08-02,938.6724243164062,941.7975357253354,924.4734496016514,930.4293230086479,10925104,RELIANCE.NS
2021-08-03,945.579345703125,947.0513322851771,934.9131634487219,946.5984271599676,11817299,RELIANCE.NS
2021-08-04,952.8260498046875,957.4684320780918,945.2396345210956,948.5912282263394,13169800,RELIANCE.NS
2021-08-05,966.64013671875,975.9475444073931,953.0525626247831,957.6043762856963,21252078,RELIANCE.NS
2021-08-06,946.1681518554688,972.392083052254,941.5030673967123,964.6924564242829,16620987,RELIANCE.NS
2021-08-09,940.7784423828125,946.5078930939915,935.9548618556917,942.522196064497,7494143,RELIANCE.NS
2021-08-10,945.7152709960938,957.0156171230963,939.2385654839516,942.9751378756041,11919198,RELIANCE.NS
2021-08-11,958.963134765625,960.1859966454768,943.6092248291548,949.7462363911606,9184963,RELIANCE.NS
2021-08-12,955.88330078125,962.9941092821113,953.3922326146494,962.4052906590396,8137612,RELIANCE.NS
2021-08-13,971.8032836914062,973.7282353115995,955.181228214771,958.9630848706249,12780901,RELIANCE.NS
2021-08-16,984.4171142578125,997.7782056289792,963.8772875225334,973.4791642916643,21935444,RELIANCE.NS
2021-08-17,980.2276000976562,989.716205298415,972.7997402220516,982.3110475847799,12658169,RELIANCE.NS
2021-08-18,984.0321044921875,990.4408829212671,974.9511198541776,984.6435653646352,10075860,RELIANCE.NS
2021-08-20,972.9808959960938,983.7376470917055,967.88554870858,970.6030393085123,9426282,RELIANCE.NS
2021-08-23,979.3670654296875,984.6435509846982,965.7568499022403,984.6435509846982,9854395,RELIANCE.NS
2021-08-24,989.036865234375,992.7960796490014,976.3098177521405,980.5899239821464,11864472,RELIANCE.NS
2021-08-25,997.5969848632812,1005.4778098902966,987.4063495975512,989.8068486851395,13380559,RELIANCE.NS
2021-08-26,1010.2107543945312,1016.7554463089577,998.6839861429403,1000.0427614622415,18589616,RELIANCE.NS
2021-08-27,1008.829345703125,1015.7817181947378,1003.6887734868195,1013.1773788430729,10480636,RELIANCE.NS
2021-08-30,1028.2369384765625,1030.7733511879242,1013.086868200183,1019.0653841621985,14027062,RELIANCE.NS
2021-08-31,1022.7565307617188,1034.351165067264,1015.5550939662595,1031.2486961976206,26485463,RELIANCE.NS
2021-09-01,1026.810302734375,1038.4956282529236,1024.9533974079704,1029.4825691995866,11145486,RELIANCE.NS
2021-09-02,1039.1748046875,1045.2438888621152,1021.32982832915,1021.32982832915,9956770,RELIANCE.NS
2021-09-03,1081.79443359375,1084.7384068201698,1042.8435137983438,1046.2403322593964,30664428,RELIANCE.NS
2021-09-06,1098.5977783203125,1123.2365131929273,1092.4380047519112,1092.8909697996994,33641710,RELIANCE.NS
2021-09-07,1105.52734375,1113.272195169168,1092.4379602260194,1100.5904921516135,17349882,RELIANCE.NS
2021-09-08,1101.2020263671875,1111.4606486919852,1090.0149514607642,1110.554838373318,14301651,RELIANCE.NS
2021-09-09,1098.5977783203125,1104.145971203985,1094.2950296674799,1099.6394421897962,8963249,RELIANCE.NS
2021-09-13,1074.1175537109375,1101.949327153265,1072.5323557228828,1101.949327153265,16311160,RELIANCE.NS
2021-09-14,1072.7135009765625,1084.2854942866497,1071.6037904973264,1075.6801166083583,8908356,RELIANCE.NS
2021-09-15,1077.1746826171875,1085.0780298856923,1072.7360805602518,1072.7360805602518,9071075,RELIANCE.NS
2021-09-16,1099.7752685546875,1103.6476943262978,1072.0567074838173,1078.6466838742622,13448882,RELIANCE.NS
2021-09-17,1082.7227783203125,1112.2983612101125,1075.9516645338,1107.8371172912175,34882133,RELIANCE.NS
2021-09-20,1084.4439697265625,1095.3139316833478,1073.415392150155,1074.3664868663025,11779819,RELIANCE.NS
2021-09-21,1089.1317138671875,1094.521410709491,1079.756260196694,1089.2675674362638,9915736,RELIANCE.NS
2021-09-22,1100.8170166015625,1106.025455452025,1086.210362198153,1090.6263219107966,10995912,RELIANCE.NS
2021-09-23,1127.7203369140625,1130.9360171926044,1107.6107744419755,1108.4713001643795,15748397,RELIANCE.NS
2021-09-24,1124.459228515625,1134.7631343059459,1119.613065939266,1133.9026086017536,15192163,RELIANCE.NS
2021-09-27,1143.3685302734375,1145.8370159244848,1121.1077134942575,1126.4068411721403,15373834,RELIANCE.NS
2021-09-28,1154.0574951171875,1161.689135216267,1138.092065214608,1147.6939414575027,18035258,RELIANCE.NS
2021-09-29,1144.90869140625,1163.9991145771864,1141.3758992926414,1163.9991145771864,9719875,RELIANCE.NS
2021-09-30,1141.013427734375,1147.965800183617,1132.4533348800387,1143.617767070168,13590654,RELIANCE.NS
2021-10-01,1143.0289306640625,1150.320936930379,1130.0302358504632,1133.1779894261922,8958928,RELIANCE.NS
2021-10-04,1157.72607421875,1166.1955973057436,1149.075293250508,1156.2993722307872,10918552,RELIANCE.NS
2021-10-05,1181.7532958984375,1183.0215020120208,1153.7402689056823,1157.25041807704,13533634,RELIANCE.NS
2021-10-06,1159.40185546875,1186.6221652780882,1155.438860897584,1186.6221652780882,10258881,RELIANCE.NS
2021-10-07,1165.0860595703125,1177.0204479976474,1162.9573276219362,1175.3219190109808,6336665,RELIANCE.NS
2021-10-08,1209.8570556640625,1215.8129290316733,1169.207605953432,1170.906015220909,15772493,RELIANCE.NS
2021-10-11,1201.4326171875,1231.9366542030143,1198.1263679197398,1223.5124154081877,14768666,RELIANCE.NS
2021-10-12,1208.29443359375,1215.1788796176056,1196.2694750157295,1197.9680041586355,6682011,RELIANCE.NS
2021-10-13,1220.5911865234375,1231.7103344750674,1208.9737889938256,1213.3671067441883,9959762,RELIANCE.NS
2021-10-14,1223.0594482421875,1230.7817769408248,1217.0809330176019,1223.036805981498,8623469,RELIANCE.NS
2021-10-18,1226.320556640625,1243.2596035729455,1205.8033136478314,1208.6567177514992,13594479,RELIANCE.NS
2021-10-19,1237.3037109375,1246.1356302424738,1226.5016753447112,1233.6577079515857,8833409,RELIANCE.NS
2021-10-20,1223.0594482421875,1242.2405578545067,1219.0285268378586,1242.2405578545067,12710570,RELIANCE.NS
2021-10-21,1187.77734375,1235.560187794889,1179.0359922815946,1235.2884806281218,20831669,RELIANCE.NS
2021-10-22,1189.99658203125,1206.9810344630644,1182.7951444896785,1186.6449281501523,11027475,RELIANCE.NS
2021-10-25,1178.4017333984375,1213.819979870448,1163.9989792562783,1213.819979870448,17198417,RELIANCE.NS
2021-10-26,1205.2371826171875,1208.7926167498356,1179.013250231775,1185.3315195274101,9750178,RELIANCE.NS
2021-10-27,1189.99658203125,1212.3707315877277,1186.6222858874532,1201.138372284091,9896298,RELIANCE.NS
2021-10-28,1176.9525146484375,1194.7748510901267,1173.283988789091,1186.6449607541927,9886181,RELIANCE.NS
2021-10-29,1148.7130126953125,1175.8427530223264,1133.0646952081202,1175.8427530223264,14233025,RELIANCE.NS
2021-11-01,1149.4150390625,1157.6581394917466,1129.6224692481335,1148.7130092033958,15481114,RELIANCE.NS
2021-11-02,1132.6571044921875,1154.0348738636576,1130.143454028727,1152.6760985535552,10569130,RELIANCE.NS
2021-11-03,1124.8670654296875,1141.353269066621,1114.6310849978502,1135.034999269857,11989430,RELIANCE.NS
2021-11-04,1131.77392578125,1134.514118637374,1127.7656464746356,1129.1016597099565,1705656,RELIANCE.NS
2021-11-08,1133.177978515625,1141.3531527093287,1112.5475239087214,1141.0813257713814,20337183,RELIANCE.NS
2021-11-09,1142.1231689453125,1145.38413396809,1126.4295651226153,1134.5594552172417,15682497,RELIANCE.NS
2021-11-10,1154.8953857421875,1158.56403111527,1133.9479393972968,1139.8585280650227,10253470,RELIANCE.NS
2021-11-11,1157.00146484375,1164.2254244154967,1148.3959679290283,1150.4341308509872,10722478,RELIANCE.NS
2021-11-12,1174.46142578125,1177.0204805624614,1158.1110771767962,1160.783343266853,8712341,RELIANCE.NS
2021-11-15,1167.5318603515625,1178.583081524526,1163.9990683781703,1177.586582367733,4803269,RELIANCE.NS
2021-11-16,1140.402099609375,1166.2636363626991,1130.0302662731583,1164.9275032865714,11337581,RELIANCE.NS
2021-11-17,1115.9898681640625,1131.819326460902,1114.631092727357,1131.819326460902,10202029,RELIANCE.NS
2021-11-18,1120.2017822265625,1127.3126501781812,1109.6714536653499,1114.177982402732,8505625,RELIANCE.NS
2021-11-22,1070.5848388671875,1109.1961291306902,1064.8101030658254,1103.353466536403,24124307,RELIANCE.NS
2021-11-23,1080.5941162109375,1087.5691305828452,1045.7874503355001,1056.6800550508478,25326999,RELIANCE.NS
2021-11-24,1064.9912109375,1091.4868494573443,1061.4357769402945,1077.9446209027212,16820296,RELIANCE.NS
2021-11-25,1129.1016845703125,1133.2006528139436,1067.5954770563671,1074.7742721480843,42401936,RELIANCE.NS
2021-11-26,1092.7098388671875,1122.149452357917,1087.6824179851199,1117.7108501017365,15763138,RELIANCE.NS
2021-11-29,1105.799072265625,1132.2948314861248,1086.5953193762673,1104.7121238946838,24325354,RELIANCE.NS
2021-11-30,1089.4486083984375,1121.3793456985663,1081.9528225027632,1117.8012696969345,32172299,RELIANCE.NS
2021-12-01,1117.3486328125,1120.519028933976,1098.3713010103995,1101.9493776790864,10104610,RELIANCE.NS
2021-12-02,1124.52734375,1130.5737867535804,1114.9028239659328,1118.5714698041102,12720411,RELIANCE.NS
2021-12-03,1090.7396240234375,1131.6154976946157,1087.0030516324528,1131.5702131686844,19222481,RELIANCE.NS
2021-12-06,1070.0638427734375,1098.3259382907745,1067.595476803198,1094.2497321105475,10332254,RELIANCE.NS
2021-12-07,1078.7825927734375,1088.8146726752468,1068.8863664494722,1076.2010153934032,11235122,RELIANCE.NS
2021-12-08,1095.2008056640625,1101.405743762558,1089.8563933091182,1097.9183562650253,8744178,RELIANCE.NS
2021-12-09,1112.5701904296875,1120.9265028973477,1098.3259314492311,1102.8551026436394,13213547,RELIANCE.NS
2021-12-10,1113.7025146484375,1116.8955527047663,1100.7489847314073,1105.2328712872275,8364414,RELIANCE.NS
2021-12-13,1091.37353515625,1120.5640791956964,1088.8144806900814,1120.2923720879173,12901733,RELIANCE.NS
2021-12-14,1078.0125732421875,1089.7205393231307,1074.9553887174345,1077.944646457222,12991523,RELIANCE.NS
2021-12-15,1074.864990234375,1089.267747138745,1069.3846036415657,1079.7564383300423,9366969,RELIANCE.NS
2021-12-16,1088.7694091796875,1094.0232528934675,1072.8040976676455,1089.5846504628314,9761279,RELIANCE.NS
2021-12-17,1060.03173828125,1090.6263454753455,1050.7694958949853,1086.1198166210095,21049821,RELIANCE.NS
2021-12-20,1031.4527587890625,1049.7958677716224,1017.7519129116022,1049.7958677716224,14325846,RELIANCE.NS
2021-12-21,1046.806640625,1062.545530320319,1038.1786200134966,1046.8519251541745,12836561,RELIANCE.NS
2021-12-22,1071.6490478515625,1074.276029474332,1051.6754577350616,1052.988828746117,17658543,RELIANCE.NS
2021-12-23,1071.2640380859375,1077.944583084397,1068.0030733980013,1075.2270326442374,9072401,RELIANCE.NS
2021-12-24,1074.68359375,1083.3795393185057,1058.7181649806878,1073.4153876003008,7886494,RELIANCE.NS
2021-12-27,1073.5286865234375,1077.0388360812635,1063.4966072069749,1069.588333994207,4017223,RELIANCE.NS
2021-12-28,1086.2783203125,1089.1996512774408,1074.7968966086662,1075.9517717574063,6374613,RELIANCE.NS
2021-12-29,1088.1353759765625,1095.6085205634522,1078.8957755234705,1082.926817028114,15425312,RELIANCE.NS
2021-12-30,1068.4786376953125,1089.2449463146104,1062.3642685656102,1087.0030029803643,29333171,RELIANCE.NS
2021-12-31,1072.5775146484375,1079.710904759357,1068.8862272626782,1074.7741732718725,9477290,RELIANCE.NS
2022-01-03,1088.74658203125,1090.6036067166367,1070.4940456132024,1071.150790940942,5421611,RELIANCE.NS
2022-01-04,1113.3173828125,1114.6308734629547,1088.8145046450295,1094.2043208037267,10847728,RELIANCE.NS
2022-01-05,1118.526123046875,1121.877776996668,1101.9267085410534,1115.0840198447643,11643813,RELIANCE.NS
2022-01-06,1094.4761962890625,1111.4606489189575,1091.0792578429503,1110.1924425923644,14447422,RELIANCE.NS
2022-01-07,1103.30810546875,1113.2949007403674,1092.2342419850618,1101.020877531252,13112115,RELIANCE.NS
2022-01-10,1104.2138671875,1112.8193642531028,1094.2723568788356,1110.5547786779957,9246731,RELIANCE.NS
2022-01-11,1112.1627197265625,1120.9492358826358,1102.8551919025351,1103.3081569787676,16205164,RELIANCE.NS
2022-01-12,1141.8511962890625,1143.595009691511,1116.4425076278837,1119.2959115588758,14800442,RELIANCE.NS
2022-01-13,1148.2828369140625,1150.8645340891296,1136.0993826537385,1141.9194026287705,11856712,RELIANCE.NS
2022-01-14,1149.9586181640625,1162.7761757448827,1144.0027445379585,1148.1469975068374,19930176,RELIANCE.NS
2022-01-17,1155.9595947265625,1161.734329339856,1149.0526273304495,1149.5055923237667,8036453,RELIANCE.NS
2022-01-18,1142.1683349609375,1160.5340832716051,1139.4281422634044,1157.0919805047831,6215029,RELIANCE.NS
2022-01-19,1142.0777587890625,1151.3172385374578,1136.370950826631,1145.882257497244,9755485,RELIANCE.NS
2022-01-20,1122.0816650390625,1136.8015335141931,1111.9136106984854,1132.3176461756468,16494486,RELIANCE.NS
2022-01-21,1122.2626953125,1133.3139167394952,1110.5548482538704,1110.5548482538704,13338594,RELIANCE.NS
2022-01-24,1076.99365234375,1134.4463001586594,1066.6671028591084,1120.9718770080574,21868937,RELIANCE.NS
2022-01-25,1074.8875732421875,1081.8624687571998,1043.9758512681215,1064.1533431011624,24510205,RELIANCE.NS
2022-01-27,1058.96728515625,1067.1198169153088,1046.7159051568356,1058.0161903944513,20020431,RELIANCE.NS
2022-01-28,1057.9483642578125,1076.0876922422228,1054.5741878483832,1071.1509600753575,14667727,RELIANCE.NS
2022-01-31,1080.9339599609375,1089.9017336429354,1067.1651879580827,1068.9769283849403,12143683,RELIANCE.NS
2022-02-01,1077.3558349609375,1096.333045361315,1063.0436492942567,1090.6263567842825,13200509,RELIANCE.NS
2022-02-02,1079.5523681640625,1090.1732649193555,1075.7252273627023,1090.1732649193555,10017691,RELIANCE.NS
2022-02-03,1065.6026611328125,1087.659819731054,1063.0890104902376,1083.3797131393435,9572839,RELIANCE.NS
2022-02-04,1055.8873291015625,1063.654941472206,1051.2675896241456,1060.2806459968438,11061241,RELIANCE.NS
2022-02-07,1049.4561767578125,1067.4370085401163,1043.9757907846413,1060.7338205814565,10714467,RELIANCE.NS
2022-02-08,1067.09716796875,1068.8862659765236,1046.240291320876,1055.5931024543218,12060849,RELIANCE.NS
2022-02-09,1079.5299072265625,1081.2056742872649,1067.9805561051007,1073.9363098694528,11486225,RELIANCE.NS
2022-02-10,1078.420166015625,1085.055306543387,1071.19608713209,1085.055306543387,12464491,RELIANCE.NS
2022-02-11,1076.3140869140625,1079.9827320410225,1061.6847909262883,1074.8873849313381,15943370,RELIANCE.NS
2022-02-14,1059.1712646484375,1066.599124811997,1047.5991516117767,1059.9412213800138,10719633,RELIANCE.NS
2022-02-15,1095.1329345703125,1097.8278430466569,1057.880422222606,1064.9006018983252,11212671,RELIANCE.NS
2022-02-16,1092.8681640625,1101.949147519633,1085.1685980041375,1100.5903723798485,10392840,RELIANCE.NS
2022-02-17,1106.704833984375,1111.8681080705421,1091.5321231787168,1096.1065786813085,12853252,RELIANCE.NS
2022-02-18,1098.0543212890625,1112.5476464311962,1096.129369451274,1107.1126644779383,6775458,RELIANCE.NS
2022-02-21,1086.957763671875,1103.9875007758346,1080.0281530233087,1092.4380298945582,11107193,RELIANCE.NS
2022-02-22,1082.0208740234375,1085.146105195485,1063.066305633856,1065.6705251768456,13494914,RELIANCE.NS
2022-02-23,1075.249755859375,1089.9696221846223,1072.5096827529123,1087.5012562225045,7310110,RELIANCE.NS
2022-02-24,1021.6695556640625,1059.7827129241718,1016.0760782454672,1043.975778151862,24846650,RELIANCE.NS
2022-02-25,1034.44189453125,1045.3118571320392,1030.9543872983322,1032.698081014629,14570089,RELIANCE.NS
2022-02-28,1068.6824951171875,1072.2152872381166,1015.894992677199,1015.894992677199,21297446,RELIANCE.NS
2022-03-02,1086.34619140625,1087.4559017749605,1054.9363443782538,1057.314141139364,21471786,RELIANCE.NS
2022-03-03,1077.1746826171875,1093.7288113845136,1073.4381104672327,1087.002981514595,10186748,RELIANCE.NS
2022-03-04,1053.283447265625,1070.8339584078715,1050.928292256373,1065.7159678106761,10805667,RELIANCE.NS
2022-03-07,1014.3323364257812,1047.1915288477956,1006.3835848910501,1032.0639824642974,17983310,RELIANCE.NS
2022-03-08,1012.4979248046875,1017.2536381523959,987.361002125067,1001.6279025675499,21289374,RELIANCE.NS
2022-03-09,1066.214111328125,1072.0567736389658,1011.8865764630572,1012.724579802494,20414228,RELIANCE.NS
2022-03-10,1083.4927978515625,1089.267532756051,1068.8862634347242,1087.0029472759036,17980493,RELIANCE.NS
2022-03-11,1086.617919921875,1091.9850941858494,1076.1555181267943,1076.1555181267943,12257423,RELIANCE.NS
2022-03-14,1095.5404052734375,1098.0541754406872,1075.2270625884603,1081.0697243173254,8340678,RELIANCE.NS
2022-03-15,1070.4488525390625,1099.6620420875429,1060.2128731362302,1099.6620420875429,15925769,RELIANCE.NS
2022-03-16,1088.5203857421875,1090.581191192119,1076.6312801930274,1078.850581492875,11149828,RELIANCE.NS
2022-03-17,1124.006591796875,1131.1173411560007,1093.8421832317183,1101.8362205198277,21422098,RELIANCE.NS
2022-03-21,1117.5296630859375,1125.0480919172617,1104.6668219311773,1106.9314074851866,11999466,RELIANCE.NS
2022-03-22,1146.4031982421875,1148.124249688356,1111.2794206216663,1114.2232739689239,22557065,RELIANCE.NS
2022-03-23,1150.049072265625,1161.6664689349448,1142.7119015169374,1142.7119015169374,15462187,RELIANCE.NS
2022-03-24,1167.916748046875,1170.4078760728964,1136.8240104486479,1136.8240104486479,13168266,RELIANCE.NS
2022-03-25,1175.70703125,1184.833300668766,1167.169460657995,1169.660588741769,14222488,RELIANCE.NS
2022-03-28,1187.528076171875,1191.0607479382818,1171.4720782015438,1182.115617621465,9891424,RELIANCE.NS
2022-03-29,1187.7999267578125,1194.7974641560254,1180.9382429362058,1194.7974641560254,8684065,RELIANCE.NS
2022-03-30,1210.6270751953125,1217.4434746814534,1185.331593767139,1195.6581430818142,15811550,RELIANCE.NS
2022-03-31,1193.3255615234375,1209.1551399202813,1190.5402036058347,1207.003765404827,13223718,RELIANCE.NS
2022-04-01,1202.8818359375,1207.094014795475,1187.550631017374,1193.8914217623937,7922880,RELIANCE.NS
2022-04-04,1206.4375,1211.555489970758,1196.45070474843,1202.7009276541294,7929162,RELIANCE.NS
2022-04-05,1189.3851318359375,1209.2456310104756,1186.9620503043643,1200.7307025551163,13149870,RELIANCE.NS
2022-04-06,1186.214599609375,1193.2121362457021,1171.7439190700502,1171.7439190700502,12257215,RELIANCE.NS
2022-04-07,1165.2899169921875,1180.3041331292436,1162.6402930619627,1175.3672812713683,15496499,RELIANCE.NS
2022-04-08,1184.6748046875,1188.9096265891387,1159.4698932414146,1159.4698932414146,15152495,RELIANCE.NS
2022-04-11,1182.20654296875,1195.0467435815697,1169.8871144408708,1177.5866823955819,9254209,RELIANCE.NS
2022-04-12,1159.945556640625,1178.7642727503164,1157.3865016457235,1171.6986884850992,13217742,RELIANCE.NS
2022-04-13,1155.68798828125,1174.2349955581562,1152.9025109003892,1166.0371790472568,10354235,RELIANCE.NS
2022-04-18,1152.1551513671875,1159.3792305452218,1142.1683569783831,1147.2410619855225,9974224,RELIANCE.NS
2022-04-19,1196.0655517578125,1208.3849780863475,1155.416224906424,1158.5639783200388,26141820,RELIANCE.NS
2022-04-20,1231.2344970703125,1238.2774374324342,1199.824653071556,1203.4480134153682,25072240,RELIANCE.NS
2022-04-21,1260.06298828125,1263.1880996959114,1237.3717275306717,1245.9319403276972,21708633,RELIANCE.NS
2022-04-22,1249.5098876953125,1269.075915209395,1242.8972695502077,1249.5551722154648,15054154,RELIANCE.NS
2022-04-25,1220.61376953125,1249.3287095526507,1206.414795351199,1242.0821076628993,17063215,RELIANCE.NS
2022-04-26,1257.1416015625,1265.9055943331985,1226.3658564890222,1227.4075203143414,12227666,RELIANCE.NS
2022-04-27,1258.364501953125,1280.8518611647926,1247.8114113086813,1248.1738072854712,19338945,RELIANCE.NS
2022-04-28,1277.16064453125,1291.269050141953,1261.874601680994,1272.6767577965609,25614076,RELIANCE.NS
2022-04-29,1263.754150390625,1293.6014412995023,1257.888846605604,1293.6014412995023,18214862,RELIANCE.NS
2022-05-02,1259.315673828125,1270.6612443033114,1249.1702630612974,1250.9593611931234,9467006,RELIANCE.NS
2022-05-04,1220.00244140625,1263.6411523249315,1212.1443778001394,1261.376566525436,19247660,RELIANCE.NS
2022-05-05,1196.1109619140625,1236.4659436174286,1192.0800401164388,1233.5219702392728,17210669,RELIANCE.NS
2022-05-06,1186.9393310546875,1204.3087009820067,1174.6651887519583,1183.112189870724,19649948,RELIANCE.NS
2022-05-09,1140.583251953125,1176.2732081933118,1135.4652620079833,1166.2410086662385,18083752,RELIANCE.NS
2022-05-10,1120.813232421875,1144.3423749690376,1113.2721615832613,1130.0301899582084,19511677,RELIANCE.NS
2022-05-11,1109.331787109375,1125.4783543216395,1096.9444341111473,1119.9073998813726,16643899,RELIANCE.NS
2022-05-12,1086.7313232421875,1102.787203178042,1073.4155164726255,1099.458311385817,20490321,RELIANCE.NS
2022-05-13,1099.050537109375,1122.3304948076038,1093.9551898739935,1098.7788299822744,19308778,RELIANCE.NS
2022-05-16,1099.3223876953125,1123.6892942266647,1094.54403200538,1102.6059947530612,13437911,RELIANCE.NS
2022-05-17,1145.497314453125,1150.366239393939,1101.496331090796,1102.9003909379085,16551828,RELIANCE.NS
2022-05-18,1149.6640625,1163.998888744779,1136.0312660890313,1150.252881038085,17276788,RELIANCE.NS
2022-05-19,1123.1683349609375,1137.9561265637965,1116.918112875952,1125.0480019185666,14699118,RELIANCE.NS
2022-05-20,1188.660400390625,1197.6961004424857,1133.2006360812218,1137.956229855782,21793091,RELIANCE.NS
2022-05-23,1180.711669921875,1201.8402528023153,1174.416043471332,1191.8533389891315,15252755,RELIANCE.NS
2022-05-24,1184.765380859375,1194.7974606402702,1176.5449216952304,1180.7571013596234,13527818,RELIANCE.NS
2022-05-25,1183.0216064453125,1203.2670225299603,1178.2658929997126,1193.4387237828619,12714544,RELIANCE.NS
2022-05-26,1171.744140625,1193.393619776903,1154.035014512365,1188.6379056119392,17882023,RELIANCE.NS
2022-05-27,1166.3089599609375,1179.9191164627784,1150.4568600156867,1174.4388502012214,16521973,RELIANCE.NS
2022-05-30,1206.9356689453125,1211.1024440039564,1174.959644745959,1184.3802630005096,13853398,RELIANCE.NS
2022-05-31,1192.3743896484375,1213.2765527152142,1184.697464521731,1196.3373846577454,70620653,RELIANCE.NS
2022-06-01,1192.75927734375,1202.587575606305,1184.9237375655662,1193.1215535044294,9776989,RELIANCE.NS
2022-06-02,1233.88427734375,1237.5755649319342,1192.98576447725,1192.98576447725,22126569,RELIANCE.NS
2022-06-03,1258.8853759765625,1276.0283243723425,1241.9009234208313,1242.8068535360608,23939791,RELIANCE.NS
2022-06-06,1253.472900390625,1274.5109147154305,1246.3393903599856,1259.1117816339226,11093152,RELIANCE.NS
2022-06-07,1255.828125,1264.139152836091,1246.4527910651425,1254.5372764842177,12358255,RELIANCE.NS
2022-06-08,1233.7711181640625,1259.564728048269,1230.260968517713,1255.8281557796806,12479250,RELIANCE.NS
2022-06-09,1267.6038818359375,1269.5287134718806,1227.407402469765,1227.407402469765,17278305,RELIANCE.NS
2022-06-10,1229.3326416015625,1263.5958986630922,1223.5579057416696,1255.443365625697,18093057,RELIANCE.NS
2022-06-13,1206.0750732421875,1210.558959942895,1184.9691305419672,1200.2325310142617,17620803,RELIANCE.NS
2022-06-14,1190.3134765625,1210.1286894158018,1183.6782159302647,1200.2551062805883,14714312,RELIANCE.NS
2022-06-15,1175.9107666015625,1194.4804162045639,1170.5210697144335,1185.5352852287417,11195535,RELIANCE.NS
2022-06-16,1159.4697265625,1204.3312302745605,1156.7521762440374,1188.0035257051024,17111475,RELIANCE.NS
2022-06-17,1173.057373046875,1188.8415454022556,1157.7035234680366,1159.4698594973618,24457187,RELIANCE.NS
2022-06-20,1151.7930908203125,1185.3316762636523,1141.8514592915058,1179.8512897369692,12066797,RELIANCE.NS
2022-06-21,1170.3851318359375,1174.597191210546,1145.1122963870148,1159.4697654774316,11720049,RELIANCE.NS
2022-06-22,1134.8311767578125,1158.6999555030718,1132.7477291666964,1158.6093864513275,10617206,RELIANCE.NS
2022-06-23,1116.4200439453125,1143.6178348788872,1107.3843432520748,1139.111305663959,19446323,RELIANCE.NS
2022-06-24,1132.3173828125,1137.2767565696067,1117.8012981016543,1123.2363989208543,14240234,RELIANCE.NS
2022-06-27,1128.9658203125,1152.6534598644344,1123.9383995696694,1152.6534598644344,15474529,RELIANCE.NS
2022-06-28,1144.840576171875,1147.67133814574,1124.187598454475,1124.187598454475,13572847,RELIANCE.NS
2022-06-29,1168.59619140625,1176.2279518820312,1132.7477384681235,1135.555858296585,19205146,RELIANCE.NS
2022-06-30,1175.6163330078125,1184.7878859438251,1162.1873163749465,1168.5281075997498,23112959,RELIANCE.NS
2022-07-01,1090.9432373046875,1173.9630584583938,1071.1507876954663,1166.218207707014,81997149,RELIANCE.NS
2022-07-04,1093.2080078125,1106.025565464495,1071.6490989100685,1077.4691189892487,41857728,RELIANCE.NS
2022-07-05,1102.0626220703125,1116.3974516386227,1094.7479726674217,1097.4202390673574,17647327,RELIANCE.NS
2022-07-06,1092.3701171875,1106.0029160314311,1081.568080443144,1096.1066896148457,23943726,RELIANCE.NS
2022-07-07,1081.61328125,1102.0624779330788,1075.6800503518655,1098.7335863010783,23301033,RELIANCE.NS
2022-07-08,1083.1080322265625,1095.155633472675,1079.0996326989614,1095.155633472675,19010108,RELIANCE.NS
2022-07-11,1097.82763671875,1100.046817658232,1073.4153285810387,1076.359301395055,13847467,RELIANCE.NS
2022-07-12,1096.2650146484375,1104.9837222205626,1088.8145132177926,1088.8145132177926,10778989,RELIANCE.NS
2022-07-13,1076.8348388671875,1102.402142980226,1074.7741536418605,1099.3676009909502,14224132,RELIANCE.NS
2022-07-14,1085.712158203125,1102.3796184650857,1076.5632467388843,1081.5680252499114,16970315,RELIANCE.NS
2022-07-15,1087.818359375,1093.7968755659167,1079.348834704648,1093.7968755659167,9603210,RELIANCE.NS
2022-07-18,1097.0804443359375,1098.3258884954794,1083.5154537448523,1096.5142680086967,15160908,RELIANCE.NS
2022-07-19,1103.8065185546875,1108.2904060429255,1087.139055303216,1087.139055303216,16439888,RELIANCE.NS
2022-07-20,1133.653564453125,1151.5438277746334,1126.0672081991272,1150.4115948025603,23924246,RELIANCE.NS
2022-07-21,1126.08984375,1132.2949020971544,1117.484465892399,1129.577351299841,16523230,RELIANCE.NS
2022-07-22,1133.698974609375,1139.6774905895736,1130.0303289124045,1132.29491466853,10969995,RELIANCE.NS
2022-07-25,1096.242431640625,1117.5522733397709,1088.361726850526,1117.5522733397709,23110452,RELIANCE.NS
2022-07-26,1096.74072265625,1106.886133119494,1092.143624721455,1096.5595845623452,11303288,RELIANCE.NS
2022-07-27,1095.6990966796875,1099.2317688342157,1087.908840568981,1096.0387306174957,8655086,RELIANCE.NS
2022-07-28,1112.86474609375,1117.7788361232904,1096.5143960795697,1103.3081533989875,12496073,RELIANCE.NS
2022-07-29,1136.5748291015625,1140.0396942059215,1115.989778235377,1120.8359411287292,15130683,RELIANCE.NS
2022-08-01,1166.1956787109375,1172.038340631328,1135.7369249153332,1140.9681259695833,15700044,RELIANCE.NS
2022-08-02,1170.63427734375,1181.1193216829413,1160.1718752661886,1165.1313691654111,13917913,RELIANCE.NS
2022-08-03,1180.4627685546875,1182.1158935235603,1162.8443307296793,1177.5867216579754,14250977,RELIANCE.NS
2022-08-04,1164.859619140625,1185.6259288355277,1148.1469933470867,1182.1157790494954,14467127,RELIANCE.NS
2022-08-05,1147.694091796875,1167.9847952886944,1144.5010533182249,1166.7167086831898,13942438,RELIANCE.NS
2022-08-08,1162.7081298828125,1170.1359894573532,1146.3351396535795,1146.3351396535795,10165178,RELIANCE.NS
2022-08-10,1169.6605224609375,1173.0120563323646,1158.1336946618562,1167.1241099957583,10724688,RELIANCE.NS
2022-08-11,1173.5556640625,1182.0704726435374,1168.618812190309,1178.990645714219,8198226,RELIANCE.NS
2022-08-12,1192.5328369140625,1196.3146936661199,1169.5247047340195,1173.193230375856,12650587,RELIANCE.NS
2022-08-16,1200.8211669921875,1203.5387175050762,1189.9512045412775,1198.511296976361,6607378,RELIANCE.NS
2022-08-17,1207.09423828125,1212.4160085847718,1202.746205068067,1207.0263114935751,6595965,RELIANCE.NS
2022-08-18,1209.2833251953125,1212.7820913718717,1199.6955520359063,1208.6925853891362,7410035,RELIANCE.NS
2022-08-19,1187.72216796875,1209.464997552082,1183.6779742626552,1204.148579928399,9460724,RELIANCE.NS
2022-08-22,1184.4276123046875,1195.6511862435966,1175.0671220726035,1189.1534098834666,9471680,RELIANCE.NS
2022-08-23,1202.694580078125,1205.6027266806439,1177.4982950302235,1178.7024907985585,9678484,RELIANCE.NS
2022-08-24,1199.490966796875,1213.2365143204822,1197.4917062121833,1199.6500999587201,10369622,RELIANCE.NS
2022-08-25,1195.9920654296875,1210.010084840808,1191.6979945608696,1203.6713213411974,7871946,RELIANCE.NS
2022-08-26,1189.6077880859375,1204.1485194816453,1184.6095168359632,1196.4237108559755,10742038,RELIANCE.NS
2022-08-29,1180.3609619140625,1206.4205794013706,1171.4547933496005,1174.6128173581192,19838975,RELIANCE.NS
2022-08-30,1198.673095703125,1201.9902529871206,1170.795945790086,1187.790382333822,23139054,RELIANCE.NS
2022-09-01,1163.4346923828125,1183.6780172121637,1159.0270403092493,1173.5450568236956,19909939,RELIANCE.NS
2022-09-02,1149.84814453125,1170.2277638288456,1147.6670348863252,1163.4345573963137,12999345,RELIANCE.NS
2022-09-05,1167.7060546875,1173.0224725362493,1150.0754462865928,1150.0754462865928,11327815,RELIANCE.NS
2022-09-06,1179.9974365234375,1184.1552111927028,1168.7057123414318,1169.1601553219334,10899618,RELIANCE.NS
2022-09-07,1173.135986328125,1179.1112920563703,1167.7968526449285,1170.0688269822717,7488501,RELIANCE.NS
2022-09-08,1174.79443359375,1180.5198614611618,1168.2512248209334,1176.0894937430355,7057077,RELIANCE.NS
2022-09-09,1167.478759765625,1185.972579330713,1165.0703685493695,1185.972579330713,8314850,RELIANCE.NS
2022-09-12,1180.5426025390625,1186.8814864106484,1168.04668408102,1168.04668408102,7435419,RELIANCE.NS
2022-09-13,1190.403076171875,1194.9243089400052,1181.8832020191865,1189.607891122723,8888657,RELIANCE.NS
2022-09-14,1176.135009765625,1185.9726599528265,1169.046493026583,1170.0688394223355,8678219,RELIANCE.NS
2022-09-15,1164.479736328125,1183.0417041001508,1161.7760353689525,1173.7039298739198,10365600,RELIANCE.NS
2022-09-16,1135.625732421875,1160.0722649582217,1131.899684568862,1155.8690579820689,20217708,RELIANCE.NS
2022-09-19,1137.1024169921875,1146.3038949822844,1127.5146444730447,1135.6256276709717,7580254,RELIANCE.NS
2022-09-20,1137.2841796875,1153.119972213298,1133.5808482063046,1146.1903481529216,8411448,RELIANCE.NS
2022-09-21,1140.419677734375,1150.9843653188254,1133.7173348356014,1134.5125199123227,9207309,RELIANCE.NS
2022-09-22,1129.6729736328125,1137.352229588345,1123.3114939606403,1129.6275413603653,10308170,RELIANCE.NS
2022-09-23,1108.4981689453125,1134.1487732337614,1106.9532313002373,1129.1732182552973,9528051,RELIANCE.NS
2022-09-26,1080.257568359375,1098.6379294477279,1079.257938059937,1087.845960638479,12479523,RELIANCE.NS
2022-09-27,1088.8455810546875,1102.3638454814661,1072.4191704410875,1087.8231145473603,16154822,RELIANCE.NS
2022-09-28,1059.855224609375,1080.5529923156532,1057.4242371952328,1072.5328732525227,16997059,RELIANCE.NS
2022-09-29,1056.6063232421875,1075.7817488504493,1051.0171916607421,1072.3738473223364,14671827,RELIANCE.NS
2022-09-30,1080.4393310546875,1091.458340177691,1050.108360317172,1050.108360317172,18613024,RELIANCE.NS
2022-10-03,1076.690673828125,1098.2516553264609,1073.7370949613044,1086.687337582096,11852723,RELIANCE.NS
2022-10-04,1096.547607421875,1098.7287171700252,1086.0737854797874,1089.5499554327275,8948850,RELIANCE.NS
2022-10-06,1100.591796875,1113.269446039468,1098.7969814617613,1103.7272251000825,13352162,RELIANCE.NS
2022-10-07,1105.249267578125,1110.49753632006,1097.2064333500286,1097.2064333500286,7714340,RELIANCE.NS
2022-10-10,1093.18505859375,1098.5469079284153,1085.096792225,1092.821480233315,6329527,RELIANCE.NS
2022-10-11,1071.4195556640625,1096.911150105876,1068.329679997323,1096.911150105876,9215177,RELIANCE.NS
2022-10-12,1079.3033447265625,1082.2342073300697,1064.6944639855953,1068.7386577474495,7417103,RELIANCE.NS
2022-10-13,1082.7340087890625,1087.8231445652352,1072.419200033899,1077.5538882747444,7328492,RELIANCE.NS
2022-10-14,1077.23583984375,1097.9790399185752,1076.5088032110611,1097.3655839798673,9106089,RELIANCE.NS
2022-10-17,1094.5255126953125,1096.911067683068,1064.9216983657,1070.1018190034106,16729355,RELIANCE.NS
2022-10-18,1113.8372802734375,1119.1764135169963,1099.7055601937943,1100.5461774083603,12415820,RELIANCE.NS
2022-10-19,1133.21728515625,1148.6440655761994,1109.4977929604431,1115.314085328947,19247142,RELIANCE.NS
2022-10-20,1136.261962890625,1144.6228248019718,1129.1734452455337,1129.1734452455337,8717053,RELIANCE.NS
2022-10-21,1123.0843505859375,1143.6231056125362,1120.9942254138175,1139.4880471639096,8243452,RELIANCE.NS
2022-10-24,1126.8331298828125,1137.1252236758137,1115.6778227953112,1117.8133802746593,3370033,RELIANCE.NS
2022-10-25,1109.4296875,1135.5347355693707,1107.8166013928017,1135.5347355693707,12233241,RELIANCE.NS
2022-10-27,1113.7919921875,1121.6530982836084,1105.453847178534,1116.904583955269,12513059,RELIANCE.NS
2022-10-28,1147.87158203125,1151.8929390234955,1117.5633290375395,1120.085180684718,17609592,RELIANCE.NS
2022-10-31,1158.5272216796875,1163.6846262416873,1150.62068370947,1154.6194450652783,12419943,RELIANCE.NS
2022-11-01,1149.552978515625,1181.428769564145,1139.6244632866772,1181.428769564145,13963166,RELIANCE.NS
2022-11-02,1156.7322998046875,1158.7998289194838,1142.8051438822936,1150.666129478395,8981896,RELIANCE.NS
2022-11-03,1161.0491943359375,1163.0485752218901,1147.3719146666933,1149.5530246719463,6693449,RELIANCE.NS
2022-11-04,1178.1343994140625,1181.428720196316,1159.2088516372303,1160.4810755593053,12575815,RELIANCE.NS
2022-11-07,1184.4276123046875,1186.1089669253427,1169.6144081491448,1177.3390962233107,11789748,RELIANCE.NS
2022-11-09,1183.2464599609375,1191.4028762322173,1176.9075752515669,1186.109174333478,11254205,RELIANCE.NS
2022-11-10,1168.9329833984375,1179.8611290593667,1164.616195791804,1176.8848340514855,5966242,RELIANCE.NS
2022-11-11,1195.878662109375,1197.787058206641,1175.9760787775724,1181.428793587036,12310132,RELIANCE.NS
2022-11-14,1190.0850830078125,1200.5134736804264,1183.7689145270133,1195.4015009715274,9043112,RELIANCE.NS
2022-11-15,1184.745849609375,1193.4247362453084,1176.8847439241665,1191.5617725862496,7086433,RELIANCE.NS
2022-11-16,1177.9527587890625,1188.6764594316192,1172.954366703904,1185.9727580356148,9716161,RELIANCE.NS
2022-11-17,1180.9971923828125,1187.3359568517499,1172.3409009131724,1174.5901593039591,6661451,RELIANCE.NS
2022-11-18,1180.3609619140625,1185.518366679259,1168.2967693410817,1184.495900066872,5303197,RELIANCE.NS
2022-11-21,1159.1180419921875,1175.9760614312995,1155.5737233322704,1175.9760614312995,6390268,RELIANCE.NS
2022-11-22,1165.547607421875,1167.1152613187112,1152.5746494360667,1156.4369938334312,6611488,RELIANCE.NS
2022-11-23,1161.9124755859375,1171.3866679891707,1159.7313656787815,1170.0688915510787,6413408,RELIANCE.NS
2022-11-24,1171.931884765625,1178.702375351731,1157.8910283853108,1165.9792953074673,9389439,RELIANCE.NS
2022-11-25,1189.426025390625,1192.7430620390162,1173.294924490057,1176.4303522401324,7349922,RELIANCE.NS
2022-11-28,1230.299072265625,1236.4333911015242,1136.8980043426527,1185.472920181286,31527484,RELIANCE.NS
2022-11-29,1232.411865234375,1241.2498849313702,1224.141869160624,1228.6631016268889,11058913,RELIANCE.NS
2022-11-30,1241.113525390625,1247.5205575011094,1226.0503233100228,1232.548219965042,26164986,RELIANCE.NS
2022-12-01,1237.455810546875,1251.8601266305577,1234.1387734132652,1245.862104269674,9485801,RELIANCE.NS
2022-12-02,1236.9332275390625,1248.6793948058917,1227.1410088571656,1240.50026242272,11589592,RELIANCE.NS
2022-12-05,1218.8936767578125,1234.4794719283639,1216.871700030192,1232.3210781772725,14828536,RELIANCE.NS
2022-12-06,1222.415283203125,1225.5051588426245,1209.146894711336,1211.0099786652759,8594245,RELIANCE.NS
2022-12-07,1204.3758544921875,1224.5964643493226,1200.5816581384124,1220.052515180835,8462111,RELIANCE.NS
2022-12-08,1203.8077392578125,1210.9645247591304,1199.6500849785011,1208.6925503476532,7757008,RELIANCE.NS
2022-12-09,1185.5638427734375,1208.6925984914808,1182.2694016212881,1202.3309977712286,12655763,RELIANCE.NS
2022-12-12,1187.38134765625,1191.8798642806923,1174.6128344148897,1174.8401159938364,9479842,RELIANCE.NS
2022-12-13,1192.78857421875,1196.4236366510218,1184.473026360029,1187.3811724588006,8333348,RELIANCE.NS
2022-12-14,1188.4720458984375,1199.1275984061572,1186.4272326920325,1198.5368585654778,7268947,RELIANCE.NS
2022-12-15,1171.591064453125,1188.244637773301,1168.2513114103942,1182.564761948623,8688551,RELIANCE.NS
2022-12-16,1165.7974853515625,1189.9714223850988,1162.412300039899,1168.2513090093973,15837349,RELIANCE.NS
2022-12-19,1181.110595703125,1183.246273075343,1166.2972711057284,1172.7951677670053,7729933,RELIANCE.NS
2022-12-20,1191.334716796875,1193.2431129001116,1165.9794185762812,1174.1131186326063,7467588,RELIANCE.NS
2022-12-21,1174.3856201171875,1196.4237592798247,1170.5687080191292,1190.9710448813423,8527550,RELIANCE.NS
2022-12-22,1171.3411865234375,1183.541675654874,1166.3200787009303,1180.5199485444361,7451122,RELIANCE.NS
2022-12-23,1136.9888916015625,1177.112082738486,1132.4676588679463,1164.7524600759673,10257115,RELIANCE.NS
2022-12-26,1146.9173583984375,1155.0737739248264,1132.5357596211306,1142.6915558359974,5990242,RELIANCE.NS
2022-12-27,1156.3006591796875,1158.1636228081527,1142.9186909584178,1149.6210331376262,5763271,RELIANCE.NS
2022-12-28,1156.187255859375,1158.618243480646,1145.7588646322624,1153.2563929529824,7459393,RELIANCE.NS
2022-12-29,1155.66455078125,1158.209118855438,1147.5762834083114,1148.2578877514563,6930648,RELIANCE.NS
2022-12-30,1157.436767578125,1170.977750881057,1154.6650378382933,1156.4825694772394,7289476,RELIANCE.NS
2023-01-02,1170.4779052734375,1171.8865462707408,1157.8911210447166,1158.7090222381169,5316175,RELIANCE.NS
2023-01-03,1161.9124755859375,1169.160125804233,1157.7093889350726,1165.5476587645308,7658932,RELIANCE.NS
2023-01-04,1144.418212890625,1163.7300547153022,1142.3506838068283,1161.8896870062515,9264891,RELIANCE.NS
2023-01-05,1142.3734130859375,1152.5292093307505,1137.8067482537933,1146.6674842652508,13637099,RELIANCE.NS
2023-01-06,1152.7564697265625,1157.777577935928,1144.3047436595773,1148.0989399434065,6349597,RELIANCE.NS
2023-01-09,1179.9747314453125,1182.3376907366148,1155.6873320113693,1156.57338165,10722753,RELIANCE.NS
2023-01-10,1162.52587890625,1184.155127696438,1156.891435377878,1184.155127696438,8047142,RELIANCE.NS
2023-01-11,1147.87158203125,1162.344044167369,1145.5767715508584,1159.8449086559888,11509553,RELIANCE.NS
2023-01-12,1123.0843505859375,1150.7570549852321,1120.0853394706564,1147.2810049505638,17688773,RELIANCE.NS
2023-01-13,1121.2667236328125,1123.6749947373953,1106.2716693328798,1117.0862332620186,20618583,RELIANCE.NS
2023-01-16,1110.588623046875,1126.7423229514006,1102.8183808956273,1123.5842986583098,13623855,RELIANCE.NS
2023-01-17,1126.3560791015625,1128.2644751675343,1113.5421334042796,1116.9046027544262,10751000,RELIANCE.NS
2023-01-18,1124.492919921875,1131.9450149571076,1117.9724269094495,1123.947732620178,13448286,RELIANCE.NS
2023-01-19,1123.288818359375,1127.4237562572607,1116.2910462380278,1123.674992689111,11940054,RELIANCE.NS
2023-01-20,1109.9295654296875,1124.6291897175156,1107.4758620574123,1124.6291897175156,14930286,RELIANCE.NS
2023-01-23,1104.31787109375,1120.630703944606,1101.9095996617807,1112.8151498129876,10954118,RELIANCE.NS
2023-01-24,1097.7972412109375,1110.3839043654414,1084.8014472016187,1108.7253859560433,16488755,RELIANCE.NS
2023-01-25,1082.620361328125,1097.2292417944516,1081.4617181061994,1096.2068953996695,12385018,RELIANCE.NS
2023-01-27,1062.081787109375,1084.8015319770323,1050.403768536496,1083.4611595770739,25830975,RELIANCE.NS
2023-01-30,1072.26025390625,1077.781116815708,1045.564464693845,1059.5144571522903,21772103,RELIANCE.NS
2023-01-31,1069.5792236328125,1084.9378563899695,1063.7402148448057,1082.370452122445,22691594,RELIANCE.NS
2023-02-01,1063.240478515625,1081.438989315294,1047.3819702702858,1081.438989315294,19347800,RELIANCE.NS
2023-02-02,1057.35595703125,1066.920892525141,1050.1083077780725,1053.2890475640809,13662663,RELIANCE.NS
2023-02-03,1058.2874755859375,1067.3753725425988,1041.929212987467,1067.3753725425988,24699575,RELIANCE.NS
2023-02-06,1050.3128662109375,1054.6523697762398,1047.7455820077842,1051.9259524136774,14837879,RELIANCE.NS
2023-02-07,1047.7908935546875,1057.5603943899198,1041.9291690153093,1050.5627428744976,15135435,RELIANCE.NS
2023-02-08,1068.7159423828125,1072.3284093286718,1048.290888887822,1051.017186057536,21160332,RELIANCE.NS
2023-02-09,1070.5789794921875,1077.3040386110727,1060.559599329042,1069.3976200283605,13172763,RELIANCE.NS
2023-02-10,1061.763671875,1070.0563840638993,1054.7886158361225,1070.0563840638993,10790445,RELIANCE.NS
2023-02-13,1055.7203369140625,1067.8299624778901,1051.2672523692866,1063.3768779331142,10352493,RELIANCE.NS
2023-02-14,1080.598388671875,1082.3250555378218,1055.8565481440585,1058.7192622894795,14321920,RELIANCE.NS
2023-02-15,1105.0675048828125,1107.4531801088635,1078.2809718116707,1079.6440602664363,33503591,RELIANCE.NS
2023-02-16,1104.2042236328125,1119.5401413378127,1101.9322491792432,1113.019527781497,17264487,RELIANCE.NS
2023-02-17,1108.81640625,1112.1335637259278,1095.3662876043543,1099.6376431744663,11809520,RELIANCE.NS
2023-02-20,1097.093017578125,1113.1558521216361,1095.1390690194628,1110.9974583087273,8836937,RELIANCE.NS
2023-02-21,1106.0445556640625,1111.8152960708703,1096.161352929149,1101.4551746278107,13311592,RELIANCE.NS
2023-02-22,1080.9617919921875,1104.181409716533,1079.2124090771258,1102.34116225432,11024335,RELIANCE.NS
2023-02-23,1075.7818603515625,1088.1642003254076,1072.9874144624137,1080.5530912531344,9851910,RELIANCE.NS
2023-02-24,1083.14306640625,1088.8003468562933,1076.009116649248,1077.8266482510571,9434053,RELIANCE.NS
2023-02-27,1075.940673828125,1085.846592046861,1068.6022799971277,1082.370422196558,11199715,RELIANCE.NS
2023-02-28,1055.356689453125,1075.55458156191,1051.3126158801917,1070.6016220746747,21994038,RELIANCE.NS
2023-03-01,1065.057861328125,1065.7848978208335,1055.6745353261815,1065.1032935969702,11551145,RELIANCE.NS
2023-03-02,1056.9471435546875,1068.57973034707,1054.925046511839,1061.9228195758383,9333535,RELIANCE.NS
2023-03-03,1083.9154052734375,1087.5733043694927,1063.9902277008234,1067.443561368033,14643807,RELIANCE.NS
2023-03-06,1094.5029296875,1101.7278641326047,1090.5497203643376,1090.5497203643376,10171916,RELIANCE.NS
2023-03-08,1098.433349609375,1099.1831022898903,1083.7336057675889,1094.5027369272827,15782657,RELIANCE.NS
2023-03-09,1072.032958984375,1098.2288726400263,1070.147279158801,1097.8199821583767,16235128,RELIANCE.NS
2023-03-10,1055.4248046875,1065.1034417835135,1051.9486346812796,1063.967514713159,13334091,RELIANCE.NS
2023-03-13,1038.06689453125,1065.1034247048499,1033.750107312473,1058.287501818403,12771592,RELIANCE.NS
2023-03-14,1034.1820068359375,1047.3594118740934,1031.046698611293,1036.0222546404123,16027522,RELIANCE.NS
2023-03-15,1016.5057373046875,1044.3374508988734,1012.1208019221261,1037.8851067638673,21728555,RELIANCE.NS
2023-03-16,1011.4393310546875,1024.207844384365,1000.6701985245505,1019.2095726723305,18363159,RELIANCE.NS
2023-03-17,1010.1670532226562,1023.2763079373278,1005.4413153341551,1020.0047033408911,34014213,RELIANCE.NS
2023-03-20,1000.2384643554688,1008.7583980790381,990.5825434751304,1006.4864237654998,19524589,RELIANCE.NS
2023-03-21,1031.3419189453125,1033.295867476511,1007.3952622768678,1008.2813118906954,21400360,RELIANCE.NS
2023-03-22,1034.4771728515625,1041.2249475152355,1031.47816188993,1038.294084967167,10920094,RELIANCE.NS
2023-03-23,1021.390625,1031.4327203269945,1019.2322313496287,1030.569386905087,16249370,RELIANCE.NS
2023-03-24,1001.169921875,1022.3902191400674,998.7616507955307,1020.231825565924,12375945,RELIANCE.NS
2023-03-27,1016.7330322265625,1024.2078438429432,999.7614322476102,1007.6224783212151,14054323,RELIANCE.NS
2023-03-28,1021.4815673828125,1025.3439120336418,1016.4831753805086,1020.1183586375283,12576424,RELIANCE.NS
2023-03-29,1015.4380493164062,1020.0274303318191,1004.7142894261991,1017.3918775634875,18804065,RELIANCE.NS
2023-03-31,1059.218994140625,1064.8535577563764,1024.5259234682055,1024.6622202928697,28171201,RELIANCE.NS
2023-04-03,1059.4007568359375,1067.3754434349298,1051.9259454677697,1065.5579119993613,10293043,RELIANCE.NS
2023-04-05,1056.856201171875,1066.9210129823457,1048.995215362799,1066.9210129823457,16262928,RELIANCE.NS
2023-04-06,1063.94482421875,1069.647537063385,1053.357419977002,1053.357419977002,18435046,RELIANCE.NS
2023-04-10,1056.40185546875,1068.0117263349803,1054.9023498118622,1067.8299972108045,12961408,RELIANCE.NS
2023-04-11,1061.6273193359375,1063.7402807994256,1056.0383079017138,1060.559540630498,10542367,RELIANCE.NS
2023-04-12,1066.3076171875,1075.9179854968688,1058.7646577412916,1061.6272515959452,18179087,RELIANCE.NS
2023-04-13,1070.3289794921875,1075.0092249147228,1064.1946609026813,1069.1929322468407,12378208,RELIANCE.NS
2023-04-17,1075.759033203125,1101.8867990924884,1067.3981721567704,1101.8867990924884,17929479,RELIANCE.NS
2023-04-18,1063.4449462890625,1080.0985197030036,1056.9243329412964,1080.0985197030036,10405576,RELIANCE.NS
2023-04-19,1068.7386474609375,1071.4195123263064,1059.741614492453,1062.8542061722762,12273475,RELIANCE.NS
2023-04-20,1066.034912109375,1071.9193532094926,1059.6961482625013,1069.692811176778,7007330,RELIANCE.NS
2023-04-21,1067.3753662109375,1072.828080314349,1061.6499382780762,1068.1251189073266,7647317,RELIANCE.NS
2023-04-24,1071.465087890625,1081.8706418346944,1066.9210188410907,1079.1897769115358,12936186,RELIANCE.NS
2023-04-25,1079.666748046875,1081.7342770992536,1068.0569991057368,1075.1000833366595,9236126,RELIANCE.NS
2023-04-26,1073.328125,1084.2336751201349,1069.6702254865136,1081.0073822687018,8617834,RELIANCE.NS
2023-04-27,1080.1212158203125,1083.2792397187284,1074.191342363561,1079.189733985385,9167125,RELIANCE.NS
2023-04-28,1099.8646240234375,1101.409681900637,1082.2568535921685,1082.3704342762564,15565210,RELIANCE.NS
2023-05-02,1109.20263671875,1111.361030519598,1103.3181951274973,1106.9988106394346,12981805,RELIANCE.NS
2023-05-03,1099.6829833984375,1110.9974233118683,1096.4795270846325,1110.9974233118683,7061872,RELIANCE.NS
2023-05-04,1112.360595703125,1114.564421653396,1097.1838117593734,1100.1601065895743,8635233,RELIANCE.NS
2023-05-05,1109.520751953125,1118.4269215440174,1106.9080351573514,1109.180009837198,8746585,RELIANCE.NS
2023-05-08,1123.220703125,1128.5598368262858,1110.6112034431017,1113.269352129285,9153782,RELIANCE.NS
2023-05-09,1126.6968994140625,1129.9913407668835,1119.2902356444074,1124.6293700397016,6464721,RELIANCE.NS
2023-05-10,1134.4443359375,1135.9211253467272,1127.446563252221,1131.4453248412979,10872255,RELIANCE.NS
2023-05-11,1127.0377197265625,1140.3059886325332,1125.3336486663607,1135.5121619830659,10557860,RELIANCE.NS
2023-05-12,1128.8778076171875,1130.2637323324755,1116.2228762779578,1122.2663301444138,6955341,RELIANCE.NS
2023-05-15,1131.1043701171875,1138.056589765274,1123.7885720856236,1131.3998000896127,6833343,RELIANCE.NS
2023-05-16,1114.9962158203125,1135.8074445597895,1113.3375770795326,1133.2628763872494,8717229,RELIANCE.NS
2023-05-17,1108.4073486328125,1120.0852459817609,1103.7271032383842,1119.1764803056624,8798967,RELIANCE.NS
2023-05-18,1106.0218505859375,1116.4502407386783,1102.8864225456616,1113.0649351771951,10525531,RELIANCE.NS
2023-05-19,1109.6114501953125,1111.4291017814717,1099.1149119209986,1106.0218196807168,8050447,RELIANCE.NS
2023-05-22,1115.5413818359375,1120.5397737195674,1105.2494084549478,1106.4534840047638,7434906,RELIANCE.NS
2023-05-23,1115.3369140625,1121.4485168171577,1113.9282731003457,1118.1087637100431,6092034,RELIANCE.NS
2023-05-24,1108.8389892578125,1119.630957590089,1105.749113749558,1111.4063935962217,8112254,RELIANCE.NS
2023-05-25,1108.70263671875,1112.8149786046417,1097.842640709934,1105.9536236071287,11487863,RELIANCE.NS
2023-05-26,1138.94287109375,1140.0787982471202,1113.6102893364032,1116.904610291511,12626260,RELIANCE.NS
2023-05-29,1145.3497314453125,1149.6210865747194,1139.2608448772517,1145.5314605509366,10010304,RELIANCE.NS
2023-05-30,1145.0543212890625,1153.1198717474913,1142.50963326853,1145.3496310598186,11342504,RELIANCE.NS
2023-05-31,1122.311767578125,1140.4649655887667,1118.267694287889,1135.9891655098565,27107927,RELIANCE.NS
2023-06-01,1119.2901611328125,1129.1279320638168,1116.9046059479208,1126.969538270473,14592692,RELIANCE.NS
2023-06-02,1115.63232421875,1128.196393125224,1113.723928040502,1122.811826505655,15800644,RELIANCE.NS
2023-06-05,1125.6517333984375,1128.6053121788445,1117.1090229973545,1121.085068396339,10908682,RELIANCE.NS
2023-06-06,1126.6058349609375,1130.4000307352399,1118.7221336360576,1128.4689187387335,7493309,RELIANCE.NS
2023-06-07,1135.1485595703125,1135.989176828128,1123.5386905370437,1130.0820196952836,10312545,RELIANCE.NS
2023-06-08,1135.830078125,1143.6457515710592,1131.899585359948,1138.7155083681228,12071109,RELIANCE.NS
2023-06-09,1127.787353515625,1139.874261684162,1125.9924180855612,1139.1699412328312,5877018,RELIANCE.NS
2023-06-12,1128.7869873046875,1131.0816777652867,1120.0852643496842,1124.8564945620458,6391969,RELIANCE.NS
2023-06-13,1145.4632568359375,1146.6447363478687,1129.7411659431393,1133.7172110839526,11248016,RELIANCE.NS
2023-06-14,1159.549560546875,1160.9809175855808,1143.7138887627082,1145.5314201372407,13277380,RELIANCE.NS
2023-06-15,1159.86767578125,1164.4116242878063,1152.1201510303479,1159.5268135380984,11813494,RELIANCE.NS
2023-06-16,1171.159423828125,1173.4313981302719,1163.3437504987226,1163.3437504987226,24171579,RELIANCE.NS
2023-06-19,1159.5269775390625,1174.1585755296505,1155.369322961202,1174.1585755296505,6798554,RELIANCE.NS
2023-06-20,1161.935302734375,1165.0706109657008,1151.8932058994633,1157.5959188355869,6921096,RELIANCE.NS
2023-06-21,1165.2069091796875,1167.728761153971,1157.800246036839,1161.889751966922,6961603,RELIANCE.NS
2023-06-22,1152.1201171875,1169.2962804989265,1150.5297472760415,1161.4352954861522,7619166,RELIANCE.NS
2023-06-23,1142.691650390625,1151.1660925456156,1141.4420223330224,1149.1212794125972,6628570,RELIANCE.NS
2023-06-26,1133.9671630859375,1142.9869124040958,1130.8545713330911,1139.1700001634836,12641159,RELIANCE.NS
2023-06-27,1134.376220703125,1140.305974461151,1129.9231362063101,1134.4216529822017,9689466,RELIANCE.NS
2023-06-28,1149.3939208984375,1153.1881169201986,1135.0122016455275,1141.896393407388,11354006,RELIANCE.NS
2023-06-30,1158.8226318359375,1161.7307784588775,1151.1888070463274,1157.0732487107562,11151555,RELIANCE.NS
2023-07-03,1188.5628662109375,1191.425580555085,1161.1400387375704,1162.3669506539804,12154387,RELIANCE.NS
2023-07-04,1176.31689453125,1192.7887391966194,1169.2736896643748,1192.7887391966194,8061643,RELIANCE.NS
2023-07-05,1174.3856201171875,1185.5183304828597,1170.432411192628,1185.5183304828597,10248062,RELIANCE.NS
2023-07-06,1199.03662109375,1201.6266214253383,1170.546016490242,1170.546016490242,19117987,RELIANCE.NS
2023-07-07,1196.696533203125,1210.9418359205672,1194.1518448825288,1197.332705283274,13375267,RELIANCE.NS
2023-07-10,1242.7947998046875,1252.3144236363512,1215.508392547687,1221.8244401255106,33240016,RELIANCE.NS
2023-07-11,1256.2677001953125,1258.6759714064597,1243.9536302912918,1250.9058502676546,20069348,RELIANCE.NS
2023-07-12,1257.653564453125,1273.2166423107678,1254.8817149747802,1256.9946762890331,18733835,RELIANCE.NS
2023-07-13,1246.4073486328125,1271.8535100977601,1243.794632147719,1264.992154591986,14682934,RELIANCE.NS
2023-07-14,1245.3621826171875,1254.5409440468316,1238.2735461254954,1249.5879849572364,15124144,RELIANCE.NS
2023-07-17,1270.80859375,1279.146739590943,1239.591568020239,1248.2251438850676,22220040,RELIANCE.NS
2023-07-18,1281.6002197265625,1289.3249082218795,1269.1270172578058,1280.0325658904894,25867313,RELIANCE.NS
2023-07-19,1291.3243408203125,1297.7540895736324,1270.944719940005,1285.9397747939042,39122156,RELIANCE.NS
2023-07-20,1289.7606201171875,1295.2251136644823,1270.1422890108254,1270.1422890108254,38717624,RELIANCE.NS
2023-07-21,1249.834716796875,1287.3235564344566,1242.3763715855305,1284.4190157057792,30249238,RELIANCE.NS
2023-07-24,1224.554931640625,1238.1179088392782,1215.6443158350814,1221.4042392370138,23727866,RELIANCE.NS
2023-07-25,1223.7672119140625,1233.317845084984,1220.9118295647436,1227.8040737638994,12026020,RELIANCE.NS
2023-07-26,1243.65625,1253.8961800235134,1223.3733833366434,1223.3733833366434,12911012,RELIANCE.NS
2023-07-27,1232.087158203125,1249.2931304965796,1226.0072859774648,1247.5209111436616,17226898,RELIANCE.NS
2023-07-28,1244.468505859375,1251.85305275367,1231.0286064735196,1236.6900924258125,20827852,RELIANCE.NS
2023-07-31,1255.00390625,1257.2930680054526,1239.594792375287,1244.4686660676819,8551174,RELIANCE.NS
2023-08-01,1237.25634765625,1259.803857697837,1233.3672005487501,1257.8346449464532,9536632,RELIANCE.NS
2023-08-02,1224.0382080078125,1236.665738028631,1212.838309305523,1235.2872649193357,12748214,RELIANCE.NS
2023-08-03,1218.8934326171875,1231.201012494138,1210.1058926997707,1218.5981228148664,10168350,RELIANCE.NS
2023-08-04,1235.45947265625,1238.6348041373592,1216.776590964359,1230.1672134573323,22885610,RELIANCE.NS
2023-08-07,1242.49951171875,1244.7393951840495,1233.2195480808575,1241.0963994857652,5982870,RELIANCE.NS
2023-08-08,1235.016357421875,1247.7178038434138,1230.536470478926,1244.5424722858313,9844072,RELIANCE.NS
2023-08-09,1243.1639404296875,1245.034716513302,1221.453442754676,1233.1456430382627,11486586,RELIANCE.NS
2023-08-10,1248.702392578125,1255.3731247892663,1234.9179033647526,1243.0409059369185,15470598,RELIANCE.NS
2023-08-11,1253.969970703125,1259.7300139419374,1236.837916549459,1246.733138146324,22179330,RELIANCE.NS
2023-08-14,1268.788330078125,1271.274485095857,1243.065489745762,1249.9577340453427,9575812,RELIANCE.NS
2023-08-16,1267.7545166015625,1271.5207081344915,1255.8654425931288,1255.8654425931288,10203112,RELIANCE.NS
2023-08-17,1249.465576171875,1269.2069834305885,1246.9302626576266,1263.7916479940673,13673744,RELIANCE.NS
2023-08-18,1258.7208251953125,1268.960755625946,1234.9671961841154,1246.142454602955,18639978,RELIANCE.NS
2023-08-21,1244.986328125,1262.5000997685252,1242.8371963360953,1254.8424457661688,9221746,RELIANCE.NS
2023-08-22,1244.68994140625,1253.8544488619668,1234.6115281978846,1243.4548358358238,7713044,RELIANCE.NS
2023-08-23,1246.0732421875,1256.2752862282496,1243.4795205761563,1247.061326610869,9517952,RELIANCE.NS
2023-08-24,1225.1258544921875,1254.8177179260883,1220.7782590700385,1254.8177179260883,14140020,RELIANCE.NS
2023-08-25,1219.4691162109375,1237.5757146480018,1206.747529523438,1213.3676467766436,22222400,RELIANCE.NS
2023-08-28,1207.315673828125,1227.2008731617648,1201.0660879981488,1221.272366528133,12580826,RELIANCE.NS
2023-08-29,1195.755126953125,1212.107851949824,1189.7277154191993,1211.4162410930335,16876644,RELIANCE.NS
2023-08-30,1194.6187744140625,1206.9451032694478,1193.1119215700844,1201.5106390304122,12168946,RELIANCE.NS
2023-08-31,1189.1595458984375,1198.0523052778192,1185.6517981191516,1197.0642209023324,21638600,RELIANCE.NS
2023-09-01,1191.950927734375,1198.3734766692594,1186.5164632510111,1188.9373425267036,18112842,RELIANCE.NS
2023-09-04,1190.987548828125,1197.3853714174265,1188.3197691016735,1191.950907028467,9347626,RELIANCE.NS
2023-09-05,1197.36083984375,1202.4741047382813,1191.852196412095,1195.5822395056102,8675876,RELIANCE.NS
2023-09-06,1199.8802490234375,1203.5608392350891,1194.2234900414205,1196.1256007292052,8200370,RELIANCE.NS
2023-09-07,1201.5106201171875,1204.5983838407617,1191.1357340059783,1196.421961377583,13652572,RELIANCE.NS
2023-09-08,1209.51416015625,1213.3677136631895,1197.039593881822,1205.463038004146,23109288,RELIANCE.NS
2023-09-11,1222.556884765625,1223.668479723262,1211.391482722607,1211.391482722607,13271074,RELIANCE.NS
2023-09-12,1204.8948974609375,1226.7068128830886,1203.462102676104,1226.7068128830886,16255666,RELIANCE.NS
2023-09-13,1210.9222412109375,1216.653058753229,1198.6699696902265,1205.4630504045967,12803338,RELIANCE.NS
2023-09-14,1212.033935546875,1218.2094639750317,1207.9333605474212,1215.343994661209,9209636,RELIANCE.NS
2023-09-15,1214.28173828125,1219.2962186489121,1210.156437431325,1219.2962186489121,25468592,RELIANCE.NS
2023-09-18,1203.7091064453125,1210.8974446523887,1201.5353689892672,1205.4877066299114,7516300,RELIANCE.NS
2023-09-20,1176.8826904296875,1199.3370070481767,1163.4694916701224,1197.089090701199,57081884,RELIANCE.NS
2023-09-21,1168.31103515625,1180.8103271156433,1165.9396084396587,1173.3255153106452,12226182,RELIANCE.NS
2023-09-22,1163.4447021484375,1177.0308632017375,1160.9992172819989,1173.8443150051187,19176786,RELIANCE.NS
2023-09-25,1156.2811279296875,1166.2854832156668,1153.638074334712,1161.1968240581607,14254884,RELIANCE.NS
2023-09-26,1157.2939453125,1161.0980464311394,1153.8851021083722,1155.342502590839,10087782,RELIANCE.NS
2023-09-27,1170.336669921875,1171.769464855697,1155.3178333556975,1157.7880446735417,11722778,RELIANCE.NS
2023-09-28,1153.1439208984375,1177.3025356797164,1148.648088734931,1177.3025356797164,14518346,RELIANCE.NS
2023-09-29,1158.5289306640625,1170.4353956391562,1153.1439190620806,1156.9480197858836,12342014,RELIANCE.NS
2023-10-03,1145.2637939453125,1153.8849261975774,1144.201651539282,1151.0935156022144,8859056,RELIANCE.NS
2023-10-04,1143.287841796875,1145.683994991749,1133.8764332853668,1140.743572417399,10286386,RELIANCE.NS
2023-10-05,1143.26318359375,1150.8219332922222,1140.743519950406,1145.8074528562056,10953682,RELIANCE.NS
2023-10-06,1145.18994140625,1148.5494528467332,1142.2504141267464,1144.7206253894863,5431026,RELIANCE.NS
2023-10-09,1135.4326171875,1142.200971985465,1133.8269798521974,1140.2989816654238,7576878,RELIANCE.NS
2023-10-10,1140.447021484375,1145.1404226117538,1138.1497733893898,1139.5331157395624,10236032,RELIANCE.NS
2023-10-11,1158.5535888671875,1160.850836659799,1142.7195135510772,1143.4358505583396,9814118,RELIANCE.NS
2023-10-12,1160.70263671875,1165.618452848462,1155.1446622546925,1157.9607991424273,12554450,RELIANCE.NS
2023-10-13,1160.6534423828125,1164.7045645712087,1150.6984190160554,1156.058825491677,10150316,RELIANCE.NS
2023-10-16,1158.0596923828125,1163.2471357038708,1154.0826283801794,1158.5290083696577,5929036,RELIANCE.NS
2023-10-17,1163.593017578125,1165.7914814830851,1156.7011522648252,1163.963549268257,7928180,RELIANCE.NS
2023-10-18,1148.1541748046875,1169.3979912920374,1146.6720480730119,1163.5929949263082,8918320,RELIANCE.NS
2023-10-19,1139.33544921875,1147.0672825471008,1136.7911799610206,1142.2256445327594,12032556,RELIANCE.NS
2023-10-20,1135.8524169921875,1143.559402581249,1134.4690747739153,1136.2970067050267,8913312,RELIANCE.NS
2023-10-23,1118.1162109375,1139.3847504014805,1114.1885998234964,1131.3565651682993,7853962,RELIANCE.NS
2023-10-25,1115.5225830078125,1127.0090643806484,1108.1366760976812,1111.6196977984057,11620688,RELIANCE.NS
2023-10-26,1099.9849853515625,1115.5473150342816,1096.9219477593886,1112.089019549233,15222534,RELIANCE.NS
2023-10-27,1119.4007568359375,1123.2048573671625,1104.6535500268835,1106.654444909806,11771084,RELIANCE.NS
2023-10-30,1142.47265625,1148.6481841216216,1121.4511352518443,1123.4520304054054,16813304,RELIANCE.NS
2023-10-31,1130.3192138671875,1150.1303563093797,1127.8490026208185,1150.1303563093797,12808438,RELIANCE.NS
2023-11-01,1135.0126953125,1144.942993469817,1124.0449807279863,1130.9368464684328,10309190,RELIANCE.NS
2023-11-02,1146.2767333984375,1148.302354744411,1140.2247162104195,1143.1889695269997,10562104,RELIANCE.NS
2023-11-03,1146.0296630859375,1153.5638066087804,1144.078220526126,1149.7349795725816,8850156,RELIANCE.NS
2023-11-06,1155.564697265625,1156.0587394619763,1148.9445800808262,1152.2546386732256,10647304,RELIANCE.NS
2023-11-07,1148.055419921875,1155.6142905704303,1145.9557403314866,1153.1193530516352,6960204,RELIANCE.NS
2023-11-08,1154.033203125,1156.552866758098,1147.042553778562,1152.1064866637696,7884494,RELIANCE.NS
2023-11-09,1141.50927734375,1154.0331752710283,1138.3720609954937,1154.0085696526105,14513610,RELIANCE.NS
2023-11-10,1143.6583251953125,1144.3747829309668,1135.3337858785344,1139.039102652828,7734954,RELIANCE.NS
2023-11-13,1143.5101318359375,1148.4505538682092,1142.0773370771153,1147.610585630105,3854810,RELIANCE.NS
2023-11-15,1164.1856689453125,1166.9029009306619,1149.6361508923676,1156.0586992213753,12220648,RELIANCE.NS
2023-11-16,1166.285400390625,1172.9302438744137,1159.4923201233041,1161.542667627995,13134910,RELIANCE.NS
2023-11-17,1163.7412109375,1172.4857343750468,1162.012063114762,1162.4319266451018,7758634,RELIANCE.NS
2023-11-20,1160.6781005859375,1165.1490860409533,1154.2801575494677,1160.2828426994563,4490186,RELIANCE.NS
2023-11-21,1175.2769775390625,1179.7728099438689,1166.0384122376151,1168.9038812090425,8214450,RELIANCE.NS
2023-11-22,1179.87158203125,1182.9593458443583,1171.9669066696931,1173.3502489811203,8534814,RELIANCE.NS
2023-11-23,1183.4781494140625,1185.7013394254852,1179.8716170501546,1179.8716170501546,8531542,RELIANCE.NS
2023-11-24,1182.6876220703125,1186.9858858764198,1181.2796741129466,1181.5514214570694,6749486,RELIANCE.NS
2023-11-28,1182.9346923828125,1185.5531403805655,1173.4738317237427,1182.6876712625676,13792174,RELIANCE.NS
2023-11-29,1186.047119140625,1191.605094048659,1184.7379555197092,1189.6536514263266,12531306,RELIANCE.NS
2023-11-30,1174.560791015625,1186.0472739919132,1170.830747689414,1183.083020320613,28439984,RELIANCE.NS
2023-12-01,1182.88525390625,1183.9226701483003,1174.6347733568996,1174.8323419889748,14342842,RELIANCE.NS
2023-12-04,1195.6810302734375,1210.4035134582498,1185.0097900344595,1210.4035134582498,15590990,RELIANCE.NS
2023-12-05,1204.3514404296875,1205.8830195816831,1196.3973123183705,1204.9689932142376,12693624,RELIANCE.NS
2023-12-06,1215.887451171875,1221.7417795681863,1202.992899973077,1208.9708595498532,16422442,RELIANCE.NS
2023-12-07,1213.886474609375,1215.813191043024,1206.4511149904754,1215.3438750518303,8142096,RELIANCE.NS
2023-12-08,1213.244140625,1223.5943006598802,1207.9331869400896,1217.2459307176134,10204894,RELIANCE.NS
2023-12-11,1215.0228271484375,1219.0986756148789,1211.589137099235,1213.3677374036308,7066138,RELIANCE.NS
2023-12-12,1197.5830078125,1217.7892853568703,1195.6561708810905,1215.3438006129375,9197124,RELIANCE.NS
2023-12-13,1202.473876953125,1204.6477348008102,1188.813659637376,1196.5700973342687,10031182,RELIANCE.NS
2023-12-14,1217.39404296875,1222.7297228698085,1206.7721356331074,1212.3795628682321,16972354,RELIANCE.NS
2023-12-15,1232.9317626953125,1235.1055001292314,1220.3089603608373,1224.236571728094,15932152,RELIANCE.NS
2023-12-18,1245.4803466796875,1252.3474847954778,1230.634354917611,1232.9317234441762,14165188,RELIANCE.NS
2023-12-19,1263.8094482421875,1271.615218807123,1247.5553868731267,1262.2778691174958,16820604,RELIANCE.NS
2023-12-20,1248.518798828125,1283.9417239360823,1244.9864450577063,1270.207325538083,17736722,RELIANCE.NS
2023-12-21,1266.0079345703125,1271.4176728398502,1244.1218397625619,1248.44470925444,13765454,RELIANCE.NS
2023-12-22,1267.242919921875,1275.07341611771,1258.6465136069178,1264.5504141598008,16541784,RELIANCE.NS
2023-12-26,1273.66552734375,1280.5326657287192,1266.0819312708138,1268.7003790735205,7465664,RELIANCE.NS
2023-12-27,1278.01318359375,1284.4603381656593,1271.2201029702012,1275.6170305456778,9204156,RELIANCE.NS
2023-12-28,1287.2518310546875,1290.4383794995902,1278.0132649417642,1279.470665481518,12302636,RELIANCE.NS
2023-12-29,1277.074462890625,1291.4264140714613,1274.2831724837226,1289.9937398232034,10864584,RELIANCE.NS
2024-01-01,1279.69287109375,1287.8940202608817,1271.2447008145452,1274.9006856426909,4030540,RELIANCE.NS
2024-01-02,1290.2900390625,1291.920402508132,1271.1706293129728,1277.099135940161,7448800,RELIANCE.NS
2024-01-03,1276.25927734375,1301.3071935056118,1273.2455715878027,1289.450180352941,9037536,RELIANCE.NS
2024-01-04,1282.854736328125,1289.3761903993159,1274.1843914947026,1278.581319191514,9612778,RELIANCE.NS
2024-01-05,1288.3138427734375,1294.3165279752034,1283.521657474919,1285.9424160498672,8086406,RELIANCE.NS
2024-01-08,1278.26025390625,1300.2944657165137,1269.1698042070248,1289.4502625359673,7734652,RELIANCE.NS
2024-01-09,1274.8759765625,1287.8693113555237,1273.245613077726,1284.5098000629723,5403074,RELIANCE.NS
2024-01-10,1309.261474609375,1313.6584025883456,1272.183577934786,1273.1469362430112,11102740,RELIANCE.NS
2024-01-11,1343.696044921875,1346.265040325212,1312.6701695941608,1313.6582540274271,23725852,RELIANCE.NS
2024-01-12,1354.39208984375,1356.961085397271,1329.7147038034357,1343.6961234746648,15012164,RELIANCE.NS
2024-01-15,1377.5130615234375,1379.810309335981,1349.7231898438201,1358.6159487812977,8610594,RELIANCE.NS
2024-01-16,1358.24560546875,1379.6623844587446,1354.1697570573224,1373.4126778584214,9069024,RELIANCE.NS
2024-01-17,1345.35107421875,1369.7568331827044,1338.8791932605309,1343.30084717423,12197382,RELIANCE.NS
2024-01-18,1351.6500244140625,1354.663730119792,1335.1490629645289,1335.2972997496222,10279438,RELIANCE.NS
2024-01-19,1351.156005859375,1359.6041759840746,1342.8067406703178,1359.6041759840746,10422704,RELIANCE.NS
2024-01-23,1312.7442626953125,1355.4048574857818,1306.791150318716,1355.4048574857818,20055420,RELIANCE.NS
2024-01-24,1327.8619384765625,1333.4199132911328,1308.1497027138623,1319.314984194113,21919128,RELIANCE.NS
2024-01-25,1336.952392578125,1347.895500834099,1319.2903820615336,1326.9480369708251,11808872,RELIANCE.NS
2024-01-29,1430.795654296875,1435.1925816017736,1343.9677382154596,1348.241154971167,23893438,RELIANCE.NS
2024-01-30,1390.8524169921875,1442.5786154279806,1387.6905949006082,1442.5538891928095,14093978,RELIANCE.NS
2024-01-31,1409.6259765625,1417.1601204834947,1385.788439238697,1387.2705659116798,15130226,RELIANCE.NS
2024-02-01,1409.650634765625,1426.1515960154993,1401.1531330404457,1417.9011153905622,13349362,RELIANCE.NS
2024-02-02,1440.3306884765625,1457.3258137867138,1416.0980132616144,1416.0980132616144,19652588,RELIANCE.NS
2024-02-05,1421.8782958984375,1452.978230847658,1414.4676622830975,1443.344407147716,8814432,RELIANCE.NS
2024-02-06,1410.7869873046875,1424.6695010773788,1402.9069175392074,1424.6695010773788,9047984,RELIANCE.NS
2024-02-07,1424.966064453125,1432.2284612961826,1412.2197504708995,1418.8152626559165,9296568,RELIANCE.NS
2024-02-08,1432.845947265625,1442.0845126481563,1410.515263064875,1432.7224367107362,14694634,RELIANCE.NS
2024-02-09,1443.344482421875,1454.4357071881138,1433.6612057465102,1436.6749118202338,12556798,RELIANCE.NS
2024-02-12,1435.0443115234375,1443.591265452315,1425.1634678173984,1443.344244359664,6674430,RELIANCE.NS
2024-02-13,1447.642578125,1461.376976810473,1436.6748642883217,1438.1569910396506,7715594,RELIANCE.NS
2024-02-14,1463.7236328125,1465.9715491065435,1440.1331160740654,1440.1331160740654,7117888,RELIANCE.NS
2024-02-15,1453.076904296875,1467.0335965408115,1449.0505085860837,1465.674980481667,10006782,RELIANCE.NS
2024-02-16,1443.17138671875,1459.4007219371786,1441.170612214809,1458.8819534815811,9767498,RELIANCE.NS
2024-02-19,1456.4364013671875,1461.8708655513933,1436.2053974591388,1444.6288410678121,6729828,RELIANCE.NS
2024-02-20,1453.496826171875,1457.9184795791293,1444.3817720340203,1457.4491636292228,7117496,RELIANCE.NS
2024-02-21,1450.2115478515625,1470.7884795851646,1440.1825868389801,1456.4365283424868,12720292,RELIANCE.NS
2024-02-22,1464.0941162109375,1467.2559381666686,1440.6271108051608,1450.6561919754163,18493728,RELIANCE.NS
2024-02-23,1475.82763671875,1479.7059164315408,1465.6750448712426,1471.7517883622584,14438584,RELIANCE.NS
2024-02-26,1469.6026611328125,1476.7169415654328,1464.8352018923576,1475.753583346703,7513106,RELIANCE.NS
2024-02-27,1467.94775390625,1482.0772898132236,1460.4383358684995,1465.3540321072526,10826044,RELIANCE.NS
2024-02-28,1438.2803955078125,1473.5056294891751,1432.8953836215212,1465.3292067243183,8647950,RELIANCE.NS
2024-02-29,1443.393798828125,1461.352161163495,1437.1935448412644,1447.5437052316252,23628976,RELIANCE.NS
2024-03-01,1474.345458984375,1482.1266237591103,1445.0734581651325,1446.061542580972,12132926,RELIANCE.NS
2024-03-04,1489.4384765625,1494.4282305064353,1469.503825173054,1472.7150995331629,10024420,RELIANCE.NS
2024-03-05,1482.32421875,1489.4384990399915,1468.3429205099196,1487.8328618357061,7107668,RELIANCE.NS
2024-03-06,1485.0909423828125,1491.0194491388315,1460.8828731290673,1475.654687549837,7805676,RELIANCE.NS
2024-03-07,1461.302734375,1485.1896018011073,1457.9679496051947,1485.0660912540775,8315726,RELIANCE.NS
2024-03-11,1449.12451171875,1471.257625711574,1446.0614742974403,1471.257625711574,11277130,RELIANCE.NS
2024-03-12,1457.844482421875,1470.269595576354,1447.568380480176,1449.1245651727334,9432678,RELIANCE.NS
2024-03-13,1415.10986328125,1465.4279903850718,1410.7622676768488,1462.142657909758,13522134,RELIANCE.NS
2024-03-14,1414.4180908203125,1431.2649780682007,1408.514310659922,1422.5450608782721,18571102,RELIANCE.NS
2024-03-15,1401.3260498046875,1416.1473166057365,1396.0645483366263,1408.9589780840722,19223818,RELIANCE.NS
2024-03-18,1422.32275390625,1424.5459437848976,1399.6462653903534,1403.0798345242215,9169392,RELIANCE.NS
2024-03-19,1408.267333984375,1420.4701525728194,1400.3626585436627,1411.7256294896865,8275764,RELIANCE.NS
2024-03-20,1426.5469970703125,1427.7821026954816,1407.0570544283007,1410.9352137218616,8488806,RELIANCE.NS
2024-03-21,1433.685791015625,1440.5283239841642,1427.460931435626,1435.2173701383908,13006936,RELIANCE.NS
2024-03-22,1437.6876220703125,1442.6033181580033,1430.1040255590262,1432.6977472783171,19527608,RELIANCE.NS
2024-03-26,1424.3978271484375,1435.0939139473653,1421.853557874578,1427.7820647176966,11415906,RELIANCE.NS
2024-03-27,1475.061767578125,1482.1265951381042,1429.7581221098912,1430.74620650665,16326644,RELIANCE.NS
2024-03-28,1468.1451416015625,1488.0056133770977,1461.0309823617722,1475.0864584455267,21854364,RELIANCE.NS
2024-04-01,1467.0831298828125,1476.1734586788064,1464.8352136106084,1474.691331987126,5013880,RELIANCE.NS
2024-04-02,1469.232177734375,1476.198221604726,1457.4246163768214,1466.317376747934,8910166,RELIANCE.NS
2024-04-03,1454.0650634765625,1466.7619246317818,1451.397283687729,1464.4152240453116,7008292,RELIANCE.NS
2024-04-04,1445.4935302734375,1462.1180033355356,1432.7224901750476,1462.1180033355356,14490272,RELIANCE.NS
2024-04-05,1442.7021484375,1453.2747249138113,1438.651026127194,1443.4679380450307,7442298,RELIANCE.NS
2024-04-08,1468.268798828125,1473.2092211870183,1443.5914132686094,1445.542855977216,8357118,RELIANCE.NS
2024-04-09,1446.2098388671875,1472.0482715276003,1445.0735176190665,1471.2577557160955,7071414,RELIANCE.NS
2024-04-10,1461.9449462890625,1469.281521297736,1448.877554057703,1448.877554057703,9138330,RELIANCE.NS
2024-04-12,1449.6680908203125,1468.7627741208264,1445.6415744118667,1458.2891033204971,15551012,RELIANCE.NS
2024-04-15,1447.3707275390625,1464.4646364315843,1429.0911655763507,1443.591352839028,12902062,RELIANCE.NS
2024-04-16,1448.2847900390625,1453.6451964542034,1433.6364862387566,1436.0325186728678,9366184,RELIANCE.NS
2024-04-18,1446.876708984375,1468.2934876101954,1441.9610129858208,1446.0615875622616,19005692,RELIANCE.NS
2024-04-19,1452.607666015625,1456.4364932961696,1425.8306012864564,1439.4167626045175,15741778,RELIANCE.NS
2024-04-22,1462.2166748046875,1465.1562017707047,1450.3103301575065,1454.9048261235944,10350362,RELIANCE.NS
2024-04-23,1441.936279296875,1475.7041133303053,1438.20635702296,1461.3768889290402,14605554,RELIANCE.NS
2024-04-24,1432.895263671875,1451.0513135165108,1432.2282584925008,1446.0614393265091,10462776,RELIANCE.NS
2024-04-25,1442.57861328125,1450.4832891142164,1424.3237766526493,1425.31186113177,15943926,RELIANCE.NS
2024-04-26,1435.2421875,1447.5437912682185,1432.7225237808307,1446.5062542977878,9413848,RELIANCE.NS
2024-04-29,1447.568359375,1450.4091019997668,1432.7223672737166,1432.7223672737166,7247974,RELIANCE.NS
2024-04-30,1449.5198974609375,1465.403306850403,1445.4440490785064,1450.5079819172845,11474262,RELIANCE.NS
2024-05-02,1449.0753173828125,1459.7218309784546,1446.6791643138517,1454.460329459568,14512646,RELIANCE.NS
2024-05-03,1416.9129638671875,1457.374969923783,1399.275682268563,1453.4720849711525,17226958,RELIANCE.NS
2024-05-06,1402.610595703125,1422.841600588335,1401.1037428015688,1418.3952205864964,7394208,RELIANCE.NS
2024-05-07,1384.775634765625,1403.8209867220144,1375.4135586957902,1399.1028593353728,14517472,RELIANCE.NS
2024-05-08,1401.6473388671875,1415.8756594095175,1380.8481115524094,1380.8481115524094,9439002,RELIANCE.NS
2024-05-09,1377.5130615234375,1406.7850596926346,1373.4372136770937,1396.1631531839807,11009612,RELIANCE.NS
2024-05-10,1390.6546630859375,1393.1989320382118,1371.535134440886,1380.1068144144485,10505096,RELIANCE.NS
2024-05-13,1385.9859619140625,1390.210046915121,1367.5088315833425,1383.2193979190515,8456620,RELIANCE.NS
2024-05-14,1403.154052734375,1410.0706442572628,1383.3430308132884,1384.281662845081,7188300,RELIANCE.NS
2024-05-15,1399.399169921875,1412.935877106148,1396.1878958233801,1403.5738021267655,5046534,RELIANCE.NS
2024-05-16,1408.3660888671875,1410.4904944706304,1381.3667306256436,1401.6471872524828,14711774,RELIANCE.NS
2024-05-17,1418.5927734375,1420.0749000882806,1396.4103261437938,1406.0936018418706,10916476,RELIANCE.NS
2024-05-21,1419.0128173828125,1424.6448506468714,1408.6132041549795,1408.6132041549795,11176128,RELIANCE.NS
2024-05-22,1443.2454833984375,1451.2736690394956,1419.1609264752628,1419.1609264752628,10281604,RELIANCE.NS
2024-05-23,1468.343017578125,1474.444366988288,1437.6629456463684,1441.1706938631594,14608260,RELIANCE.NS
2024-05-24,1462.6119384765625,1470.7636348065282,1458.5113640783345,1465.9467233388211,7094776,RELIANCE.NS
2024-05-27,1448.77880859375,1467.2066075031105,1444.134859977049,1462.587264504762,6629010,RELIANCE.NS
2024-05-28,1438.8485107421875,1460.8828419616084,1435.4396676765145,1450.5079553599196,7820162,RELIANCE.NS
2024-05-29,1423.607421875,1440.6271526936466,1421.310053120064,1429.264181324664,7383556,RELIANCE.NS
2024-05-30,1407.8720703125,1423.2368313836507,1403.178669288835,1418.3951935729253,13206858,RELIANCE.NS
2024-05-31,1413.3560791015625,1425.0648561889025,1405.3031663821573,1414.2453792660226,31069832,RELIANCE.NS
2024-06-03,1492.32861328125,1496.4539141466187,1441.6152266357983,1465.3292536675044,21527942,RELIANCE.NS
2024-06-04,1380.625732421875,1480.1999676014107,1343.1032493273078,1480.1999676014107,36709098,RELIANCE.NS
2024-06-05,1403.821044921875,1414.097147783154,1367.6077240917773,1405.0561505394378,17464890,RELIANCE.NS
2024-06-06,1414.541748046875,1426.497546390369,1404.41388190777,1417.9012594747105,17855722,RELIANCE.NS
2024-06-07,1452.4346923828125,1454.4603137562979,1409.5024711775536,1411.4786400821138,18558696,RELIANCE.NS
2024-06-10,1453.867431640625,1475.5558362929214,1450.5819785928986,1452.4346368701142,9251760,RELIANCE.NS
2024-06-11,1439.31787109375,1456.1153056542432,1437.3417023219272,1451.4959629037996,11774902,RELIANCE.NS
2024-06-12,1445.888671875,1458.4126908916728,1437.835879864395,1440.1331280315808,10081742,RELIANCE.NS
2024-06-13,1447.790771484375,1454.7073627830548,1442.7021123343332,1454.4603416652449,9181160,RELIANCE.NS
2024-06-14,1459.944091796875,1462.0437710581825,1439.8612048457326,1452.4840066456875,8157998,RELIANCE.NS
2024-06-18,1463.377685546875,1469.676723437239,1453.8179209728387,1469.6272709721836,7196766,RELIANCE.NS
2024-06-19,1441.2694091796875,1469.7756214798555,1438.650961260282,1469.7756214798555,8725874,RELIANCE.NS
2024-06-20,1456.139892578125,1465.1808887163045,1432.8211254931246,1441.6151005379975,16113776,RELIANCE.NS
2024-06-21,1436.872314453125,1457.1280450509373,1423.4096642387256,1456.0659025463858,31170360,RELIANCE.NS
2024-06-24,1424.2989501953125,1432.2283517054532,1420.3713387903338,1428.3007403004744,8878386,RELIANCE.NS
2024-06-25,1436.822998046875,1438.576872033328,1423.8296636688654,1425.8058325289194,7045386,RELIANCE.NS
2024-06-26,1495.9844970703125,1500.875466568816,1427.905458276952,1428.8194845866847,22014882,RELIANCE.NS
2024-06-27,1512.3126220703125,1519.1797603831344,1488.0551018777237,1495.7127559544517,28383030,RELIANCE.NS
2024-06-28,1546.747314453125,1562.161406676686,1512.781913849386,1512.781913849386,28957336,RELIANCE.NS
2024-07-01,1541.5599365234375,1560.5805616644209,1537.138282854078,1543.9066370278445,7724306,RELIANCE.NS
2024-07-02,1546.525146484375,1554.7509013864856,1538.4475077589818,1550.7985635373939,7749246,RELIANCE.NS
2024-07-03,1533.927001953125,1556.2329594590622,1524.391963189475,1547.661278880494,9049620,RELIANCE.NS
2024-07-04,1535.5079345703125,1548.822348177101,1532.321386398175,1538.447461634288,6837176,RELIANCE.NS
2024-07-05,1569.6956787109375,1579.4530127748421,1529.5547474353805,1535.3102911811948,12269710,RELIANCE.NS
2024-07-08,1581.824462890625,1589.6303543798022,1563.6684106310508,1570.0662334946016,9500806,RELIANCE.NS
2024-07-09,1571.325927734375,1581.4290665009253,1561.6673786971023,1578.563597646217,6960002,RELIANCE.NS
2024-07-10,1565.3480224609375,1578.4648673124634,1544.5241914718106,1575.9946562525065,7134578,RELIANCE.NS
2024-07-11,1561.815673828125,1585.1344421846698,1551.786592769845,1568.5840280306456,11940946,RELIANCE.NS
2024-07-12,1577.6990966796875,1586.023756297877,1555.7389442164904,1565.619788574804,12924784,RELIANCE.NS
2024-07-15,1578.193115234375,1586.7153433656392,1566.6078495211154,1585.332001053062,5329688,RELIANCE.NS
2024-07-16,1557.4681396484375,1580.9351457176842,1550.4280378276635,1574.5125966882063,9386838,RELIANCE.NS
2024-07-18,1567.7689208984375,1574.9078068261192,1539.2625884242743,1557.2210712967385,12298374,RELIANCE.NS
2024-07-19,1536.61962890625,1571.029623251694,1534.2976544625544,1567.1020115011324,13140390,RELIANCE.NS
2024-07-22,1482.7935791015625,1519.179738244426,1481.4102368427714,1518.9327171487766,19674376,RELIANCE.NS
2024-07-23,1470.1708984375,1487.808182000688,1445.5675711552426,1483.1147807956386,18052044,RELIANCE.NS
2024-07-24,1477.8779296875,1491.5135439533938,1458.8079713194404,1467.3054738461674,11913362,RELIANCE.NS
2024-07-25,1474.6171875,1482.595920809754,1459.474721651074,1463.3530011800513,12519876,RELIANCE.NS
2024-07-26,1491.044189453125,1494.4037007697482,1472.59166375446,1474.6172851615388,9859940,RELIANCE.NS
2024-07-29,1501.9871826171875,1509.2990318372968,1493.7614276294273,1493.9342700426573,7538550,RELIANCE.NS
2024-07-30,1495.1199951171875,1506.8287716127938,1492.0075050067665,1498.9488223237445,8228208,RELIANCE.NS
2024-07-31,1487.4869384765625,1492.4519658681731,1483.2628537354879,1486.0788700242824,10057346,RELIANCE.NS
2024-08-01,1497.244384765625,1499.9121644798522,1486.37545603751,1493.9836579008804,10764222,RELIANCE.NS
2024-08-02,1481.459716796875,1491.3405616106625,1475.4818780540024,1487.067144475012,10268248,RELIANCE.NS
2024-08-05,1430.079345703125,1466.2186085334113,1416.1721046606897,1462.3650548737628,17046704,RELIANCE.NS
2024-08-06,1438.700439453125,1459.8948030686215,1434.0316438440889,1437.8111393077952,10236186,RELIANCE.NS
2024-08-07,1447.3707275390625,1454.954323788822,1444.0853950542364,1451.4960282823629,8174568,RELIANCE.NS
2024-08-08,1431.8577880859375,1447.5436277380477,1428.6959662921352,1440.1577210643813,12387192,RELIANCE.NS
2024-08-09,1456.7330322265625,1458.9067698886504,1438.6510375603623,1442.6033755756382,6249776,RELIANCE.NS
2024-08-12,1443.2208251953125,1455.4483700557605,1440.3800824499558,1452.4841167562581,8184584,RELIANCE.NS
2024-08-13,1446.18505859375,1452.5581548536697,1440.6270837336665,1443.344315887485,6265064,RELIANCE.NS
2024-08-14,1444.43115234375,1454.460233101401,1436.3782403810737,1446.1109681889411,6267466,RELIANCE.NS
2024-08-16,1460.5863037109375,1462.760161748311,1440.676499654279,1451.1501701128775,9416902,RELIANCE.NS
2024-08-19,1475.65625,1485.47150978375,1467.8238660907393,1469.8067419652286,13797742,RELIANCE.NS
2024-08-20,1483.1416015625,1491.0484162933285,1477.2674041310693,1484.4057091952604,8411808,RELIANCE.NS
2024-08-21,1485.8433837890625,1494.964564922092,1477.2426107826689,1480.464784262564,7769996,RELIANCE.NS
2024-08-22,1485.2979736328125,1493.6012664349316,1477.8869991875908,1490.1312336221058,10445782,RELIANCE.NS
2024-08-23,1487.1322021484375,1498.3849993365056,1485.5955458508122,1490.8749048344312,9249654,RELIANCE.NS
2024-08-26,1499.6490478515625,1509.9600269352031,1490.131267553257,1494.0722092753902,8816114,RELIANCE.NS
2024-08-27,1487.6031494140625,1500.516654009415,1486.6117113802566,1497.5671500638725,6251156,RELIANCE.NS
2024-08-28,1485.4715576171875,1494.567928369235,1480.2168879705305,1492.1141436005682,9610286,RELIANCE.NS
2024-08-29,1507.90283203125,1523.8401488737275,1481.2083164719252,1490.2303777286736,38335358,RELIANCE.NS
2024-08-30,1496.6995849609375,1526.5418444404818,1490.4534771750382,1520.865886117465,41620730,RELIANCE.NS
2024-09-02,1503.267822265625,1513.7275412609433,1493.7252318027681,1497.9388431759776,11240852,RELIANCE.NS
2024-09-03,1496.203857421875,1509.9600595401412,1494.5927706873033,1508.2250430567562,10923800,RELIANCE.NS
2024-09-04,1501.5823974609375,1504.50709100704,1486.6612078847159,1487.850885016148,11983304,RELIANCE.NS
2024-09-05,1480.192138671875,1512.7113538076746,1474.3179410781217,1506.0439573959175,16264168,RELIANCE.NS
2024-09-06,1452.2830810546875,1484.182646260627,1449.110527949692,1479.721175380084,19394228,RELIANCE.NS
2024-09-09,1449.9283447265625,1457.339440034618,1443.1370191466497,1453.943716732093,9010298,RELIANCE.NS
2024-09-10,1449.0113525390625,1459.4462610127246,1445.0951000796938,1447.9951044503912,10768260,RELIANCE.NS
2024-09-11,1439.0721435546875,1456.1744477064742,1435.1560121734635,1450.5232999620255,9760202,RELIANCE.NS
2024-09-12,1467.1298828125,1473.2767495080643,1433.4953029575859,1444.5250498204912,22349376,RELIANCE.NS
2024-09-13,1460.016357421875,1470.451266381587,1456.918113729867,1463.7590600068495,8711328,RELIANCE.NS
2024-09-16,1458.752197265625,1468.2204780575375,1452.2087310287416,1464.8991851443227,5481774,RELIANCE.NS
2024-09-17,1459.6942138671875,1464.8248328952707,1454.0677548146177,1461.3796100548857,5935328,RELIANCE.NS
2024-09-18,1450.919921875,1469.3111455549956,1448.0448484372855,1457.413889315684,8574714,RELIANCE.NS
2024-09-19,1457.0916748046875,1463.8581906691413,1443.0876132109174,1453.6959512825117,16955902,RELIANCE.NS
2024-09-20,1473.2025146484375,1482.1997658201985,1458.7770437683578,1461.3795684407844,30897320,RELIANCE.NS
2024-09-23,1480.5887451171875,1488.6441789861601,1476.2015834923338,1478.2340798324108,8832314,RELIANCE.NS
2024-09-24,1476.6229248046875,1487.6526722077606,1475.1357678514642,1475.7554165819738,17137444,RELIANCE.NS
2024-09-25,1481.15869140625,1483.6869066134093,1467.5264194610884,1471.1948125268714,7069002,RELIANCE.NS
2024-09-26,1485.12451171875,1491.122760061236,1475.309372285805,1477.8870868947113,18818998,RELIANCE.NS
2024-09-27,1513.10791015625,1520.345334807694,1479.2254687210307,1486.1655345930462,20597478,RELIANCE.NS
2024-09-30,1463.9324951171875,1511.9181178232873,1461.7761901136828,1506.3908994638518,27008814,RELIANCE.NS
2024-10-01,1452.2830810546875,1475.2100841908111,1450.3002051077794,1467.9726595996829,16431642,RELIANCE.NS
2024-10-03,1394.928466796875,1436.9902726871705,1390.070396353704,1424.2750076222521,37757294,RELIANCE.NS
2024-10-04,1374.653564453125,1405.2145916660443,1369.9442340651563,1391.9046094477658,37072876,RELIANCE.NS
2024-10-07,1358.9888916015625,1384.5432314460647,1349.7189700751067,1381.5689173076198,22181340,RELIANCE.NS
2024-10-08,1385.3858642578125,1389.004637160655,1353.4119887771337,1361.2195630224157,17020808,RELIANCE.NS
2024-10-09,1362.8306884765625,1388.979866453412,1360.7486928237201,1385.5594536683957,14310610,RELIANCE.NS
2024-10-10,1359.31103515625,1374.132983939481,1357.699948504806,1368.209166456891,22358646,RELIANCE.NS
2024-10-11,1360.35205078125,1371.4314188021033,1357.1050671377104,1358.2700551936466,7980122,RELIANCE.NS
2024-10-14,1360.7734375,1368.2587216327886,1356.5350159311083,1367.6390728953818,12221432,RELIANCE.NS
2024-10-15,1332.5174560546875,1359.9554295521655,1329.2208521541709,1346.8933067731043,33762794,RELIANCE.NS
2024-10-16,1342.4813232421875,1352.3213935222657,1326.1722170162907,1328.5268821992931,20034438,RELIANCE.NS
2024-10-17,1344.811279296875,1356.7332239102464,1340.4737382347967,1354.0067695283685,15543660,RELIANCE.NS
2024-10-18,1347.66162109375,1356.70849216764,1329.840427555484,1340.5976258716714,12082452,RELIANCE.NS
2024-10-21,1357.476806640625,1362.2357572594483,1346.1000802528206,1355.4196212833501,14067408,RELIANCE.NS
2024-10-22,1331.8482666015625,1364.2187428070656,1328.7500227270916,1357.4769157261562,15831960,RELIANCE.NS
2024-10-23,1327.0645751953125,1345.8522769141389,1323.56973203491,1326.0483270387208,17214742,RELIANCE.NS
2024-10-24,1328.3287353515625,1332.1952468902052,1311.7964576126847,1323.8424540123256,22155934,RELIANCE.NS
2024-10-25,1316.4808349609375,1332.8395608533488,1310.6809472586556,1331.996862815434,18597496,RELIANCE.NS
2024-10-28,1322.9251708984375,1341.4155124030337,1310.7800563182918,1325.552505604476,10824350,RELIANCE.NS
2024-10-29,1328.52685546875,1331.6994085045892,1308.995576227512,1316.728719636798,12008361,RELIANCE.NS
2024-10-30,1332.3935546875,1338.4413022928309,1314.0023313459362,1323.569732267355,11984423,RELIANCE.NS
2024-10-31,1320.64501953125,1331.5012170832633,1314.7955112005386,1328.5269031210519,9331650,RELIANCE.NS
2024-11-01,1327.1884765625,1330.4601492824747,1321.5868277686543,1321.6364480777281,2127335,RELIANCE.NS
2024-11-04,1291.0009765625,1328.52687951389,1274.0969107675833,1326.3952636738204,19796890,RELIANCE.NS
2024-11-05,1294.1240234375,1298.337634786513,1275.1379622128013,1281.9292880644173,16267479,RELIANCE.NS
2024-11-06,1314.002197265625,1316.9270116872763,1289.0675098622075,1298.783649697479,21625209,RELIANCE.NS
2024-11-07,1294.470947265625,1312.6638089321268,1291.447013193,1312.6638089321268,9611974,RELIANCE.NS
2024-11-08,1272.758544921875,1290.5053095001092,1264.083462337208,1286.5395574614042,19814406,RELIANCE.NS
2024-11-11,1261.802978515625,1274.9891511168566,1256.151830843746,1267.9994654475693,9056552,RELIANCE.NS
2024-11-12,1263.33984375,1278.2610337323058,1256.6476373969983,1264.6287615317467,10671091,RELIANCE.NS
2024-11-13,1241.3299560546875,1264.5295076822267,1238.8017408266169,1259.374078659472,14633633,RELIANCE.NS
2024-11-14,1256.746826171875,1261.7040163358736,1240.38809863068,1242.866693712679,12612633,RELIANCE.NS
2024-11-18,1249.9554443359375,1262.0014401044657,1233.24973843027,1256.7467703539512,13620611,RELIANCE.NS
2024-11-19,1231.0189208984375,1270.5276979121372,1224.5745744010292,1249.9553610165642,14183746,RELIANCE.NS
2024-11-21,1212.528564453125,1233.299140266532,1206.8277964681656,1231.0189056876295,19433843,RELIANCE.NS
2024-11-22,1254.565673828125,1257.9860865301255,1211.9833389629089,1218.8739057022901,20471957,RELIANCE.NS
2024-11-25,1275.9805908203125,1293.2811339485756,1271.4694999174592,1278.9549045518283,28923341,RELIANCE.NS
2024-11-26,1284.6060791015625,1286.7376948587628,1273.2045428922675,1283.8625006531302,9247557,RELIANCE.NS
2024-11-27,1282.1275634765625,1292.6864023015983,1274.9892583407009,1282.4250432843673,9572746,RELIANCE.NS
2024-11-28,1259.91943359375,1285.4984608667178,1258.184417128475,1278.905374093644,15027412,RELIANCE.NS
2024-11-29,1281.1361083984375,1288.3736540571424,1264.3312830599236,1269.0406134614407,13202307,RELIANCE.NS
2024-12-02,1297.9410400390625,1300.1221551586505,1266.115905470633,1276.9721028104004,11024152,RELIANCE.NS
2024-12-03,1311.969970703125,1315.4400037478053,1295.8094826849822,1305.7238628126408,16869482,RELIANCE.NS
2024-12-04,1297.74267578125,1317.0262168141671,1292.884726573221,1314.6467414933138,19608540,RELIANCE.NS
2024-12-05,1310.7305908203125,1318.5628538088617,1294.966703202915,1303.0964459866593,16858723,RELIANCE.NS
2024-12-06,1300.320556640625,1312.564791729292,1298.7837793313574,1312.564791729292,9037514,RELIANCE.NS
2024-12-09,1284.0609130859375,1303.7409326166044,1282.0284168341586,1291.8436769577456,14650002,RELIANCE.NS
2024-12-10,1273.8489990234375,1283.812998621138,1269.238788448007,1278.2113501165884,16043729,RELIANCE.NS
2024-12-11,1267.2559814453125,1278.9549980546296,1265.1244866020038,1273.9978081396894,11724373,RELIANCE.NS
2024-12-12,1252.0870361328125,1267.25596445406,1249.8066803924569,1259.1262215126183,20906813,RELIANCE.NS
2024-12-13,1261.9517822265625,1264.281637225772,1228.9864700814942,1249.211828655226,28630222,RELIANCE.NS
2024-12-16,1257.4407958984375,1270.032009408355,1255.7057794921418,1264.0833817296273,9486781,RELIANCE.NS
2024-12-17,1234.6378173828125,1253.0785403896136,1232.1592223274588,1250.2529662315405,17462791,RELIANCE.NS
2024-12-18,1242.5196533203125,1249.162239402372,1230.027558928225,1230.027558928225,12670179,RELIANCE.NS
2024-12-19,1219.914794921875,1234.2411461229626,1218.4772582835096,1228.3916379278016,14244653,RELIANCE.NS
2024-12-20,1194.9803466796875,1228.8874800507767,1191.2128336272758,1213.5201900622435,20312896,RELIANCE.NS
2024-12-23,1211.834716796875,1216.6926661807136,1202.8125341694108,1204.5971709809228,10052824,RELIANCE.NS
2024-12-24,1212.2808837890625,1222.988463211123,1210.545867189896,1211.8347850736238,6734917,RELIANCE.NS
2024-12-26,1206.1339111328125,1217.1883476811242,1203.8535553911518,1213.767935093776,10016178,RELIANCE.NS
2024-12-27,1210.595458984375,1217.3867853075249,1206.5800865394056,1207.86900439277,7000397,RELIANCE.NS
2024-12-30,1200.3338623046875,1212.7268365212021,1197.7561478726802,1205.9851311625014,8818766,RELIANCE.NS
2024-12-31,1205.043212890625,1208.6619856280877,1195.8229125326573,1197.6570485426987,6405475,RELIANCE.NS
2025-01-01,1210.7935791015625,1215.800389087432,1201.2261788160188,1204.4483521073844,5892590,RELIANCE.NS
2025-01-02,1231.167724609375,1233.7949384205442,1209.554328364606,1210.7936258321927,15486276,RELIANCE.NS
2025-01-03,1240.4376220703125,1251.2443199889096,1224.9215938636924,1233.2496968938563,15521102,RELIANCE.NS
2025-01-06,1207.571533203125,1251.1948069805778,1204.597219081935,1243.2136823453243,14816766,RELIANCE.NS
2025-01-07,1230.2257080078125,1233.8444805890147,1210.7935491517349,1211.5371275851955,10070505,RELIANCE.NS
2025-01-08,1254.664794921875,1260.167324257905,1234.6872949225542,1238.3060678446636,19346579,RELIANCE.NS
2025-01-09,1244.0068359375,1258.878406002503,1237.3642497185242,1256.1519514905858,12794704,RELIANCE.NS
2025-01-10,1231.266845703125,1245.9896754309787,1225.4173374439545,1243.114481097643,8120332,RELIANCE.NS
2025-01-13,1229.234375,1234.5881643828388,1215.899582365329,1219.4687349455062,13764861,RELIANCE.NS
2025-01-14,1228.143798828125,1242.6187691440975,1216.742262047884,1233.4479678208604,13095266,RELIANCE.NS
2025-01-15,1241.478515625,1246.2374660533972,1231.2171573529768,1234.2905907014622,9578856,RELIANCE.NS
2025-01-16,1255.6065673828125,1264.0834104275011,1240.586378973141,1248.1212833322295,14117603,RELIANCE.NS
2025-01-17,1291.19921875,1314.6467509950228,1273.997794139219,1310.9288585996749,29366277,RELIANCE.NS
2025-01-20,1294.272705078125,1304.7324245206253,1289.1172758229052,1304.7324245206253,14040244,RELIANCE.NS
2025-01-21,1262.7945556640625,1301.7581181984158,1259.324522599558,1299.2795231523412,14562976,RELIANCE.NS
2025-01-22,1266.16552734375,1271.9159165250771,1257.8374234010246,1267.355325635656,10273590,RELIANCE.NS
2025-01-23,1252.8306884765625,1266.4133410521551,1250.7981921087953,1259.1262957502838,8720682,RELIANCE.NS
2025-01-24,1235.6292724609375,1262.1006196074513,1232.8531975505623,1255.1605533566642,14235970,RELIANCE.NS
2025-01-27,1218.82421875,1229.8291557820492,1209.5542981292017,1228.4907387555406,9536019,RELIANCE.NS
2025-01-28,1223.8310546875,1234.0924134746083,1208.0671667554209,1227.4002071753887,10568025,RELIANCE.NS
2025-01-29,1224.921630859375,1232.1095562529247,1217.53546627882,1225.4173498520336,5928156,RELIANCE.NS
2025-01-30,1242.3214111328125,1246.237542749693,1221.8481926097397,1224.971246456504,9269259,RELIANCE.NS
2025-01-31,1254.2681884765625,1256.1519448799122,1238.306060895825,1245.09738698474,6584612,RELIANCE.NS
2025-02-01,1253.7724609375,1259.6715896071485,1230.374548522757,1254.2681799336815,7118453,RELIANCE.NS
2025-02-03,1235.232666015625,1245.2461659154887,1226.9541826685895,1240.2889757645512,9252345,RELIANCE.NS
2025-02-04,1274.196044921875,1277.7653184740125,1235.9265630557768,1237.3642207434832,16691069,RELIANCE.NS
2025-02-05,1267.2559814453125,1279.4507170461238,1265.7688244708304,1271.6679530846961,10112028,RELIANCE.NS
2025-02-06,1270.577392578125,1276.9721191435924,1259.4732145791813,1262.7945076095025,9956001,RELIANCE.NS
2025-02-07,1255.8544921875,1272.7089385364054,1251.1947819010975,1265.2236540965398,8764283,RELIANCE.NS
2025-02-10,1242.916259765625,1255.6562137259161,1234.8856362555493,1253.673337746878,6970972,RELIANCE.NS
2025-02-11,1224.2772216796875,1253.7230036544372,1219.567891058193,1253.7230036544372,8859714,RELIANCE.NS
2025-02-12,1206.1339111328125,1216.3952699200001,1183.1324776076385,1209.0089844264594,21131654,RELIANCE.NS
2025-02-13,1205.6876220703125,1217.4857574427408,1201.622750831109,1206.6295607029597,8511216,RELIANCE.NS
2025-02-14,1206.827880859375,1213.5200872227356,1195.1288642881832,1208.56289732395,10298145,RELIANCE.NS
2025-02-17,1214.4124755859375,1216.9901902768092,1194.1871154284454,1200.7305822668588,8166683,RELIANCE.NS
2025-02-18,1214.908203125,1219.3696743222742,1205.6877809072391,1214.362863790828,6673250,RELIANCE.NS
2025-02-19,1216.9404296875,1222.1950990873443,1207.125291073852,1209.0585466128707,6217338,RELIANCE.NS
2025-02-20,1222.4429931640625,1228.738599945727,1211.5371757067999,1213.4704313005311,7795582,RELIANCE.NS
2025-02-21,1217.634521484375,1229.3830367840985,1211.6858938870325,1218.1797397323817,6904025,RELIANCE.NS
2025-02-24,1204.151123046875,1212.7765856074127,1200.1357505642943,1206.13399913207,7172498,RELIANCE.NS
2025-02-25,1193.69140625,1210.5458530159883,1191.2128111373545,1200.631472565407,11552182,RELIANCE.NS
2025-02-27,1196.7647705078125,1204.597154814102,1190.370043898487,1202.416039651657,11509215,RELIANCE.NS
2025-02-28,1189.82470703125,1206.9270123506615,1183.0830013175257,1191.7084634163882,23007298,RELIANCE.NS
2025-03-03,1161.2216796875,1196.1202465389174,1146.1022512006402,1193.6912720117396,17944938,RELIANCE.NS
2025-03-04,1151.9517822265625,1163.948157257321,1149.6219272411693,1152.2491409974891,11377373,RELIANCE.NS
2025-03-05,1165.534423828125,1172.8710888254677,1147.093702257875,1151.0594540375048,8664095,RELIANCE.NS
2025-03-06,1199.2432861328125,1203.5560168880775,1175.0026773522586,1186.7511925218207,14468014,RELIANCE.NS
2025-03-07,1239.0992431640625,1244.0564330934674,1201.622838887705,1205.5885908312287,16474965,RELIANCE.NS
2025-03-10,1227.796875,1247.2290360950196,1224.8225609234617,1234.340341763354,11931051,RELIANCE.NS
2025-03-11,1236.62060546875,1238.801720552263,1219.2208210077197,1229.3830600118497,10089838,RELIANCE.NS
2025-03-12,1246.2872314453125,1252.186239348891,1233.3489166666827,1247.2290491693625,11977555,RELIANCE.NS
2025-03-13,1237.2154541015625,1253.326320946517,1233.2000819547634,1249.2614495168184,9505270,RELIANCE.NS
2025-03-17,1228.242919921875,1246.6341428999226,1222.5421515247892,1231.514713672869,16640917,RELIANCE.NS
2025-03-18,1228.242919921875,1228.242919921875,1228.242919921875,1228.242919921875,0,RELIANCE.NS
2025-03-19,1236.471923828125,1242.5196714129374,1228.1934407470596,1230.4241762433128,16162399,RELIANCE.NS
2025-03-20,1258.283447265625,1262.1004590128364,1239.3470073959113,1241.1315230182402,15971477,RELIANCE.NS
2025-03-21,1265.421875,1270.0320859338292,1259.225387461291,1264.0834578966683,21780769,RELIANCE.NS
2025-03-24,1290.951416015625,1294.8180484818179,1273.2542716407156,1279.946478246575,20299319,RELIANCE.NS
2025-03-25,1274.4439697265625,1296.50346593687,1271.6183955406093,1296.50346593687,13713899,RELIANCE.NS
2025-03-26,1262.150146484375,1282.7224842048433,1257.8869148358597,1279.9464094999762,12074747,RELIANCE.NS
2025-03-27,1267.2559814453125,1273.9978081396894,1260.4151561828103,1267.2064821612498,15028056,RELIANCE.NS
2025-03-28,1264.1824951171875,1284.6557128160619,1258.1347478785124,1269.0405652360093,18147129,RELIANCE.NS
2025-04-01,1241.8751220703125,1266.9585500115554,1238.603449529153,1253.7723771839194,12099648,RELIANCE.NS
2025-04-02,1240.4376220703125,1244.7999732789833,1233.2496968938563,1236.868469635997,10142590,RELIANCE.NS
2025-04-03,1238.008544921875,1241.0820994494682,1222.4926375090713,1222.4926375090713,7434366,RELIANCE.NS
2025-04-04,1194.38525390625,1234.7863505024063,1182.9342181609516,1230.473619610667,17908652,RELIANCE.NS
2025-04-07,1155.71923828125,1161.2217676393545,1105.3046397460778,1122.506064991245,22156106,RELIANCE.NS
2025-04-08,1172.0780029296875,1186.3547349162204,1153.3399207865864,1161.9653833278503,19555040,RELIANCE.NS
2025-04-09,1175.2010498046875,1179.613021672609,1157.9996241138485,1159.4867811653644,10223104,RELIANCE.NS
2025-04-11,1208.5133056640625,1212.1816988912137,1184.917153801556,1184.917153801556,11224242,RELIANCE.NS
2025-04-15,1229.4822998046875,1240.288998738938,1226.5079856590305,1240.288998738938,13378535,RELIANCE.NS
2025-04-16,1228.689208984375,1230.2754856402491,1218.477348782242,1223.5336585713449,8248464,RELIANCE.NS
2025-04-17,1263.5877685546875,1269.238916912585,1217.0893007676923,1229.5813957339365,15398401,RELIANCE.NS
2025-04-21,1284.407958984375,1289.761748514388,1256.151975324742,1259.126289394177,10429964,RELIANCE.NS
2025-04-22,1280.1446533203125,1292.7359881039044,1275.286704106908,1288.8693558313819,13051707,RELIANCE.NS
2025-04-23,1288.869384765625,1294.8180126953125,1274.3944143417477,1285.8950708007812,10480888,RELIANCE.NS
2025-04-24,1290.4556884765625,1293.3308829080645,1279.2525115884996,1281.3345072026398,10468940,RELIANCE.NS
2025-04-25,1289.2659912109375,1313.85358083958,1277.071255478384,1292.3394247863746,14431012,RELIANCE.NS
2025-04-28,1357.080322265625,1362.830589793996,1308.8963407951755,1328.5268607294433,31104496,RELIANCE.NS
2025-04-29,1387.7156982421875,1398.8198762816546,1358.2700385179512,1359.2614765022709,32538970,RELIANCE.NS
2025-04-30,1392.9703369140625,1400.3070020394923,1357.2785702742715,1389.9960230274132,25480745,RELIANCE.NS
2025-05-02,1407.6436767578125,1414.4845019236116,1397.0352178747166,1401.8932881277126,13007841,RELIANCE.NS
2025-05-05,1419.0452880859375,1427.1750314493302,1414.6829365878357,1418.747808269532,12685649,RELIANCE.NS
2025-05-06,1408.7342529296875,1419.7391903256466,1398.5223933042987,1418.7477523435755,14084117,RELIANCE.NS
2025-05-07,1393.9617919921875,1412.2042749259901,1390.6899982666434,1408.7342420156256,13440169,RELIANCE.NS
2025-05-08,1394.9532470703125,1408.6351396947061,1386.030305191398,1392.0780527042998,16106175,RELIANCE.NS
2025-05-09,1365.408447265625,1382.8578539346386,1362.731612914777,1373.6374315703338,13668904,RELIANCE.NS
2025-05-12,1424.20068359375,1426.679278587822,1388.0131966802994,1388.0131966802994,10674081,RELIANCE.NS
2025-05-13,1403.5787353515625,1435.3047515134413,1400.307062549957,1421.2263802516663,11407896,RELIANCE.NS
2025-05-14,1412.2042236328125,1417.6571322938998,1403.380401776207,1407.8418724989147,5570160,RELIANCE.NS
2025-05-15,1441.7491455078125,1448.8875719918406,1400.6044669576877,1412.7992032271827,20177211,RELIANCE.NS
2025-05-16,1443.9302978515625,1448.4908883531898,1434.9082364412498,1440.757623701411,9036695,RELIANCE.NS
2025-05-19,1428.4638671875,1442.1456384779733,1425.886031660542,1439.667043567546,6195791,RELIANCE.NS
2025-05-20,1412.402587890625,1432.6279478297215,1409.6266340324114,1425.8861208416395,11270560,RELIANCE.NS
2025-05-21,1416.963134765625,1423.9032007341596,1405.9581972205492,1411.7085860045363,6136364,RELIANCE.NS
2025-05-22,1397.332763671875,1411.6094953044076,1384.9397884743898,1409.031659643212,12134466,RELIANCE.NS
2025-05-23,1414.5838623046875,1421.5239286750705,1394.5567410207764,1394.5567410207764,6474883,RELIANCE.NS
2025-05-26,1422.5152587890625,1428.6621258406371,1412.898237790455,1419.7391840414937,4842944,RELIANCE.NS
2025-05-27,1409.9239501953125,1424.696400543767,1401.794207036506,1413.8897021801247,12640414,RELIANCE.NS
2025-05-28,1400.802734375,1410.4196342901241,1398.6214982222443,1407.9410393609537,5944611,RELIANCE.NS
2025-05-29,1405.660888671875,1407.842003929875,1396.5395861721686,1400.0096192804465,13771917,RELIANCE.NS
2025-05-30,1408.7342529296875,1418.3511529457182,1397.6300749154059,1405.8590585766528,13788484,RELIANCE.NS
2025-06-02,1401.5958251953125,1405.3633379328091,1383.650821945961,1400.0095486308933,8098668,RELIANCE.NS
2025-06-03,1393.4661865234375,1414.2863856817387,1391.384190812638,1410.1223942601396,11252626,RELIANCE.NS
2025-06-04,1411.31201171875,1413.4931269376204,1394.0609660849138,1402.5873087929724,8126827,RELIANCE.NS
2025-06-05,1430.0501708984375,1442.244785474372,1411.4110884077945,1415.7734397380668,13716817,RELIANCE.NS
2025-06-06,1431.1407470703125,1439.0722510374496,1424.6964000970136,1428.6621520805822,8182161,RELIANCE.NS
2025-06-09,1436.3953857421875,1445.0208477095387,1432.9253528317358,1444.5251287223314,7885125,RELIANCE.NS
2025-06-10,1426.1834716796875,1441.4516401070769,1423.704876838395,1437.5850079496329,7913181,RELIANCE.NS
2025-06-11,1436.4945068359375,1456.0257865422643,1430.7441181682645,1433.4210733170682,8195700,RELIANCE.NS
2025-06-12,1429.257080078125,1444.5252503749707,1422.1187744712338,1441.0552171722854,8828114,RELIANCE.NS
2025-06-13,1415.67431640625,1423.2092208521976,1402.1907840779525,1411.8076840776937,9757276,RELIANCE.NS
2025-06-16,1425.4896240234375,1430.0502146798779,1412.204330439343,1414.6829254727506,8458093,RELIANCE.NS
2025-06-17,1418.946044921875,1435.6022520574631,1413.59237643736,1435.6022520574631,10366599,RELIANCE.NS
2025-06-18,1417.85546875,1430.4468040463896,1413.4931173168031,1417.7563491543892,6681735,RELIANCE.NS
2025-06-19,1421.0281982421875,1427.5716651338516,1413.4931722804179,1417.8555238832446,10007230,RELIANCE.NS
2025-06-20,1453.6463623046875,1458.4053131642288,1415.8725983169522,1418.7477927518771,29010635,RELIANCE.NS
2025-06-23,1444.326904296875,1451.266970188698,1429.6535737155343,1440.5593915455418,5989078,RELIANCE.NS
2025-06-24,1438.3782958984375,1462.3710470398119,1430.744150698803,1452.4566670598808,16402744,RELIANCE.NS
2025-06-25,1454.737060546875,1459.7933702625824,1447.9952335758323,1451.4652666586912,7525851,RELIANCE.NS
2025-06-26,1482.497314453125,1485.9673475108061,1452.5558137403293,1456.5215658062507,14657893,RELIANCE.NS
2025-06-27,1502.4251708984375,1508.9686374999123,1484.083567880206,1486.5621628826696,11117052,RELIANCE.NS
2025-06-30,1487.7518310546875,1511.7447031481738,1483.191240482831,1500.838885203447,8409527,RELIANCE.NS
2025-07-01,1515.3138427734375,1518.2881567329412,1487.256099345396,1487.7518183386467,10368523,RELIANCE.NS
2025-07-02,1505.7960205078125,1516.900077238324,1495.7824003020085,1515.3138007089854,6361002,RELIANCE.NS
2025-07-03,1504.8046875,1518.7839394915495,1500.0457365549344,1507.7790015843786,11283291,RELIANCE.NS
2025-07-04,1514.223388671875,1516.900223008299,1504.2097675037892,1510.9515946827762,6603501,RELIANCE.NS
2025-07-07,1528.3016357421875,1531.5734294639212,1511.9429091838053,1513.5291857359532,7251074,RELIANCE.NS
2025-07-08,1524.4349365234375,1531.672481820406,1517.0982716385254,1522.8486600409224,7171261,RELIANCE.NS
2025-07-09,1505.9942626953125,1537.7202774459709,1497.1704406377573,1523.5426661942138,8870660,RELIANCE.NS
2025-07-10,1504.2095947265625,1511.6453792793734,1494.5926951149827,1506.6881895774993,10047129,RELIANCE.NS
2025-07-11,1482.3980712890625,1502.0285923917668,1477.540121836759,1499.0542783474266,7234991,RELIANCE.NS
2025-07-14,1470.9964599609375,1487.1569471972039,1466.4358695278945,1479.4236826617216,10311846,RELIANCE.NS
2025-07-15,1472.6820068359375,1483.6869442622558,1469.7076928815193,1473.4750846086956,8132454,RELIANCE.NS
2025-07-16,1472.8802490234375,1478.234038357326,1458.9009976142222,1460.388154594461,10409983,RELIANCE.NS
2025-07-17,1463.7591552734375,1476.8460890701654,1461.2805601585153,1474.6649737790947,11854613,RELIANCE.NS
2025-07-18,1463.362548828125,1472.0872520008465,1456.5216021387357,1472.0872520008465,10296318,RELIANCE.NS
2025-07-21,1416.3682861328125,1463.362470991638,1410.9153771961905,1452.4566531183941,22442744,RELIANCE.NS
2025-07-22,1400.70361328125,1419.640054314783,1398.6214967228645,1415.178583447059,20396320,RELIANCE.NS
2025-07-23,1412.402587890625,1413.7906253323065,1402.2899684336514,1413.7906253323065,8354596,RELIANCE.NS
2025-07-24,1390.888427734375,1410.81630780687,1384.0474811654185,1407.0487949065318,14740507,RELIANCE.NS
2025-07-25,1379.7841796875,1389.0046012536307,1372.2492752918665,1386.9226057137396,11854722,RELIANCE.NS
2025-07-28,1375.71923828125,1395.7463569486692,1373.1415238854815,1380.3790691362324,7748361,RELIANCE.NS
2025-07-29,1404.9666748046875,1408.04010820105,1371.1586653944225,1371.1586653944225,10750072,RELIANCE.NS
2025-07-30,1398.026611328125,1411.113664716939,1389.3020300940545,1405.9581148273558,7209849,RELIANCE.NS
2025-07-31,1378.2969970703125,1390.5908519212596,1370.365493427784,1376.215001569177,17065827,RELIANCE.NS
2025-08-01,1381.76708984375,1393.8627060383,1372.4476694796913,1375.025384070285,10321171,RELIANCE.NS
2025-08-04,1399.4146728515625,1403.975263237478,1379.7841529413568,1383.155066191865,6312820,RELIANCE.NS
2025-08-05,1379.7841796875,1398.918980991344,1376.2150271869518,1398.918980991344,9315972,RELIANCE.NS
2025-08-06,1380.874755859375,1383.9481891450812,1371.4560958071288,1379.9824375441353,5834312,RELIANCE.NS
2025-08-07,1377.5040283203125,1381.7671392504185,1354.3043541251445,1375.818511047819,9976705,RELIANCE.NS
2025-08-08,1356.0888671875,1385.2370458989403,1353.312792536344,1373.1415514013454,8793606,RELIANCE.NS
2025-08-11,1374.331298828125,1376.1159356273254,1349.5453489789295,1358.2700517359046,9997486,RELIANCE.NS
2025-08-12,1368.5810546875,1389.8969719255274,1363.4255044148417,1370.0682117041065,12244664,RELIANCE.NS
2025-08-13,1370.7620849609375,1379.8833867126677,1365.7057756228248,1376.115874093997,7457021,RELIANCE.NS
2025-08-14,1367.4774169921875,1374.3455639562076,1363.794372575189,1370.961308962897,7126128,RELIANCE.NS
2025-08-18,1375.3409423828125,1388.4802648218374,1370.6626218339861,1383.602791829514,11785109,RELIANCE.NS
2025-08-19,1413.564208984375,1414.460091190419,1382.7068811681168,1383.6027633741608,14384719,RELIANCE.NS
2025-08-20,1406.4969482421875,1418.342205158243,1403.510755146132,1406.4969482421875,8725641,RELIANCE.NS
2025-08-21,1418.24267578125,1425.3099750709036,1413.7633861810953,1418.4417067156319,11021323,RELIANCE.NS
2025-08-22,1402.71435546875,1416.84907536351,1401.4204113959267,1413.464698965694,5818868,RELIANCE.NS
2025-08-25,1406.0987548828125,1412.9670232567023,1399.230486508923,1408.1890657335161,5979407,RELIANCE.NS
2025-08-26,1378.5262451171875,1403.5107021083375,1375.241384232256,1401.519906786198,12145259,RELIANCE.NS
2025-08-28,1379.521728515625,1385.7926612650012,1360.2109883890075,1383.50331940736,13161813,RELIANCE.NS
2025-08-29,1350.9537353515625,1397.0406983353935,1343.7869203796088,1374.7437651325777,18758842,RELIANCE.NS
2025-09-01,1347.6689453125,1356.9260708455383,1334.430107544873,1349.759256141992,11232238,RELIANCE.NS
2025-09-02,1360.2109375,1378.128095842481,1348.2661652716795,1348.5648331807902,11517006,RELIANCE.NS
2025-09-03,1366.2828369140625,1370.1649121838109,1354.2385492379765,1363.3961593284287,7847563,RELIANCE.NS
2025-09-04,1353.0440673828125,1367.6763641601647,1350.8541196588233,1365.4865379446771,13223177,RELIANCE.NS
2025-09-05,1368.671875,1374.6442613636364,1353.0441792852228,1356.7271022727273,5777575,RELIANCE.NS
2025-09-08,1372.15576171875,1379.6212446443146,1366.0838599076599,1373.6488583038629,6986720,RELIANCE.NS
2025-09-09,1369.8662109375,1374.843199236951,1362.4007284883235,1370.2643943031567,9754452,RELIANCE.NS
2025-09-10,1370.66259765625,1382.1096709119122,1367.7759200987732,1377.5308659113482,7790815,RELIANCE.NS
2025-09-11,1376.9337158203125,1379.1235422027225,1368.6718661340626,1369.6672638548873,9766072,RELIANCE.NS
2025-09-12,1388.579833984375,1389.873899637371,1374.146566892781,1376.9337291414593,7403368,RELIANCE.NS
2025-09-15,1392.8599853515625,1394.3530818320328,1382.2091575524387,1386.5889315301856,5396697,RELIANCE.NS
2025-09-16,1398.8323974609375,1401.5199225726963,1391.7649767809332,1398.2350616507645,8686961,RELIANCE.NS
2025-09-17,1407.2933349609375,1409.6821922648512,1400.4250664409112,1400.5245819104894,7519417,RELIANCE.NS
2025-09-18,1408.4876708984375,1415.4554544293837,1404.2074124117412,1413.8628424954393,9332642,RELIANCE.NS
2025-09-19,1400.9227294921875,1410.4785229891424,1397.1401696768169,1408.3882121473878,13461373,RELIANCE.NS
2025-09-22,1384.199951171875,1404.2074196840813,1381.6119415772491,1397.4387885526373,7757970,RELIANCE.NS
2025-09-23,1383.40380859375,1388.5798281670254,1370.4636381520502,1384.5982372618869,14014702,RELIANCE.NS
2025-09-24,1376.635009765625,1389.5751797778832,1374.0470000648747,1378.9244730635044,5922759,RELIANCE.NS
2025-09-25,1366.0838623046875,1378.128150477363,1362.6994857374575,1374.942926360271,11411143,RELIANCE.NS
2025-09-26,1371.2598876953125,1376.3363918134596,1359.7132983361805,1365.685684712474,9879109,RELIANCE.NS
2025-09-29,1366.48193359375,1382.6073268149732,1361.7039763015719,1375.2413599514077,14231999,RELIANCE.NS
2025-09-30,1357.722412109375,1370.7620971908361,1356.5279835173724,1370.7620971908361,14604684,RELIANCE.NS
2025-10-01,1362.4007568359375,1372.255218175594,1356.4283707523282,1360.7086293823172,12045916,RELIANCE.NS
2025-10-03,1357.125244140625,1365.287456651113,1350.6551591113212,1356.926091696157,12842347,RELIANCE.NS
2025-10-06,1368.671875,1371.0608538471567,1352.7455113636363,1353.740909090909,12396580,RELIANCE.NS
2025-10-07,1378.4267578125,1389.47564777439,1369.5676941462978,1369.667209612737,11244040,RELIANCE.NS
2025-10-08,1361.1068115234375,1382.6073771032557,1358.2201339506064,1378.426755451918,8525081,RELIANCE.NS
2025-10-09,1371.458984375,1373.6488106871855,1362.7989515764332,1367.676424553763,8826633,RELIANCE.NS
2025-10-10,1375.3409423828125,1381.6119964455866,1368.7713419175536,1371.45898859096,6373084,RELIANCE.NS
2025-10-13,1368.671875,1371.3594002602317,1361.505059967041,1370.5631549835205,7600682,RELIANCE.NS
2025-10-14,1369.5677490234375,1381.612037149334,1363.7943936365562,1373.6488553790207,9768174,RELIANCE.NS
2025-10-15,1367.97509765625,1377.6304066718624,1366.382364141153,1376.6350089791804,10882743,RELIANCE.NS
2025-10-16,1391.8646240234375,1394.0544503152107,1368.671809484766,1368.7713249510273,12315932,RELIANCE.NS
2025-10-17,1410.279541015625,1416.7496262080865,1392.6609284325848,1394.5522084059296,19335561,RELIANCE.NS
2025-10-20,1460.04931640625,1467.0170999313523,1426.7034952504036,1433.3726108781723,24721978,RELIANCE.NS
2025-10-21,1458.4566650390625,1467.2162134241023,1453.2806455896807,1461.2438272093502,2066169,RELIANCE.NS
2025-10-23,1441.7340087890625,1476.0752283864208,1437.9514490416038,1468.2115624957596,18707090,RELIANCE.NS
2025-10-24,1444.9193115234375,1453.0816457634617,1434.3681199531734,1443.3266994671071,9700837,RELIANCE.NS
2025-10-27,1477.2696533203125,1478.16553552233,1451.289798512833,1456.266786847925,14113867,RELIANCE.NS
2025-10-28,1480.056884765625,1485.1333888036675,1470.79963742504,1477.26972256393,17631577,RELIANCE.NS
2025-10-29,1497.277099609375,1501.3583271895798,1481.2512217130793,1483.1425015536738,11884745,RELIANCE.NS
2025-10-30,1481.6494140625,1496.1821955688695,1477.1701246011085,1493.0964871305005,9318663,RELIANCE.NS
2025-10-31,1479.5592041015625,1490.6080945575152,1475.4780977270138,1483.540795005222,8758053,RELIANCE.NS
2025-11-03,1477.866943359375,1488.1195884585134,1472.4918928888083,1479.1610089962214,8452085,RELIANCE.NS
2025-11-04,1466.3203125,1485.9297198935935,1463.334119430687,1477.07065615293,10007806,RELIANCE.NS
2025-11-06,1489.2144775390625,1494.6891648996161,1469.406038969176,1477.1701896475465,16772678,RELIANCE.NS
2025-11-07,1471.19775390625,1491.5038906434634,1469.1074431042953,1487.7213309001133,7821765,RELIANCE.NS
2025-11-10,1482.44580078125,1494.0919049344996,1468.7092643110286,1471.0982430243503,7068438,RELIANCE.NS
2025-11-11,1486.5269775390625,1491.9021495222175,1473.3876547459602,1490.1103850249956,7127506,RELIANCE.NS
2025-11-12,1504.5435791015625,1517.6827797499902,1493.0965058897411,1498.0734942427068,12384459,RELIANCE.NS
2025-11-13,1503.9464111328125,1515.0948167835015,1499.8653048593553,1508.0275174062697,7196443,RELIANCE.NS
2025-11-14,1511.9095458984375,1513.900341239272,1498.5711928131457,1498.5711928131457,7682823,RELIANCE.NS
2025-11-17,1511.3123779296875,1516.6874283079178,1504.5436249599409,1513.900387650411,5871416,RELIANCE.NS
2025-11-18,1512.4072265625,1520.7685911952462,1503.5481631005248,1514.696568271851,11045042,RELIANCE.NS
2025-11-19,1511.9095458984375,1515.2939222795571,1505.0412776708577,1510.4164493928117,5692366,RELIANCE.NS
2025-11-20,1541.9705810546875,1543.7623455509595,1519.6736478639639,1522.9585089376258,18171724,RELIANCE.NS
2025-11-21,1539.4820556640625,1550.6305827884978,1533.0119706260582,1533.9078528560988,9615271,RELIANCE.NS
2025-11-24,1528.831298828125,1542.8663816107544,1524.7501927010492,1542.8663816107544,18433951,RELIANCE.NS
2025-11-25,1532.61376953125,1552.4222077972818,1518.0809876078647,1528.8313312270848,15033482,RELIANCE.NS
2025-11-26,1562.6748046875,1564.3669320995493,1533.4100892950657,1535.2018536795324,14054299,RELIANCE.NS
2025-11-27,1556.2047119140625,1568.2489991897637,1548.8387449947777,1567.7513003642512,9794643,RELIANCE.NS
2025-11-28,1560.285888671875,1574.0224254817672,1555.806599039324,1560.7835875199362,8959508,RELIANCE.NS
2025-12-01,1558.892333984375,1570.2398922139623,1556.403839701944,1567.7513979315313,8920233,RELIANCE.NS
2025-12-02,1539.1834716796875,1560.2858537619331,1534.9032130787248,1553.9152843475838,11389150,RELIANCE.NS
2025-12-03,1531.718017578125,1545.2554018922647,1525.9446623591427,1538.0884656023031,6090883,RELIANCE.NS
2025-12-04,1528.53271484375,1553.3181423785347,1510.6155558800758,1528.9308982335338,11867930,RELIANCE.NS
2025-12-05,1533.5096435546875,1538.685784402705,1513.6016899280953,1523.356635808528,10183266,RELIANCE.NS
2025-12-08,1535.898681640625,1543.861863398969,1527.9354998822807,1532.1161217020071,11301491,RELIANCE.NS
2025-12-09,1522.3612060546875,1535.4008911036892,1513.1039592099478,1533.211064854301,11503971,RELIANCE.NS
2025-12-10,1529.8267822265625,1540.3779737710465,1524.3520947592017,1526.9401045329791,7991629,RELIANCE.NS
2025-12-11,1537.889404296875,1542.8663926602953,1516.9860531705099,1529.826707449835,4706197,RELIANCE.NS
2025-12-12,1549.3365478515625,1552.62140892391,1538.9843872841,1543.6628294631555,5106655,RELIANCE.NS
2025-12-15,1549.037841796875,1551.4268205626304,1539.3825327747268,1544.060853330096,5774543,RELIANCE.NS
2025-12-16,1535.201904296875,1544.5585453663573,1531.7180123854912,1537.8894294536826,11731856,RELIANCE.NS
2025-12-17,1537.292236328125,1542.8664391614582,1532.2157323461342,1542.8664391614582,7116649,RELIANCE.NS
2025-12-18,1537.292236328125,1544.3595357154854,1528.1345045583196,1528.1345045583196,6580829,RELIANCE.NS
2025-12-19,1557.8968505859375,1566.9549449740825,1543.8617679066683,1547.2461442463334,13937275,RELIANCE.NS
2025-12-22,1568.1495361328125,1570.2398469681211,1558.0960438231807,1566.2582562309594,10184852,RELIANCE.NS
2025-12-23,1563.4710693359375,1573.6241984599117,1560.8830596994947,1573.6241984599117,7506564,RELIANCE.NS
2025-12-24,1551.0286865234375,1568.448146711295,1546.4498812900458,1565.4619535362338,8815745,RELIANCE.NS
2025-12-26,1552.0240478515625,1553.8158123179846,1547.1466963201515,1547.5447581940155,2311495,RELIANCE.NS
2025-12-29,1538.4866943359375,1550.9291658570105,1536.495898892566,1547.7439417510202,5972105,RELIANCE.NS
2025-12-30,1532.71337890625,1546.449793829553,1530.7225835687998,1539.8801935176687,8815884,RELIANCE.NS
2025-12-31,1563.172607421875,1569.7422080874378,1533.9078900841737,1533.9078900841737,5771830,RELIANCE.NS
2021-01-01,2521.073974609375,2531.1901256216383,2478.672235260101,2479.533184282421,2681440,TCS.NS
2021-01-04,2616.8115234375,2626.540289649769,2532.008042807982,2539.799673675922,5113293,TCS.NS
2021-01-05,2662.915771484375,2681.210941269064,2616.9411700789765,2616.9411700789765,5801309,TCS.NS
2021-01-06,2627.18603515625,2680.564876440762,2614.8744216601654,2668.942064225586,3726716,TCS.NS
2021-01-07,2611.086669921875,2652.4553193429574,2583.0627325596793,2647.418682650117,3717827,TCS.NS
2021-01-08,2686.935791015625,2693.0486133134364,2634.5040782414053,2660.3325495967133,5879039,TCS.NS
2021-01-11,2734.761474609375,2780.86533670378,2709.0191829689534,2780.86533670378,9508039,TCS.NS
2021-01-12,2733.384033203125,2763.646306658487,2711.989366347113,2734.761425495851,3611458,TCS.NS
2021-01-13,2719.695556640625,2735.2357324439126,2691.542558562412,2733.5138339658242,3572801,TCS.NS
2021-01-14,2804.012451171875,2817.6413724222707,2691.617285579722,2721.462889940996,6931542,TCS.NS
2021-01-15,2789.04736328125,2824.1114607421646,2768.905861020876,2790.4705484120045,4131692,TCS.NS
2021-01-18,2779.041259765625,2809.231822066175,2749.411295099311,2803.4093564796403,4160906,TCS.NS
2021-01-19,2812.638916015625,2828.4243088054377,2787.882697791758,2788.745285260134,2975735,TCS.NS
2021-01-20,2854.12890625,2870.6473688420565,2818.1590578842715,2820.6604768223942,3453446,TCS.NS
2021-01-21,2823.98193359375,2854.4311013086226,2813.846531321214,2850.851447721759,2778546,TCS.NS
2021-01-22,2849.21240234375,2868.1029813523014,2796.421887265517,2796.421887265517,3052459,TCS.NS
2021-01-25,2839.03369140625,2880.8691764700407,2828.1218354412636,2854.258273383143,2272887,TCS.NS
2021-01-27,2812.9404296875,2852.1018098854183,2783.5692892427573,2846.538163774744,2786662,TCS.NS
2021-01-28,2757.303466796875,2824.9733981391223,2746.3054787583183,2786.156969767745,3083938,TCS.NS
2021-01-29,2683.8115234375,2774.814498620506,2674.0210717281498,2768.948861893027,5445659,TCS.NS
2021-02-01,2707.964599609375,2730.089888401526,2625.8031266645894,2674.021691641305,3985846,TCS.NS
2021-02-02,2763.255859375,2780.9820744557087,2717.150600042023,2737.852699851867,2881837,TCS.NS
2021-02-03,2760.3232421875,2791.333221488159,2728.062342505683,2771.493708480054,2505866,TCS.NS
2021-02-04,2750.31689453125,2792.9288406332607,2739.5777229687446,2774.1243922298722,2057261,TCS.NS
2021-02-05,2724.0078125,2765.3258749331653,2699.035949619647,2759.3738955726767,2366135,TCS.NS
2021-02-08,2772.442138671875,2782.706844095316,2721.5924449468753,2751.2224052207093,2526592,TCS.NS
2021-02-09,2740.353759765625,2799.7861565268718,2729.226466814964,2755.9666755606227,2658751,TCS.NS
2021-02-10,2771.751953125,2777.0136095650437,2723.447061886596,2747.3406891842124,2127983,TCS.NS
2021-02-11,2765.454833984375,2776.927286986236,2747.383672493421,2773.2181195445305,1165882,TCS.NS
2021-02-12,2752.344482421875,2799.527980758585,2744.7536696268116,2746.65132017741,2777404,TCS.NS
2021-02-15,2708.395263671875,2768.043101041877,2701.235745785617,2768.043101041877,2630853,TCS.NS
2021-02-16,2681.6123046875,2732.3754572987605,2674.021491882332,2717.15087078366,3435770,TCS.NS
2021-02-17,2650.8173828125,2702.356979177696,2627.053058185839,2678.4201791921864,3678426,TCS.NS
2021-02-18,2637.231689453125,2672.209440285452,2614.5024270724384,2643.8303988706775,4189909,TCS.NS
2021-02-19,2649.739501953125,2662.9369222580963,2601.6932096230908,2637.792580814729,3725028,TCS.NS
2021-02-22,2551.921875,2670.570824384041,2538.7242445051543,2670.570824384041,5366696,TCS.NS
2021-02-23,2570.682861328125,2611.914580107528,2560.159337436969,2561.8845121926547,3832829,TCS.NS
2021-02-24,2542.993896484375,2590.6518484285643,2519.7469985099015,2563.6096502829137,3774549,TCS.NS
2021-02-25,2583.707763671875,2613.55315768681,2560.5472105924123,2565.334612192327,4224073,TCS.NS
2021-02-26,2496.5869140625,2563.9119070690585,2484.25187133284,2553.2588677587523,5553153,TCS.NS
2021-03-01,2522.37841796875,2557.572031379109,2503.0565414965754,2523.9311176442743,3265871,TCS.NS
2021-03-02,2593.239501953125,2609.3266714092324,2542.9074470460882,2553.258494998786,3306469,TCS.NS
2021-03-03,2638.741455078125,2642.968049510322,2585.0883451289606,2617.9530124881944,3509857,TCS.NS
2021-03-04,2630.633056640625,2658.02020976572,2601.6070715025844,2607.602012509075,3916760,TCS.NS
2021-03-05,2594.705810546875,2642.27741665036,2584.829227925613,2601.6496805392176,3203686,TCS.NS
2021-03-08,2593.757080078125,2616.227523444832,2584.311790385993,2601.563537985365,2003125,TCS.NS
2021-03-09,2631.710693359375,2645.468918741427,2580.9475568679964,2593.7568519784845,1942397,TCS.NS
2021-03-10,2648.96240234375,2668.1549695914373,2639.517113614532,2652.4559229949955,3053778,TCS.NS
2021-03-12,2637.748779296875,2688.684601236707,2623.429956540941,2652.4559348100333,2938317,TCS.NS
2021-03-15,2644.822509765625,2673.1585926371235,2623.128518944657,2623.128518944657,3097083,TCS.NS
2021-03-16,2682.690673828125,2709.387718589675,2639.518121262148,2639.518121262148,4894756,TCS.NS
2021-03-17,2685.191162109375,2721.463001120806,2661.3407068912707,2678.3336350174654,3838390,TCS.NS
2021-03-18,2619.24658203125,2714.0880224400876,2576.5916781654355,2696.404981132121,3656306,TCS.NS
2021-03-19,2631.064697265625,2673.1590149339436,2592.075779243788,2613.6404695869146,5776626,TCS.NS
2021-03-22,2699.596435546875,2708.0498337575755,2603.8492389926228,2629.770031169302,2821646,TCS.NS
2021-03-23,2710.767578125,2733.539804025609,2693.7314748970084,2708.5247663743808,3305973,TCS.NS
2021-03-24,2692.222412109375,2719.1351048053625,2683.639496474822,2683.6826679760757,2207104,TCS.NS
2021-03-25,2643.701171875,2700.631942315349,2630.8916642888676,2684.5445603732155,3179786,TCS.NS
2021-03-26,2645.383544921875,2689.5479854378573,2624.8970905748097,2665.956131668487,3697370,TCS.NS
2021-03-30,2724.52587890625,2750.317161758501,2640.294080434551,2659.3573490419767,4694008,TCS.NS
2021-03-31,2741.173583984375,2764.5927487735926,2701.6238655721972,2721.4633767178425,3530069,TCS.NS
2021-04-01,2730.089111328125,2773.218481175331,2712.837363389243,2752.602726625417,4285076,TCS.NS
2021-04-05,2793.833740234375,2814.6221770509164,2718.0124057270723,2735.26415060633,5317862,TCS.NS
2021-04-06,2816.08935546875,2824.9740487941745,2786.157611482499,2824.9740487941745,2291562,TCS.NS
2021-04-07,2821.86865234375,2827.1736918038127,2790.298076321503,2811.1726516221984,2491268,TCS.NS
2021-04-08,2861.504638671875,2876.72922333794,2817.2538591748644,2820.6610375757314,2578118,TCS.NS
2021-04-09,2865.731201171875,2893.420342992683,2853.4393298146024,2893.118353143342,2911129,TCS.NS
2021-04-12,2800.4326171875,2879.402520311566,2771.665248793884,2865.7304284618835,3791828,TCS.NS
2021-04-13,2677.5146484375,2772.3560975851465,2650.7744371664544,2772.3560975851465,8654596,TCS.NS
2021-04-15,2776.62548828125,2792.4108787917376,2663.1952525684956,2726.034824803063,6062760,TCS.NS
2021-04-16,2756.095947265625,2800.821186576273,2745.2706442609606,2785.2946139374144,3224657,TCS.NS
2021-04-19,2727.328857421875,2750.7911923595366,2704.297816180099,2733.539444524105,2679106,TCS.NS
2021-04-20,2712.44970703125,2782.1468227930536,2696.7506558291448,2781.844832915207,3141893,TCS.NS
2021-04-22,2690.238525390625,2715.426043779827,2678.550420091267,2715.426043779827,1988980,TCS.NS
2021-04-23,2682.2158203125,2690.4104015290845,2666.301123120927,2678.3341765783284,1615309,TCS.NS
2021-04-26,2674.711181640625,2719.7382039838667,2663.7131917577217,2675.78941594287,2490260,TCS.NS
2021-04-27,2701.623291015625,2705.1599830091,2676.608260543258,2679.1960223162614,1471417,TCS.NS
2021-04-28,2694.8095703125,2718.013088769156,2684.372177800576,2717.1073298168585,1639037,TCS.NS
2021-04-29,2687.175048828125,2723.490057888426,2678.7648227704813,2713.3546572548553,1621395,TCS.NS
2021-04-30,2618.51318359375,2701.666729816196,2605.013775912573,2673.158176010948,3072305,TCS.NS
2021-05-03,2619.67822265625,2635.2047975682726,2591.212835317542,2609.2408297283305,1545831,TCS.NS
2021-05-04,2630.676513671875,2665.3956643154665,2617.9533466658386,2641.9333238872764,1990777,TCS.NS
2021-05-05,2670.3115234375,2673.503054401822,2632.961450376518,2648.1430714400576,1939289,TCS.NS
2021-05-06,2683.89794921875,2703.349340291839,2651.5940880845924,2678.7655954933966,1791671,TCS.NS
2021-05-07,2702.400634765625,2725.6475392917073,2684.200162579639,2702.4869777635568,1912540,TCS.NS
2021-05-10,2713.268310546875,2729.398650691024,2695.5852711680127,2713.6564327074034,2137153,TCS.NS
2021-05-11,2693.515625,2698.25985592109,2666.387081531657,2695.585750619421,2415625,TCS.NS
2021-05-12,2663.3251953125,2691.272945509579,2648.661208109403,2691.272945509579,1978558,TCS.NS
2021-05-14,2632.18603515625,2672.727651952037,2622.266277855153,2672.727651952037,2043935,TCS.NS
2021-05-17,2647.927490234375,2652.628549124657,2618.8151674734304,2635.2043269536657,2890462,TCS.NS
2021-05-18,2664.359619140625,2694.7226491249216,2655.0436344451055,2674.0205545093654,2098538,TCS.NS
2021-05-19,2658.49462890625,2689.5477783678416,2645.6421596161504,2660.2198038763386,1986041,TCS.NS
2021-05-20,2639.51806640625,2664.3606315027264,2632.7037085764546,2645.642522627466,2329027,TCS.NS
2021-05-21,2657.20068359375,2663.8425649498754,2635.291046239091,2640.3802280410546,1685566,TCS.NS
2021-05-24,2658.062744140625,2678.3335455319293,2649.8681648547786,2658.062744140625,1652260,TCS.NS
2021-05-25,2699.23681640625,2711.5888153252577,2671.5857596156225,2680.167063689186,1841613,TCS.NS
2021-05-26,2737.808837890625,2743.443081185318,2690.3945558736723,2704.4367814528255,1923753,TCS.NS
2021-05-27,2756.446044921875,2789.1680066186677,2740.6702010773824,2740.800137468123,5959785,TCS.NS
2021-05-28,2724.89404296875,2772.0482500019803,2718.0027593529935,2764.680391926616,1763701,TCS.NS
2021-05-31,2738.3720703125,2748.0804738304973,2711.8912971628347,2730.440874326636,1652799,TCS.NS
2021-06-01,2733.0419921875,2747.734325938931,2714.839048376546,2746.5642636676007,1377441,TCS.NS
2021-06-02,2712.628662109375,2738.6328676832036,2700.103345415868,2731.178455725699,2240078,TCS.NS
2021-06-03,2722.856201171875,2734.384771144831,2706.733513946814,2734.384771144831,1281706,TCS.NS
2021-06-04,2725.023681640625,2736.3789345535747,2708.7710553087722,2711.371475521869,1836060,TCS.NS
2021-06-07,2759.219970703125,2765.5043213862273,2716.226470934479,2726.1079859801675,2559821,TCS.NS
2021-06-08,2773.911865234375,2800.652941291355,2762.686758815591,2772.048315150032,2574057,TCS.NS
2021-06-09,2773.999267578125,2791.1187068515155,2761.8205861755296,2775.516179918805,1710925,TCS.NS
2021-06-10,2788.343994140625,2794.5849604125315,2767.713951177796,2782.449665919425,1874324,TCS.NS
2021-06-11,2837.75146484375,2868.263014575131,2783.315968510349,2783.7927544607637,3452954,TCS.NS
2021-06-14,2839.9619140625,2868.002980850691,2834.7610744157955,2842.258866924045,1847360,TCS.NS
2021-06-15,2828.174072265625,2858.7290139704332,2818.4658777931895,2858.7290139704332,1304985,TCS.NS
2021-06-16,2838.22900390625,2855.868395770496,2819.7225935967435,2827.610620330609,1635552,TCS.NS
2021-06-17,2875.8486328125,2891.711241629549,2825.79053363537,2830.5579716522398,2273413,TCS.NS
2021-06-18,2858.121826171875,2910.7369514934426,2838.7919940860706,2904.582539162514,3380431,TCS.NS
2021-06-21,2837.1455078125,2848.327231222669,2818.595714756018,2830.124287870364,1130569,TCS.NS
2021-06-22,2861.502685546875,2883.9097269133786,2847.460457123967,2863.929787012964,1708688,TCS.NS
2021-06-23,2827.004150390625,2885.600385861073,2822.6701155665623,2885.600385861073,1467104,TCS.NS
2021-06-24,2924.25927734375,2932.4071759799676,2841.8258724358034,2846.593309464444,4155204,TCS.NS
2021-06-25,2930.500732421875,2946.839915081533,2903.803038282662,2925.6899119294194,2722861,TCS.NS
2021-06-28,2892.317626953125,2939.7752998610995,2889.0671014114832,2939.7752998610995,1355238,TCS.NS
2021-06-29,2895.871337890625,2917.9315267632273,2883.4325767119,2896.8680809773546,1497322,TCS.NS
2021-06-30,2900.11865234375,2931.5403966902977,2893.8343034744407,2900.3353540288986,1693146,TCS.NS
2021-07-01,2896.434814453125,2914.2043531921013,2888.503617177266,2910.7371261210815,990310,TCS.NS
2021-07-02,2882.522705078125,2894.874702296693,2856.3017987018657,2887.3335252667507,1682274,TCS.NS
2021-07-05,2878.665771484375,2924.606538087408,2862.196440060646,2896.8687167421804,1972858,TCS.NS
2021-07-06,2827.78369140625,2884.7328523262436,2822.4095319025464,2871.7307511288595,2159420,TCS.NS
2021-07-07,2838.748779296875,2845.4665317412073,2809.8409005907183,2838.7921619597746,2640710,TCS.NS
2021-07-08,2824.48974609375,2858.7286121274165,2801.432602292869,2858.7286121274165,2485811,TCS.NS
2021-07-09,2780.84619140625,2844.8599591707584,2774.648607344789,2817.122141165437,6365067,TCS.NS
2021-07-12,2767.801513671875,2804.9874492867843,2763.6841804258574,2804.120642287623,1892226,TCS.NS
2021-07-13,2762.989990234375,2785.9169872102957,2752.111522835311,2785.9169872102957,1809339,TCS.NS
2021-07-14,2786.393310546875,2792.850977652348,2760.7791321609957,2762.5127454307985,2044279,TCS.NS
2021-07-15,2782.398193359375,2807.5037106455648,2774.6233831528752,2803.8117415227093,2232968,TCS.NS
2021-07-16,2775.318115234375,2797.0790558997232,2772.8857169254143,2791.128386115713,1256526,TCS.NS
2021-07-19,2766.457763671875,2779.661940534714,2758.986870561315,2762.4616651086217,1597058,TCS.NS
2021-07-20,2784.873046875,2792.8650288017852,2741.7420491172716,2766.4566853694837,1811945,TCS.NS
2021-07-22,2794.038330078125,2801.5090094588377,2771.148041204873,2771.148041204873,2859334,TCS.NS
2021-07-23,2790.997802734375,2815.9294049643454,2785.611702864252,2805.8958957992936,1776193,TCS.NS
2021-07-26,2777.707275390625,2800.901485798644,2771.8870371361213,2779.835544562506,1259611,TCS.NS
2021-07-27,2765.024169921875,2788.522509498278,2746.0864980011934,2779.8355234873798,1121367,TCS.NS
2021-07-28,2777.924072265625,2783.7008323872246,2721.111063799001,2769.4107846512215,1660654,TCS.NS
2021-07-29,2776.18701171875,2801.943840221094,2771.4091694472813,2780.052678048742,1731997,TCS.NS
2021-07-30,2751.55908203125,2800.2496764459347,2747.1288468343987,2796.340533109807,2999943,TCS.NS
2021-08-02,2796.688232421875,2801.4660747977546,2751.168509892799,2762.461591872151,2608669,TCS.NS
2021-08-03,2853.5869140625,2858.017360153698,2796.2963045334704,2805.026764722277,3804735,TCS.NS
2021-08-04,2844.075439453125,2871.22226784343,2832.9995334698806,2866.7050780162026,2929598,TCS.NS
2021-08-05,2852.7626953125,2879.735828978224,2834.129152953682,2844.9878853404775,2534521,TCS.NS
2021-08-06,2875.21826171875,2887.553737675778,2836.30052753051,2842.859243449068,2292362,TCS.NS
2021-08-09,2886.42431640625,2898.846746739973,2875.391888435514,2887.466712136198,1510489,TCS.NS
2021-08-10,2896.154296875,2910.0534750469133,2880.2572815085764,2880.2572815085764,2040777,TCS.NS
2021-08-11,2905.1015625,2918.8270416006376,2890.2469449854716,2910.1400563577786,1929707,TCS.NS
2021-08-12,2911.660400390625,2925.776751999888,2889.2914124559466,2889.2914124559466,1310205,TCS.NS
2021-08-13,3008.650146484375,3023.0706256820945,2916.6550648642624,2919.4783348451433,4363584,TCS.NS
2021-08-16,3016.9462890625,3035.536563448586,2985.28227245685,3005.6966863671473,2083489,TCS.NS
2021-08-17,3086.529296875,3093.2617103569523,3008.302953290365,3024.89517973779,4336019,TCS.NS
2021-08-18,3093.044677734375,3122.9713004918467,3072.239389790579,3104.598410915286,2631309,TCS.NS
2021-08-20,3092.1318359375,3105.596660619908,3040.4442831243855,3045.6564733240275,2836148,TCS.NS
2021-08-23,3159.803955078125,3190.729707647399,3094.2172159201127,3109.9407441812386,3744176,TCS.NS
2021-08-24,3138.781005859375,3185.821151311202,3122.4494335776335,3176.8300380677483,2511141,TCS.NS
2021-08-25,3178.567626953125,3212.2296918737134,3133.4387849152135,3136.00140292451,2123263,TCS.NS
2021-08-26,3189.73046875,3203.412469252929,3168.9249713334366,3179.436307347297,1902533,TCS.NS
2021-08-27,3231.68896484375,3239.811381469187,3171.7054970558997,3184.649021173358,3944728,TCS.NS
2021-08-30,3215.314208984375,3249.2369321363003,3203.413080439212,3227.215337529538,2033114,TCS.NS
2021-08-31,3289.283447265625,3304.616103294764,3217.181470574093,3222.3501843175904,3207480,TCS.NS
2021-09-01,3227.171630859375,3315.5617081836626,3220.2655198145953,3297.579690643702,2643336,TCS.NS
2021-09-02,3332.979248046875,3352.438011237074,3233.296086852276,3243.720469722299,3403717,TCS.NS
2021-09-03,3337.5830078125,3350.4830528749976,3305.006815102271,3322.7716564433317,1746812,TCS.NS
2021-09-06,3346.227294921875,3368.4660658279004,3313.2167452834974,3344.229245553151,1723693,TCS.NS
2021-09-07,3314.86669921875,3361.819898080558,3308.221240170939,3356.651184145082,1585039,TCS.NS
2021-09-08,3278.59814453125,3314.0845607693886,3262.831352621186,3309.741068553439,4147175,TCS.NS
2021-09-09,3293.58349609375,3308.612022962336,3270.649939914643,3292.1067510211997,1441148,TCS.NS
2021-09-13,3340.449462890625,3346.5736169166,3272.3868587098586,3272.3868587098586,1691473,TCS.NS
2021-09-14,3375.67529296875,3384.8835815661164,3322.771641085691,3344.445625451803,1991188,TCS.NS
2021-09-15,3435.311767578125,3457.4201024494814,3358.388471374295,3372.3746023512094,2461369,TCS.NS
2021-09-16,3390.790771484375,3458.9401238604128,3381.0613910627826,3413.984978155691,2946666,TCS.NS
2021-09-17,3325.2470703125,3427.0149973780008,3305.3972281427864,3405.297538585998,6477148,TCS.NS
2021-09-20,3321.468994140625,3362.7321763615428,3307.8739463058937,3308.8728648310816,2002008,TCS.NS
2021-09-21,3355.73876953125,3363.2096613345666,3319.8614796911293,3351.438754448293,1568129,TCS.NS
2021-09-22,3355.0439453125,3385.187953993705,3346.6176119821243,3355.348074632068,1744067,TCS.NS
2021-09-23,3361.211669921875,3369.6814802938434,3331.458746307525,3361.863193796642,2003869,TCS.NS
2021-09-24,3362.9921875,3426.49391383993,3348.8323610402954,3379.2368053039554,2320754,TCS.NS
2021-09-27,3333.152587890625,3391.3988633473587,3303.573362252145,3387.9240694299947,1673362,TCS.NS
2021-09-28,3282.94189453125,3344.489268897925,3258.7052908969717,3344.489268897925,2253075,TCS.NS
2021-09-29,3294.017822265625,3306.2665561909757,3233.4261006959136,3266.13272711656,2489161,TCS.NS
2021-09-30,3279.814453125,3305.397579887502,3257.7061201389893,3305.397579887502,2252412,TCS.NS
2021-10-01,3240.419677734375,3309.741872761905,3235.902487149107,3285.201135778828,1578374,TCS.NS
2021-10-04,3277.860107421875,3286.8510096871387,3220.6562261020495,3235.728229979652,1356860,TCS.NS
2021-10-05,3329.981689453125,3335.801926439112,3250.3220869079396,3261.093862461569,1877966,TCS.NS
2021-10-06,3310.52294921875,3350.9609058383885,3296.7107282346856,3332.327365878328,1678154,TCS.NS
2021-10-07,3381.75634765625,3387.055493405651,3318.4717883990315,3327.115296164053,1647233,TCS.NS
2021-10-08,3418.892822265625,3466.0197111429757,3387.9238086943383,3409.6412690064817,2934339,TCS.NS
2021-10-11,3201.67578125,3264.1351284142825,3179.43701130972,3261.9633818218576,11845402,TCS.NS
2021-10-12,3173.2255859375,3220.2655276267183,3153.8970431833336,3219.396829075969,5752877,TCS.NS
2021-10-13,3175.266357421875,3192.857500067075,3166.4056761360216,3170.749168147182,3545655,TCS.NS
2021-10-14,3143.28125,3194.2411894028182,3140.4525622982123,3155.0747443011487,6442299,TCS.NS
2021-10-18,3174.352783203125,3179.1833532142864,3134.577130685672,3136.3178613209348,3590107,TCS.NS
2021-10-19,3163.038330078125,3211.7354441500183,3155.248602254649,3193.370649232762,3135441,TCS.NS
2021-10-20,3141.01806640625,3159.426208492171,3114.4283625664993,3143.759632251714,2933693,TCS.NS
2021-10-21,3074.565673828125,3139.7995159026163,3056.0704096897393,3136.883919403963,4871211,TCS.NS
2021-10-22,3045.278076171875,3099.8935052260636,3033.223430340186,3098.5008355842356,2691670,TCS.NS
2021-10-25,3040.142578125,3058.94255450439,3002.7604291932066,3048.8897923083487,2595594,TCS.NS
2021-10-26,3031.13427734375,3071.5191422480484,3024.519416070266,3041.4915394122427,3878763,TCS.NS
2021-10-27,3037.357666015625,3056.0705221856474,3031.4826995436415,3031.4826995436415,2510813,TCS.NS
2021-10-28,2978.08544921875,3061.9452338402966,2972.297604765382,3061.9452338402966,2424942,TCS.NS
2021-10-29,2957.283935546875,3012.334545192476,2947.0135816838533,2959.2858183959333,3960501,TCS.NS
2021-11-01,3025.73779296875,3034.9637499899923,2970.5131581120604,2992.272290245628,2020718,TCS.NS
2021-11-02,3032.526611328125,3058.115477593055,3019.9498757574916,3041.056233416435,3087414,TCS.NS
2021-11-03,3039.53369140625,3063.599210695511,3016.730159499854,3049.934515859704,1537639,TCS.NS
2021-11-04,3053.80712890625,3057.8108942881813,3050.63038055364,3057.5497421995287,328991,TCS.NS
2021-11-08,3048.671875,3088.0559025051743,3029.9154613914975,3088.0559025051743,2526082,TCS.NS
2021-11-09,3051.239990234375,3076.7417393701817,3042.7974882144713,3053.241873185459,1782692,TCS.NS
2021-11-10,3032.6142578125,3063.4251085051474,3029.045674614578,3044.538221499019,1516489,TCS.NS
2021-11-11,3036.00830078125,3055.0258682331873,2990.5752730659246,3028.8713475755,1284514,TCS.NS
2021-11-12,3068.951904296875,3076.0017364113014,3033.832576061058,3051.5010358519503,1747259,TCS.NS
2021-11-15,3092.668701171875,3106.8556964004206,3070.6484191597583,3070.6484191597583,1809157,TCS.NS
2021-11-16,3095.36669921875,3112.0343202233034,3082.8335253882506,3106.3333856890645,2013204,TCS.NS
2021-11-17,3065.339599609375,3100.9812302018886,3051.8489368672776,3090.3192548089405,1632914,TCS.NS
2021-11-18,3025.12890625,3064.426030619223,3004.1532281043856,3059.464777964114,2136598,TCS.NS
2021-11-22,3010.0712890625,3060.16085491759,2994.317804519924,3027.4785951812783,3167936,TCS.NS
2021-11-23,3015.163330078125,3029.6983897266873,2966.0312458584126,2998.4087961663104,2153461,TCS.NS
2021-11-24,2996.92919921875,3040.229877506103,2980.131104641125,3022.0826740714665,2161746,TCS.NS
2021-11-25,2999.191650390625,3014.074981759771,2988.877949258958,2997.450919820738,1849619,TCS.NS
2021-11-26,3000.018798828125,3037.574977522078,2969.5993607935234,2981.0012315223835,1941251,TCS.NS
2021-11-29,3048.019287109375,3071.8238631118234,2964.8558400184647,3000.2796653058103,2981745,TCS.NS
2021-11-30,3071.64990234375,3101.764629552227,3038.44554802296,3038.44554802296,5588446,TCS.NS
2021-12-01,3113.9931640625,3124.611578739854,3076.7414849151487,3076.7414849151487,2102118,TCS.NS
2021-12-02,3170.653564453125,3175.092512337047,3110.7726037312136,3123.914991843836,3152938,TCS.NS
2021-12-03,3168.521240234375,3190.7155548684677,3160.165861043513,3173.743431912985,2486263,TCS.NS
2021-12-06,3077.959716796875,3183.796220721799,3065.4265416572375,3168.5212674324416,1849642,TCS.NS
2021-12-07,3119.82470703125,3131.574639670369,3067.428753612896,3100.6766686563897,1484458,TCS.NS
2021-12-08,3156.72802734375,3173.743712566218,3134.185649600943,3134.185649600943,1428660,TCS.NS
2021-12-09,3134.838623046875,3163.560681646319,3103.7230595641445,3142.019137696736,1567957,TCS.NS
2021-12-10,3165.344482421875,3169.8703393647284,3111.6429873202883,3120.259518567422,1510718,TCS.NS
2021-12-13,3141.7138671875,3187.2775734207476,3134.7945058876894,3176.833190329254,1883864,TCS.NS
2021-12-14,3154.030029296875,3163.7780788158257,3113.035735906248,3137.6671180553103,1747007,TCS.NS
2021-12-15,3107.509033203125,3153.333684191236,3096.890405868701,3150.72258812373,1603233,TCS.NS
2021-12-16,3117.30029296875,3140.6694726505343,3107.203970979604,3117.648354075334,2072320,TCS.NS
2021-12-17,3119.69384765625,3178.0083208796227,3110.424330014637,3135.4908923462717,4333992,TCS.NS
2021-12-20,3095.80224609375,3138.5372672585236,3055.112668377628,3123.7410571799337,2312310,TCS.NS
2021-12-21,3140.5390625,3169.173995034654,3104.0706300032657,3118.2140657139958,2340989,TCS.NS
2021-12-22,3160.078369140625,3165.3441209643534,3138.7544222855827,3154.2034041907664,1224328,TCS.NS
2021-12-23,3187.88720703125,3194.676099434365,3159.4263018517217,3175.0928785551187,1792861,TCS.NS
2021-12-24,3195.0234375,3224.7029749788608,3172.3070339161004,3207.295671470203,2209923,TCS.NS
2021-12-27,3216.95703125,3220.351370671129,3179.5313261313895,3195.1107788469503,1534135,TCS.NS
2021-12-28,3226.052490234375,3242.110687247403,3214.998893611058,3229.0552079698964,1456218,TCS.NS
2021-12-29,3215.73828125,3237.715002681955,3207.295781257609,3213.6059289954974,1456923,TCS.NS
2021-12-30,3249.7265625,3255.1663458319385,3202.94442584533,3204.1195040416433,1966475,TCS.NS
2021-12-31,3253.730224609375,3272.573548475662,3247.5941067076774,3257.6033077203024,1207141,TCS.NS
2022-01-03,3322.83740234375,3333.4993781616295,3259.5183214661365,3263.870148330577,2346158,TCS.NS
2022-01-04,3381.151611328125,3384.981133665279,3317.571383436288,3334.456597811897,2488606,TCS.NS
2022-01-05,3360.437744140625,3368.314594670406,3318.181455241469,3363.962767028713,1733031,TCS.NS
2022-01-06,3313.872802734375,3337.8514127479953,3283.0183908436607,3317.833007925778,1810293,TCS.NS
2022-01-07,3353.95263671875,3363.874716003597,3304.2546937860716,3324.7953995758726,2460591,TCS.NS
2022-01-10,3376.886962890625,3462.3132338266632,3360.4804916552907,3462.3132338266632,3937092,TCS.NS
2022-01-11,3408.26318359375,3416.18359233309,3356.128390327744,3356.128390327744,1906106,TCS.NS
2022-01-12,3359.52294921875,3419.665276673529,3339.200046881566,3416.1838154603215,3203744,TCS.NS
2022-01-13,3392.59716796875,3414.443424249762,3356.9993085218794,3410.09159730068,6684507,TCS.NS
2022-01-14,3453.739990234375,3461.4428081583696,3359.653628525893,3375.146173409217,3348123,TCS.NS
2022-01-17,3498.128662109375,3518.886959817252,3448.6485215692674,3475.10754208303,3442604,TCS.NS
2022-01-18,3473.2802734375,3517.755818179657,3464.0543151392512,3511.010486284599,2389041,TCS.NS
2022-01-19,3413.1630859375,3498.0421346447133,3409.544807459659,3498.0421346447133,3102539,TCS.NS
2022-01-20,3336.3486328125,3417.827148146218,3322.790627955417,3409.108201339722,6176776,TCS.NS
2022-01-21,3342.40869140625,3358.1464350043802,3288.002541429297,3319.303479374878,3112358,TCS.NS
2022-01-24,3288.22021484375,3356.4894006591326,3260.9735050308036,3348.075701814863,3258414,TCS.NS
2022-01-25,3286.955810546875,3321.3956518901114,3245.36647509271,3286.607137805823,3330501,TCS.NS
2022-01-27,3181.76171875,3255.131572257952,3160.7055469917223,3253.0391101339314,5718297,TCS.NS
2022-01-28,3217.335205078125,3251.9930207471753,3178.928199480695,3178.928199480695,3143862,TCS.NS
2022-01-31,3257.61669921875,3276.5804096792403,3244.668977275617,3268.7333570748997,2739393,TCS.NS
2022-02-01,3313.766845703125,3320.1753575502544,3257.7476054923573,3287.043355557894,2105169,TCS.NS
2022-02-02,3362.199951171875,3369.000771700149,3313.766163032658,3337.525291145709,1984212,TCS.NS
2022-02-03,3334.64892578125,3385.131549382014,3327.194182693847,3357.6668632762744,1960538,TCS.NS
2022-02-04,3326.191650390625,3334.7362626792733,3286.171761052053,3326.540536057178,2307366,TCS.NS
2022-02-07,3294.89013671875,3340.9262203657618,3274.9672572822224,3305.352873326484,1919149,TCS.NS
2022-02-08,3263.894287109375,3312.938365711903,3244.3202929778845,3305.832508802573,2946443,TCS.NS
2022-02-09,3278.803466796875,3293.974348552429,3266.2046316844016,3269.604935671538,1638721,TCS.NS
2022-02-10,3287.348388671875,3304.3066986400545,3276.580403583315,3304.3066986400545,2112459,TCS.NS
2022-02-11,3221.607666015625,3271.7852545985124,3217.291829305399,3271.7852545985124,3851488,TCS.NS
2022-02-14,3255.436767578125,3307.3145011357815,3234.729268889145,3246.9357944321227,5951745,TCS.NS
2022-02-15,3328.719482421875,3343.7160280319836,3267.861192454726,3300.993189603413,3931683,TCS.NS
2022-02-16,3324.62158203125,3360.3692627561973,3318.431044857309,3351.5630416267727,3256906,TCS.NS
2022-02-17,3299.42431640625,3343.716615581994,3294.890505941162,3334.9976674318455,3134372,TCS.NS
2022-02-18,3307.8818359375,3327.1071602416628,3276.2322226992383,3286.1717389925,3688883,TCS.NS
2022-02-21,3242.9248046875,3337.438310386208,3230.8491917697265,3321.9185433848156,7465922,TCS.NS
2022-02-22,3126.963134765625,3198.0225543570805,3112.6641465214116,3182.415724034496,5408531,TCS.NS
2022-02-23,3107.258056640625,3158.786900421603,3100.1519878434424,3148.4114396987115,2426203,TCS.NS
2022-02-24,2965.880615234375,3037.5505321408286,2956.68229614939,3028.9622839273047,5039136,TCS.NS
2022-02-25,3069.723388671875,3077.78841497173,3018.499572983606,3023.7309413943226,2549723,TCS.NS
2022-02-28,3098.887939453125,3107.2145759792743,3013.1806523150753,3042.9123451891032,3288942,TCS.NS
2022-03-02,3091.86962890625,3114.3645570939316,3056.863138182847,3097.4062459767724,2761341,TCS.NS
2022-03-03,3090.343017578125,3120.1619820561186,3077.8750955641544,3106.429642628316,1928039,TCS.NS
2022-03-04,3072.862060546875,3104.9912513670993,3040.340346833838,3052.93918222262,2370257,TCS.NS
2022-03-07,3038.465576171875,3093.4822136519515,2991.9501243817053,3008.036538077574,3054130,TCS.NS
2022-03-08,3138.777587890625,3146.6682782658586,3016.7559553338515,3016.7559553338515,3300992,TCS.NS
2022-03-09,3167.244384765625,3185.9028439162776,3136.2484894008503,3143.180008844603,2719654,TCS.NS
2022-03-10,3157.087646484375,3212.060659906195,3151.8999146473657,3212.060659906195,2005441,TCS.NS
2022-03-11,3138.080078125,3173.566366707418,3132.5873111877163,3141.654931943972,1623423,TCS.NS
2022-03-14,3176.312744140625,3180.9774664485976,3121.383371952632,3121.383371952632,1765688,TCS.NS
2022-03-15,3133.50244140625,3190.262874496947,3126.091336067845,3190.262874496947,3651133,TCS.NS
2022-03-16,3187.5595703125,3198.109580738433,3152.989032536903,3174.1324778294074,3090475,TCS.NS
2022-03-17,3202.2509765625,3234.7290512686336,3191.3959310793352,3223.0457484666144,3600452,TCS.NS
2022-03-21,3162.100341796875,3238.173151385832,3151.8992167802776,3222.5226847081344,2413831,TCS.NS
2022-03-22,3226.838623046875,3235.6012072887484,3160.618263654463,3173.696684055792,2907611,TCS.NS
2022-03-23,3236.822021484375,3251.993118025489,3217.291664008723,3232.985769686814,1596195,TCS.NS
2022-03-24,3269.474609375,3276.7548028095052,3221.6510972508927,3226.010570995481,1879046,TCS.NS
2022-03-25,3232.505859375,3295.325913070277,3201.597235823272,3278.2366923518357,1690133,TCS.NS
2022-03-28,3232.72412109375,3237.3452058404378,3192.181015230141,3221.651100344847,1760990,TCS.NS
2022-03-29,3230.67529296875,3245.1922553919017,3218.163518176117,3221.433123484478,2689063,TCS.NS
2022-03-30,3253.519287109375,3259.1429663483013,3231.4166674002768,3259.1429663483013,1583455,TCS.NS
2022-03-31,3260.84326171875,3273.6600740697772,3243.6233375861384,3260.8868990363826,2168110,TCS.NS
2022-04-01,3277.234619140625,3280.9401720854466,3250.467491029845,3267.861749927253,1387014,TCS.NS
2022-04-04,3287.348388671875,3295.7620876915726,3258.3578888264396,3280.067982512089,1472994,TCS.NS
2022-04-05,3326.1044921875,3344.2399475087295,3288.7873503056335,3288.7873503056335,2314947,TCS.NS
2022-04-06,3274.27001953125,3321.308698504881,3253.1699963861447,3321.308698504881,2051729,TCS.NS
2022-04-07,3212.19091796875,3265.681745359496,3207.7007452082726,3265.681745359496,2494829,TCS.NS
2022-04-08,3213.4990234375,3230.370273168039,3175.87684750731,3217.291851009464,2296773,TCS.NS
2022-04-11,3222.871337890625,3236.7782280173724,3187.734153364789,3217.2912972094496,2291660,TCS.NS
2022-04-12,3218.2509765625,3260.0146522734094,3180.9774739188283,3211.1885435471963,4483476,TCS.NS
2022-04-13,3192.83447265625,3234.598352823879,3187.254432214075,3232.1133680019534,1621672,TCS.NS
2022-04-18,3076.088134765625,3147.5398627614222,3071.249076614158,3147.5398627614222,3820792,TCS.NS
2022-04-19,3027.131103515625,3107.0403799545356,2998.576552281814,3095.2261642756557,3170014,TCS.NS
2022-04-20,3101.15478515625,3111.9225558490607,3034.193236670542,3051.6311288353154,2640370,TCS.NS
2022-04-21,3163.80078125,3177.184450731517,3110.3972281195647,3121.383187052368,2280996,TCS.NS
2022-04-22,3149.763427734375,3153.64331680634,3113.9721056051544,3122.342380367201,1581465,TCS.NS
2022-04-25,3093.656982421875,3124.870857781857,3080.49149910498,3102.201593746609,1960694,TCS.NS
2022-04-26,3092.000244140625,3128.270936257901,3067.4562804026878,3117.1542787359804,1943469,TCS.NS
2022-04-27,3104.991455078125,3111.3126918404437,3057.124519775637,3091.7386978183854,1727648,TCS.NS
2022-04-28,3125.132568359375,3142.6575260875848,3084.8074339349073,3128.358536540344,1703660,TCS.NS
2022-04-29,3092.3486328125,3159.0922091212788,3083.7605984504776,3136.2049751491727,2051115,TCS.NS
2022-05-02,3088.599365234375,3093.438422867655,3045.30988321926,3068.9817366115326,1324161,TCS.NS
2022-05-04,3033.97509765625,3091.2585277224043,3021.3762638268604,3085.198903098395,2305825,TCS.NS
2022-05-05,3063.3154296875,3080.40465472383,3038.8589482486464,3062.182136619397,1612262,TCS.NS
2022-05-06,2992.865478515625,3029.3977769803973,2985.8030471346583,3015.883410728218,2010812,TCS.NS
2022-05-09,3003.764404296875,3013.2679710271254,2918.1007532108174,2962.6980803096562,2481830,TCS.NS
2022-05-10,2998.228515625,3020.941419799455,2983.624276399491,2994.0870149491093,1622685,TCS.NS
2022-05-11,2974.905029296875,3006.685551881528,2948.8788846185103,2994.958609506086,1841769,TCS.NS
2022-05-12,2971.98388671875,3007.7752079636566,2920.934620561456,2945.2603983861713,2807195,TCS.NS
2022-05-13,2977.43310546875,2999.2304728192926,2948.878554239539,2994.958273964552,2187823,TCS.NS
2022-05-16,2944.21435546875,2990.599115503573,2935.3210712259547,2977.5206937156568,1195813,TCS.NS
2022-05-17,3009.432373046875,3022.8594686963716,2921.1964432417662,2938.2856675819935,1754076,TCS.NS
2022-05-18,3006.990478515625,3047.271971010071,3001.977083999657,3021.1151300571946,1866781,TCS.NS
2022-05-19,2844.0771484375,2968.801739876672,2816.220152658341,2961.826581603834,4642963,TCS.NS
2022-05-20,2871.149169921875,2889.3716835160767,2851.139229667737,2885.9713794234453,3065125,TCS.NS
2022-05-23,2896.216064453125,2911.1689726105033,2848.479832187359,2881.437492653417,2293690,TCS.NS
2022-05-24,2866.7900390625,2898.9194468786245,2855.978628927339,2890.4618972135286,1711510,TCS.NS
2022-05-25,2780.461669921875,2890.3583930021523,2768.5241539139447,2890.3583930021523,3548046,TCS.NS
2022-05-26,2832.51318359375,2845.2847498563847,2791.7848372931185,2800.957469317206,2813186,TCS.NS
2022-05-27,2862.66455078125,2878.113137542295,2834.488114923966,2855.554544933507,3103153,TCS.NS
2022-05-30,2962.685791015625,2972.648541346063,2884.6523186812783,2894.0004601077003,2094624,TCS.NS
2022-05-31,2953.118408203125,2969.839714625581,2918.5781569271903,2944.165004523289,4840965,TCS.NS
2022-06-01,2945.08642578125,2973.8772519538998,2931.788329574225,2973.8772519538998,1493835,TCS.NS
2022-06-02,3004.59912109375,3012.499031140447,2937.2743749999877,2944.9109118520396,2657939,TCS.NS
2022-06-03,3019.6533203125,3052.262528156964,3011.797340038392,3036.5503533099322,1913622,TCS.NS
2022-06-06,3011.577880859375,3030.9327068602524,2964.3539226711787,3000.210828858483,1084210,TCS.NS
2022-06-07,2951.669677734375,3000.9564672739875,2945.788676454605,2985.3321578943005,2308256,TCS.NS
2022-06-08,2988.0537109375,2996.6558797926627,2937.450473837152,2966.9872799283585,2185707,TCS.NS
2022-06-09,3008.198486328125,3016.888302906763,2943.243661069149,2971.2443716436987,1279197,TCS.NS
2022-06-10,2949.212646484375,2978.2668532896387,2942.2783649357116,2968.6114051946824,1527582,TCS.NS
2022-06-13,2826.061279296875,2890.4893497484964,2802.229755076651,2887.8560463627555,3030921,TCS.NS
2022-06-14,2818.117431640625,2843.002020001427,2786.6493705312914,2800.0792606285445,2611493,TCS.NS
2022-06-15,2814.386962890625,2838.7010882886284,2809.73475065303,2825.0956872779684,1404536,TCS.NS
2022-06-16,2757.946533203125,2848.225040609445,2750.090553952072,2843.967780896921,2032028,TCS.NS
2022-06-17,2711.337158203125,2737.5386155213027,2654.2385282186283,2714.058324390178,5240434,TCS.NS
2022-06-20,2731.965087890625,2755.094360836937,2693.8700417072273,2715.814242112141,1502769,TCS.NS
2022-06-21,2819.34619140625,2841.992643096797,2743.3753468292443,2747.413164355795,2964461,TCS.NS
2022-06-22,2829.001708984375,2853.2281861623023,2793.934927975882,2808.7691181856167,3336315,TCS.NS
2022-06-23,2904.358642578125,2912.434064877153,2829.0021781757464,2829.0021781757464,3692578,TCS.NS
2022-06-24,2890.577392578125,2936.1334582739805,2876.8841283984966,2930.8668511739374,2132118,TCS.NS
2022-06-27,2909.537109375,2951.845477755388,2902.3394557167258,2940.5223579770245,2037686,TCS.NS
2022-06-28,2912.5654296875,2922.9670648721058,2872.5832738577947,2902.778403463079,1400046,TCS.NS
2022-06-29,2888.294921875,2925.600053064694,2871.178449917376,2871.178449917376,2133994,TCS.NS
2022-06-30,2867.75537109375,2906.20143071572,2857.134294601676,2872.0563477532055,2719603,TCS.NS
2022-07-01,2909.88818359375,2925.6001418403152,2854.544879724983,2861.5230910289315,1502879,TCS.NS
2022-07-04,2839.623291015625,2912.390169414773,2830.8456113873167,2907.167492895693,2622535,TCS.NS
2022-07-05,2823.16455078125,2872.0561732174024,2814.957336327149,2857.134120972691,2170627,TCS.NS
2022-07-06,2862.181396484375,2868.9840970357063,2810.8319794194863,2825.095706381955,2182144,TCS.NS
2022-07-07,2885.969482421875,2913.6628902111784,2865.9563300088125,2871.1790065280893,1989921,TCS.NS
2022-07-08,2866.307373046875,2901.0231390991876,2852.7459007783236,2896.6342992518366,2136916,TCS.NS
2022-07-11,2733.193603515625,2830.801346623151,2726.3469713524055,2814.255336753604,6974600,TCS.NS
2022-07-12,2707.65087890625,2752.855930441553,2703.7448542061684,2734.159429373983,3734815,TCS.NS
2022-07-13,2667.3173828125,2729.8583498303165,2664.025752969457,2724.591742081448,3863530,TCS.NS
2022-07-14,2639.15478515625,2690.4197342968428,2611.212087556013,2689.5396493330554,4764908,TCS.NS
2022-07-15,2635.501953125,2665.688689015533,2598.890340539718,2656.5799405130747,4574806,TCS.NS
2022-07-18,2696.14013671875,2707.977235850919,2652.8400018798093,2660.496697666323,3202795,TCS.NS
2022-07-19,2705.600830078125,2709.7371858696033,2666.701122969062,2666.701122969062,1865074,TCS.NS
2022-07-20,2785.292236328125,2791.584756291882,2726.5465797601073,2735.1274060003793,3402251,TCS.NS
2022-07-21,2796.29345703125,2802.189982174116,2767.03063765082,2787.228540686377,2420640,TCS.NS
2022-07-22,2790.7490234375,2813.6312292430425,2766.5466903739457,2803.070211178946,2075886,TCS.NS
2022-07-25,2787.008544921875,2804.3461725371144,2771.4751341224537,2785.4683965193763,1797504,TCS.NS
2022-07-26,2742.25634765625,2788.9008455480016,2725.1827872039253,2785.2045320841903,2639367,TCS.NS
2022-07-27,2806.45849609375,2811.078941286618,2737.063723775086,2741.4641477682935,1389808,TCS.NS
2022-07-28,2869.5166015625,2872.5968984818282,2817.7235231303016,2830.3528264453307,2106333,TCS.NS
2022-07-29,2905.9521484375,2919.5055843641176,2882.277951362933,2895.4792244226105,2430257,TCS.NS
2022-08-01,2903.2236328125,2928.0419799310016,2878.757233650227,2928.0419799310016,1306913,TCS.NS
2022-08-02,2897.063232421875,2915.632893070421,2879.329394508913,2895.4790367844817,1269114,TCS.NS
2022-08-03,2939.04296875,2947.40377372174,2884.081720092872,2886.677927084893,2895824,TCS.NS
2022-08-04,2952.640869140625,2981.6396243775794,2910.748955728847,2948.284491745122,2150567,TCS.NS
2022-08-05,2961.529052734375,2972.0460218910716,2952.684158556276,2958.140640705015,1106933,TCS.NS
2022-08-08,2969.80224609375,2973.718580659818,2935.96302696034,2961.4854873266017,1068836,TCS.NS
2022-08-10,2952.024658203125,2979.0872677998295,2935.0830245531556,2979.0872677998295,1878359,TCS.NS
2022-08-11,3012.090087890625,3017.5465704239223,2970.3301090460086,2992.2881808117236,1449248,TCS.NS
2022-08-12,2993.652587890625,3009.0100251572753,2975.7868229198702,3009.0100251572753,1472354,TCS.NS
2022-08-16,2985.864013671875,3005.3580232327295,2981.2876151396117,3001.969610403311,839942,TCS.NS
2022-08-17,2993.256591796875,3008.0858922168222,2966.854046980335,2979.1752345613872,1622326,TCS.NS
2022-08-18,2975.78662109375,2985.2475323475046,2958.844989313771,2983.4873628119226,1430659,TCS.NS
2022-08-19,2979.74755859375,3011.2105949135394,2966.98632707943,2980.8476647587777,1398410,TCS.NS
2022-08-22,2952.288330078125,2978.294877316551,2945.9955952204223,2961.4851727084474,1536532,TCS.NS
2022-08-23,2890.72705078125,2941.155745444211,2877.877724840754,2921.837924178498,1849256,TCS.NS
2022-08-24,2864.983642578125,2911.32001331342,2860.45107772581,2897.2386589564026,1691923,TCS.NS
2022-08-25,2832.289306640625,2885.0503557407283,2829.2530565751263,2883.158259068392,1946930,TCS.NS
2022-08-26,2835.809326171875,2866.4363215518924,2831.05695398552,2846.4584386730107,1457962,TCS.NS
2022-08-29,2756.90966796875,2765.842442693576,2711.5412538067208,2750.264984792601,2539173,TCS.NS
2022-08-30,2826.08447265625,2839.5938614918264,2765.314783665754,2776.6677926566595,3431525,TCS.NS
2022-09-01,2756.16162109375,2807.4706096920486,2746.7447563789606,2807.4706096920486,3546935,TCS.NS
2022-09-02,2755.017333984375,2783.708184014529,2746.1286065456165,2783.708184014529,2052900,TCS.NS
2022-09-05,2757.658203125,2770.4634826160527,2739.0444916578144,2749.0773745303613,2147912,TCS.NS
2022-09-06,2752.069580078125,2764.214794894149,2733.85186528633,2759.506254646854,1936453,TCS.NS
2022-09-07,2771.915283203125,2782.7401547857316,2730.023159097114,2730.023159097114,1291534,TCS.NS
2022-09-08,2789.560302734375,2801.74956142263,2781.1556659839825,2789.868418316236,1346113,TCS.NS
2022-09-09,2831.8046875,2845.7541171155735,2788.5486067978027,2811.8708533119707,1561185,TCS.NS
2022-09-12,2854.071533203125,2877.7019007814883,2838.2740508387974,2851.3872310503625,1785928,TCS.NS
2022-09-13,2842.101806640625,2872.1125680484006,2838.2733519875155,2872.1125680484006,1972678,TCS.NS
2022-09-14,2746.216552734375,2764.698333727928,2740.408121912217,2759.065876894723,5090269,TCS.NS
2022-09-15,2732.091552734375,2761.4863014530865,2728.2630976032406,2754.6656437090783,2138023,TCS.NS
2022-09-16,2647.91162109375,2723.2910281150525,2640.2549247847733,2707.141382879321,5322221,TCS.NS
2022-09-19,2665.600830078125,2677.2179062249493,2629.5173540244687,2671.93739753417,2072220,TCS.NS
2022-09-20,2675.722412109375,2710.6176956785125,2666.6574938274252,2684.259193456649,1544295,TCS.NS
2022-09-21,2641.310546875,2676.6899140420137,2638.626245172588,2664.896863274496,2253818,TCS.NS
2022-09-22,2646.76708984375,2666.6130461683933,2622.036834497055,2631.453699411689,2017983,TCS.NS
2022-09-23,2624.457275390625,2660.056667387396,2621.772973415071,2643.7750963876715,2652374,TCS.NS
2022-09-26,2635.32568359375,2663.00452081125,2575.2160671939755,2604.9189274404216,2925489,TCS.NS
2022-09-27,2655.61181640625,2662.256499568145,2619.1323446991073,2648.527090847732,2227447,TCS.NS
2022-09-28,2671.629638671875,2684.2148957050317,2622.6529999705645,2622.6529999705645,2739767,TCS.NS
2022-09-29,2637.87841796875,2689.407429965768,2631.453755459116,2687.779187014094,2493902,TCS.NS
2022-09-30,2644.259033203125,2657.5922330079447,2596.3384551119543,2632.2019134840502,2817353,TCS.NS
2022-10-03,2627.008544921875,2658.471570103951,2617.3716613005267,2635.8534383305573,1763331,TCS.NS
2022-10-04,2720.47412109375,2726.502788091317,2660.496426210475,2666.612972771875,2145875,TCS.NS
2022-10-06,2729.97900390625,2749.3849167299395,2721.6181983015977,2737.943814323573,1790816,TCS.NS
2022-10-07,2697.371826171875,2732.663312710145,2691.387421404363,2725.9745822630443,1939879,TCS.NS
2022-10-10,2744.588623046875,2752.0252969781927,2644.6549464085288,2649.055370612203,3064063,TCS.NS
2022-10-11,2701.4638671875,2767.8662107328337,2687.2065389000104,2728.2624016762434,4730645,TCS.NS
2022-10-12,2728.923095703125,2736.97578612618,2694.8638550176415,2714.9736648998382,1665247,TCS.NS
2022-10-13,2731.16748046875,2737.064006255312,2686.3271983230893,2728.9232210277037,2054781,TCS.NS
2022-10-14,2727.514404296875,2772.2667971102837,2702.740106008153,2767.866373622807,2245977,TCS.NS
2022-10-17,2745.69140625,2760.3826551550005,2710.132155751458,2711.190947627584,1517005,TCS.NS
2022-10-18,2774.76611328125,2784.1634058767845,2760.5160409525565,2779.4426789680774,1793722,TCS.NS
2022-10-19,2754.60302734375,2787.382702940104,2745.911671905541,2787.382702940104,1194289,TCS.NS
2022-10-20,2785.883544921875,2788.2658809132267,2739.735936783408,2739.735936783408,1587601,TCS.NS
2022-10-21,2768.323974609375,2788.6183117668575,2759.1474909324643,2786.324298557894,1021913,TCS.NS
2022-10-24,2789.765380859375,2804.147932217598,2783.853595389088,2797.17735486645,260949,TCS.NS
2022-10-25,2790.118896484375,2809.663142136303,2780.45685356415,2806.3542823473385,2069643,TCS.NS
2022-10-27,2785.9716796875,2800.618985502652,2765.6333934178274,2788.8835194484113,2438421,TCS.NS
2022-10-28,2791.13330078125,2804.589329497575,2775.0301844485994,2779.4419971424763,1355739,TCS.NS
2022-10-31,2817.516357421875,2822.678265363278,2803.9722192864997,2822.678265363278,1919414,TCS.NS
2022-11-01,2876.237060546875,2878.7960411046947,2826.604168845417,2836.3543177659885,2991060,TCS.NS
2022-11-02,2860.354736328125,2885.325640459638,2843.0163977761526,2885.325640459638,1405955,TCS.NS
2022-11-03,2829.51611328125,2848.310478720669,2819.148353296513,2848.310478720669,1422652,TCS.NS
2022-11-04,2838.913330078125,2841.251720209756,2793.692247035101,2838.5604712079626,1464013,TCS.NS
2022-11-07,2853.295654296875,2861.325239443402,2819.2365900807545,2849.148593513063,1474498,TCS.NS
2022-11-09,2837.72216796875,2867.501904513535,2825.0160177906464,2867.501904513535,1162267,TCS.NS
2022-11-10,2828.5458984375,2845.619702822668,2797.0897544024365,2797.0897544024365,1573092,TCS.NS
2022-11-11,2925.86962890625,2948.5023542732615,2872.133843597439,2884.972259916198,3265394,TCS.NS
2022-11-14,2943.12060546875,2955.0325011886807,2919.7379953518493,2932.973435040661,1342074,TCS.NS
2022-11-15,2940.561279296875,2947.046514255534,2904.7372765347063,2930.3257883875335,1400708,TCS.NS
2022-11-16,2960.63525390625,2971.7087315184385,2930.723034354456,2946.120217692935,1748235,TCS.NS
2022-11-17,2955.03271484375,2964.738704650642,2927.45888016508,2947.091450456293,1417986,TCS.NS
2022-11-18,2950.13525390625,2967.1648955283736,2930.326256203919,2955.9147721418635,1164540,TCS.NS
2022-11-21,2897.2373046875,2941.531859652826,2887.9724983225788,2931.6494426143504,1304194,TCS.NS
2022-11-22,2924.98779296875,2928.517243290538,2872.310790000173,2894.1492638662367,1149739,TCS.NS
2022-11-23,2919.120361328125,2938.267587507952,2903.8554445911927,2938.267587507952,1150011,TCS.NS
2022-11-24,2982.517333984375,2993.811616370863,2919.1197215276015,2926.134459885213,1296591,TCS.NS
2022-11-25,2990.900146484375,3002.988685816619,2954.149832260228,2985.032521665577,1588981,TCS.NS
2022-11-28,2995.84130859375,3015.0326931639333,2969.6351851613313,2970.0322052062625,2195437,TCS.NS
2022-11-29,2997.6943359375,3025.6210229911208,2985.0323478503824,2985.0323478503824,1576028,TCS.NS
2022-11-30,2991.914794921875,3013.179601826006,2977.9734243991,2985.0323243680464,3410702,TCS.NS
2022-12-01,3066.783203125,3070.6215662510285,3017.679815108769,3022.0916277039573,2180856,TCS.NS
2022-12-02,3034.5771484375,3060.827434912216,3011.503453385087,3051.298091486406,2411749,TCS.NS
2022-12-05,3022.885498046875,3034.576800767576,3006.2089335417827,3029.1503577484414,1475065,TCS.NS
2022-12-06,2987.10595703125,3007.047220155349,2971.7968815829117,3000.07664261676,1166999,TCS.NS
2022-12-07,2982.914794921875,2994.473614579414,2959.4438659290595,2972.0616929376706,1167505,TCS.NS
2022-12-08,2956.400146484375,2982.915186541277,2946.605835144837,2964.7384302352993,1285619,TCS.NS
2022-12-09,2905.3994140625,2977.1796968244453,2890.928753775441,2977.1796968244453,1797896,TCS.NS
2022-12-12,2899.84033203125,2908.2669373884346,2855.413507309817,2872.5312544502576,1527610,TCS.NS
2022-12-13,2940.120361328125,2943.958509197416,2883.3844058485947,2891.6785277132994,1378016,TCS.NS
2022-12-14,2969.458740234375,2979.7381772420185,2947.8848046662138,2954.8555977030205,1213311,TCS.NS
2022-12-15,2916.296630859375,2968.9294722548675,2910.869971774407,2963.6794580212227,1415694,TCS.NS
2022-12-16,2859.0751953125,2904.737456359463,2845.7955961171497,2889.7372933102192,2703680,TCS.NS
2022-12-19,2825.368896484375,2863.7075041646976,2818.7070165010405,2847.383797855332,2120965,TCS.NS
2022-12-20,2862.33984375,2866.7958175446647,2791.4860905554474,2822.5893692776544,1529971,TCS.NS
2022-12-21,2884.0458984375,2896.8401542703996,2858.854406799651,2866.7956690407614,1432566,TCS.NS
2022-12-22,2876.237060546875,2906.502138037383,2863.3546970197967,2906.502138037383,1384101,TCS.NS
2022-12-23,2848.575439453125,2882.5464001920377,2838.5605375865457,2838.5605375865457,1360281,TCS.NS
2022-12-26,2870.237060546875,2887.09027146601,2845.6633927147495,2848.575232221792,870157,TCS.NS
2022-12-27,2876.060302734375,2888.67812840142,2851.3541550195223,2884.619175108632,835883,TCS.NS
2022-12-28,2873.94287109375,2881.884133279231,2846.5013122623786,2867.501582014755,910795,TCS.NS
2022-12-29,2884.22265625,2886.6491533221797,2848.2663814531547,2851.00179159365,1037927,TCS.NS
2022-12-30,2873.58984375,2910.9138197149614,2864.325037715745,2899.487268690152,1163131,TCS.NS
2023-01-02,2877.78125,2882.546136946802,2854.6192334296225,2877.3842299429016,709547,TCS.NS
2023-01-03,2921.81103515625,2929.4433843116235,2863.5309512487165,2869.442736681144,1245178,TCS.NS
2023-01-04,2924.72314453125,2935.929322035629,2899.6199713139727,2917.708404852759,1231668,TCS.NS
2023-01-05,2921.590576171875,2944.70843071638,2895.869579901462,2938.443570763314,1826057,TCS.NS
2023-01-06,2833.75146484375,2913.1640936237372,2823.560134399543,2911.7963885995287,2488376,TCS.NS
2023-01-09,2929.399169921875,2935.619868272381,2842.221716863226,2849.1483482571443,2885060,TCS.NS
2023-01-10,2899.79638671875,2910.031879132558,2850.119544259817,2898.5611652366442,3864655,TCS.NS
2023-01-11,2937.12060546875,2955.4737922696013,2886.3405902260693,2903.061535323691,2720512,TCS.NS
2023-01-12,2942.10595703125,2955.9148461892505,2925.5174963028508,2937.385230735527,2250391,TCS.NS
2023-01-13,2977.576171875,2981.502641592047,2916.207821977424,2949.649271801032,1742837,TCS.NS
2023-01-16,3008.709716796875,3025.8105105428135,2976.2226370534986,2993.323430799437,1843607,TCS.NS
2023-01-17,3048.732177734375,3051.8005344403805,2996.933416683974,3005.0551874608955,1688475,TCS.NS
2023-01-18,3059.199951171875,3076.300744593618,3043.1820163242933,3050.17576252535,2421189,TCS.NS
2023-01-19,3043.949462890625,3056.4929982286035,3033.030105416692,3050.1760655484736,1585044,TCS.NS
2023-01-20,3034.92578125,3063.3969277693154,3028.157637960052,3036.640289423254,1529349,TCS.NS
2023-01-23,3081.670654296875,3085.3706604429835,3028.1573821258276,3057.395670541336,1067916,TCS.NS
2023-01-24,3100.982421875,3115.1051909529156,3083.8364610513177,3090.7850432164355,1387863,TCS.NS
2023-01-25,3095.0712890625,3099.8089883897333,3072.7364208055433,3091.055568934269,874110,TCS.NS
2023-01-27,3078.196533203125,3109.736034820771,3052.2519856113963,3091.687653887394,1785879,TCS.NS
2023-01-30,3098.590576171875,3120.970609015345,3055.1843591556817,3086.272646280671,1953798,TCS.NS
2023-01-31,3030.95458984375,3112.4430679566062,3024.0060077479234,3112.4430679566062,2820375,TCS.NS
2023-02-01,3075.759521484375,3085.3701945661082,3027.615385425356,3034.83473656795,2205161,TCS.NS
2023-02-02,3122.731201171875,3130.4920941444207,3086.3638849511244,3092.590489084154,1813847,TCS.NS
2023-02-03,3142.49365234375,3162.0761001103447,3115.9624021902155,3162.0761001103447,1804469,TCS.NS
2023-02-06,3122.323974609375,3134.2358590554663,3101.4782319079895,3134.2358590554663,1138714,TCS.NS
2023-02-07,3133.695068359375,3152.149492409252,3123.632964557196,3130.4011068970385,1455647,TCS.NS
2023-02-08,3176.604736328125,3194.4724536099607,3138.6579789733587,3138.6579789733587,1986946,TCS.NS
2023-02-09,3195.330322265625,3201.421650359285,3163.249283575588,3172.0027035874955,1655427,TCS.NS
2023-02-10,3192.352294921875,3196.683950073236,3165.8210448180002,3176.5147978181903,1187821,TCS.NS
2023-02-13,3142.583251953125,3202.6844342820445,3134.461482466357,3202.6844342820445,1087939,TCS.NS
2023-02-14,3158.55712890625,3180.892001269694,3153.954703443889,3162.9788942978053,1579818,TCS.NS
2023-02-15,3177.1015625,3181.929592578164,3122.505209592746,3146.7352493817516,1429449,TCS.NS
2023-02-16,3210.852294921875,3226.1482544705477,3182.8321380468874,3183.012577801887,1618931,TCS.NS
2023-02-17,3159.50439453125,3193.5707139463975,3149.442510168604,3182.0648709651223,1061369,TCS.NS
2023-02-20,3147.005615234375,3178.319508405955,3135.9509832133717,3160.271129596154,1296082,TCS.NS
2023-02-21,3114.24755859375,3166.4975236812143,3108.607440587024,3153.0515704800237,1139541,TCS.NS
2023-02-22,3069.623291015625,3110.6381891326687,3063.712402699568,3081.715617084995,1218430,TCS.NS
2023-02-23,3080.677978515625,3115.5112191854573,3075.443904333321,3087.175351151494,1441570,TCS.NS
2023-02-24,3068.630126953125,3098.8611583545735,3052.2513129923154,3088.528506610633,977592,TCS.NS
2023-02-27,3006.724853515625,3059.2004305919913,2992.4214241424907,3059.2004305919913,1128022,TCS.NS
2023-02-28,2989.578857421875,3061.0052327901076,2977.892355176233,3003.701626574845,4116217,TCS.NS
2023-03-01,3055.3193359375,3058.297362088523,2991.5183698210253,2998.7377203364304,1669307,TCS.NS
2023-03-02,2997.33984375,3041.0620046165113,2994.2265419515475,3033.0305628388037,1556538,TCS.NS
2023-03-03,3016.01953125,3030.3229603301693,3006.047977690829,3026.713284379806,1043190,TCS.NS
2023-03-06,3042.8212890625,3072.691222785889,3031.2251179450036,3033.8420446565137,1334132,TCS.NS
2023-03-08,3059.561279296875,3064.614913806922,3005.8224042793245,3035.7375059029696,1844590,TCS.NS
2023-03-09,3011.237060546875,3054.6884491786423,3005.82254630904,3054.6884491786423,1648500,TCS.NS
2023-03-10,3005.957763671875,3011.5978825619827,2968.9585837527675,2989.623891239265,1024404,TCS.NS
2023-03-13,2961.694091796875,3040.97169171865,2952.7150665107374,3007.762627347276,1901233,TCS.NS
2023-03-14,2901.23193359375,2981.9532694589166,2896.2234640568317,2959.9343338825,2670334,TCS.NS
2023-03-15,2886.747802734375,2942.2016217694713,2880.521200296672,2932.861497795797,1780522,TCS.NS
2023-03-16,2874.2041015625,2905.608322308614,2862.47265625,2894.9597355769233,1901060,TCS.NS
2023-03-17,2869.06103515625,2907.05274636702,2837.2055974572454,2843.07132149779,6739966,TCS.NS
2023-03-20,2836.57373046875,2860.3523392948427,2793.0320130478685,2860.3523392948427,2289468,TCS.NS
2023-03-21,2803.003662109375,2848.7110949967246,2795.197605797223,2836.5736038648693,1815297,TCS.NS
2023-03-22,2825.29345703125,2836.7541342993322,2803.003751733395,2824.616642779389,1123939,TCS.NS
2023-03-23,2819.74267578125,2839.325339026034,2798.400560344026,2810.9440929165758,1372218,TCS.NS
2023-03-24,2815.998291015625,2860.668028367099,2802.9132164379207,2841.6269006823486,1329577,TCS.NS
2023-03-27,2817.62255859375,2845.1011698701245,2802.913086548761,2829.083234491425,1524217,TCS.NS
2023-03-28,2811.84716796875,2842.2136983642395,2806.6582589143677,2821.864106617975,1303530,TCS.NS
2023-03-29,2832.603271484375,2842.620211786107,2801.1992625412336,2823.6694103741997,1740616,TCS.NS
2023-03-31,2893.0654296875,2899.472693701478,2844.425126220684,2878.6718884834154,2382581,TCS.NS
2023-04-03,2887.740234375,2910.2555399514736,2864.0517402648925,2910.2555399514736,1521830,TCS.NS
2023-04-05,2923.656494140625,2945.810919909518,2874.655108871209,2874.655108871209,2655065,TCS.NS
2023-04-06,2906.4208984375,2939.494687765259,2901.277154078457,2910.3013442933197,1703464,TCS.NS
2023-04-10,2944.953857421875,2952.7147483714607,2901.276869197508,2905.78896386189,2203187,TCS.NS
2023-04-11,2900.1943359375,2953.572333679193,2880.6568316583844,2945.4957273871946,2348779,TCS.NS
2023-04-12,2925.326171875,2942.742900903807,2886.8380934850798,2912.9630768697316,2417727,TCS.NS
2023-04-13,2877.679443359375,2914.8139038841546,2869.692945619694,2896.7655205783703,4174070,TCS.NS
2023-04-17,2833.14453125,2854.7122578378658,2770.6520137188445,2828.2715566379666,5505048,TCS.NS
2023-04-18,2825.248046875,2848.8012689229336,2807.064393679631,2847.08654077672,2617302,TCS.NS
2023-04-19,2788.114013671875,2833.59584613262,2771.7801405720834,2825.248469834299,3298034,TCS.NS
2023-04-20,2801.830322265625,2809.230113386837,2777.6454510133904,2788.4744781128575,2419999,TCS.NS
2023-04-21,2852.410888671875,2855.659464544931,2798.2205892743714,2806.5227991505576,1929184,TCS.NS
2023-04-24,2864.999755859375,2870.5495443318514,2821.09694130206,2843.612470588807,1640676,TCS.NS
2023-04-25,2866.08203125,2879.798752575437,2840.363096145899,2872.3989626790776,2024090,TCS.NS
2023-04-26,2886.0712890625,2895.3210839802464,2870.5948910586885,2870.5948910586885,2000029,TCS.NS
2023-04-27,2876.86669921875,2887.0189132942296,2861.2548059548058,2874.204607146831,2434446,TCS.NS
2023-04-28,2905.111572265625,2912.330922293776,2884.3559409346913,2888.100890634963,2931312,TCS.NS
2023-05-02,2905.24755859375,2919.325382723846,2896.7649083596743,2919.325382723846,2321159,TCS.NS
2023-05-03,2869.602294921875,2902.1797112754293,2863.5109662368286,2902.1797112754293,2468285,TCS.NS
2023-05-04,2906.4208984375,2909.8049697680735,2867.8876502834637,2869.827763052802,1953253,TCS.NS
2023-05-05,2915.4453125,2927.4475304707257,2896.8104464023822,2905.789472292151,1710027,TCS.NS
2023-05-08,2933.4033203125,2937.2386011027506,2915.9865893662864,2928.349685732607,928235,TCS.NS
2023-05-09,2962.867431640625,2976.1781130132586,2929.2523210554996,2935.208375084693,1107375,TCS.NS
2023-05-10,2966.070556640625,2983.848165339088,2947.345364010718,2968.9582531273554,1559987,TCS.NS
2023-05-11,2961.874267578125,2986.7359537053417,2952.714803365684,2986.1043045039883,1719623,TCS.NS
2023-05-12,2954.790771484375,2968.95870665941,2941.886134866163,2959.1673717339913,1027479,TCS.NS
2023-05-15,2937.419189453125,2970.7635294766205,2931.3730258472074,2963.5441770356083,1150390,TCS.NS
2023-05-16,2940.216552734375,2964.446592461722,2933.2679700818376,2938.456879642463,986306,TCS.NS
2023-05-17,2895.592041015625,2959.9345651071476,2886.161805748151,2938.231342296513,1588815,TCS.NS
2023-05-18,2887.60498046875,2913.865236223911,2883.2281610176747,2911.1579797346926,1369364,TCS.NS
2023-05-19,2908.361083984375,2918.8741769245094,2890.4931442019483,2896.764912019686,1152449,TCS.NS
2023-05-22,2976.809814453125,2985.6084005993453,2903.12738372472,2914.813666901652,1333243,TCS.NS
2023-05-23,2975.3203125,3003.204968703597,2969.0485451363493,2983.396917684391,1687418,TCS.NS
2023-05-24,2981.005859375,2993.5042301988665,2956.324611866416,2956.324611866416,1016555,TCS.NS
2023-05-25,2972.11669921875,2983.3969356663692,2948.2929279682253,2972.567908676655,1374917,TCS.NS
2023-05-26,3004.062744140625,3012.8613300442594,2969.8611496266935,2972.117197294292,1791115,TCS.NS
2023-05-29,2996.34716796875,3042.95702357488,2988.811880806644,3032.8499743215725,1210372,TCS.NS
2023-05-30,2992.601806640625,3002.3028107703726,2979.201016847023,2991.518947917476,1344224,TCS.NS
2023-05-31,2968.50732421875,3002.9796862307608,2946.5333332663195,2986.1044948593535,5815424,TCS.NS
2023-06-01,2999.640869140625,3014.0795736852247,2975.7267647386316,2990.61667880025,1177314,TCS.NS
2023-06-02,2983.036376953125,3010.379496788302,2975.6815298082374,3001.671241441304,2030661,TCS.NS
2023-06-05,2967.965576171875,3002.347826057909,2964.491395428479,2991.518798732182,1861468,TCS.NS
2023-06-06,2916.888671875,2967.920505036819,2906.3304147456515,2959.9340095974917,2022849,TCS.NS
2023-06-07,2955.33203125,2958.896762718088,2924.740113866195,2935.5691423655453,1567196,TCS.NS
2023-06-08,2920.633544921875,2950.9097424591514,2917.52024384417,2942.7879725257776,1759366,TCS.NS
2023-06-09,2896.133056640625,2932.8614622739865,2892.568546003746,2928.349367716642,1775689,TCS.NS
2023-06-12,2930.064208984375,2936.8323515906563,2897.6674545025,2901.2771305591828,2324605,TCS.NS
2023-06-13,2927.176513671875,2946.398082746791,2922.9351883665713,2941.885987673672,1371928,TCS.NS
2023-06-14,2933.80908203125,2938.140736922636,2911.068169247874,2927.1762148240855,1658544,TCS.NS
2023-06-15,2924.03564453125,2952.3549628143746,2918.3080796100494,2950.4004215744562,2273810,TCS.NS
2023-06-16,2886.39794921875,2908.6716434866084,2869.2154738515223,2906.489819361,4156189,TCS.NS
2023-06-19,2918.67236328125,2922.763450383881,2886.4892335228265,2900.126190531596,1468186,TCS.NS
2023-06-20,2934.400390625,2938.7642612974137,2910.1721522414337,2921.9453475049922,1528452,TCS.NS
2023-06-21,2962.128662109375,2965.0378350347974,2930.990945518115,2954.6738371268343,1645987,TCS.NS
2023-06-22,2944.21875,2970.7198119240816,2936.5821435529915,2963.7650532654006,1529603,TCS.NS
2023-06-23,2924.08154296875,2954.1281240159633,2917.535626765662,2943.1277797551047,1119505,TCS.NS
2023-06-26,2899.807373046875,2921.8537828251756,2884.6704423318647,2913.76261193622,1978803,TCS.NS
2023-06-27,2906.8076171875,2917.989741403973,2893.125162893644,2911.034983956594,863542,TCS.NS
2023-06-28,2923.263427734375,2937.354949548723,2903.2170571492807,2916.490450350226,1575872,TCS.NS
2023-06-30,3002.17578125,3009.2215416572035,2922.036027465169,2927.3998078961313,2672406,TCS.NS
2023-07-03,2974.947509765625,3017.2220741820643,2971.720052392161,3013.130987303054,1687264,TCS.NS
2023-07-04,3008.17626953125,3013.767332814385,2979.493160479394,2991.0390723859205,1656681,TCS.NS
2023-07-05,3018.267578125,3026.495253047851,3004.676122356007,3018.31307903841,1453008,TCS.NS
2023-07-06,3020.948974609375,3025.9946921480014,3001.948240187536,3006.084827429316,1848238,TCS.NS
2023-07-07,3026.722412109375,3051.859779118901,3001.948608480936,3001.948608480936,1789326,TCS.NS
2023-07-10,2974.629150390625,3022.6312796193856,2968.4925202267236,3022.6312796193856,1407431,TCS.NS
2023-07-11,2975.0380859375,2995.58452074979,2964.4923069892843,2995.58452074979,1110172,TCS.NS
2023-07-12,2963.674072265625,2990.266136197233,2954.764772000077,2982.811311383607,1515240,TCS.NS
2023-07-13,3036.99560546875,3061.4511244735218,2975.3565198894707,2985.5842369007783,4585146,TCS.NS
2023-07-14,3195.27490234375,3204.548209497131,3047.4049393977743,3059.223633971811,6306101,TCS.NS
2023-07-17,3174.410400390625,3227.3217423976093,3161.0917295383088,3191.0475301955958,2743228,TCS.NS
2023-07-18,3179.092529296875,3203.775329331685,3150.136639084645,3160.137072859517,2600090,TCS.NS
2023-07-19,3154.72802734375,3197.275374973218,3132.545112140107,3181.9564387643286,2405370,TCS.NS
2023-07-20,3156.779052734375,3170.9982338938335,3131.940826772371,3147.4818530276434,1715404,TCS.NS
2023-07-21,3070.18701171875,3130.892412746542,3061.755687476042,3102.772940548675,3770223,TCS.NS
2023-07-24,3094.295654296875,3111.3405552900845,3073.6503948838067,3081.762606135278,1680132,TCS.NS
2023-07-25,3098.30615234375,3105.2792181395616,3081.0333776826646,3096.8022755718303,1272980,TCS.NS
2023-07-26,3088.4169921875,3118.0861839499244,3085.4090157010746,3099.4005458932415,1066803,TCS.NS
2023-07-27,3096.255615234375,3109.700159270894,3085.454538799316,3094.4782454445894,1701769,TCS.NS
2023-07-28,3058.428466796875,3093.3387496319633,3036.1880906607657,3085.408792220562,2599831,TCS.NS
2023-07-31,3118.632568359375,3123.3722948817326,3063.4415361987367,3066.6317666989726,2743678,TCS.NS
2023-08-01,3146.5244140625,3153.770750326194,3112.753500683223,3112.753500683223,1956167,TCS.NS
2023-08-02,3136.13330078125,3141.374393886134,3111.477553853232,3130.937826905583,1914899,TCS.NS
2023-08-03,3099.035400390625,3129.3882090010948,3069.913198256954,3117.3109079687597,2026351,TCS.NS
2023-08-04,3138.777099609375,3163.7975804799803,3100.2208356691253,3100.2208356691253,2248493,TCS.NS
2023-08-07,3175.692626953125,3179.2929859139754,3136.680615761602,3148.256552023698,1853889,TCS.NS
2023-08-08,3163.432861328125,3181.070146163837,3150.6719384869994,3175.692417693925,1634225,TCS.NS
2023-08-09,3156.049560546875,3160.1512856075137,3121.9141376043485,3158.2370582327517,1794589,TCS.NS
2023-08-10,3137.454833984375,3158.2367274218736,3126.4712824103544,3144.6555504345674,1096701,TCS.NS
2023-08-11,3143.562255859375,3159.8322990598804,3111.8422029571116,3133.80930927876,1679974,TCS.NS
2023-08-14,3144.519287109375,3149.213394617888,3109.1076379281085,3136.178979187144,1190425,TCS.NS
2023-08-16,3152.31201171875,3159.2394578812937,3131.165387032337,3144.655548093036,1328445,TCS.NS
2023-08-17,3131.667236328125,3154.5002181176783,3111.112990794358,3149.213505497685,1843241,TCS.NS
2023-08-18,3069.09326171875,3108.1962872876197,3059.431330874163,3108.1962872876197,2526749,TCS.NS
2023-08-21,3100.5849609375,3107.968154886351,3073.559239908139,3076.2937232176655,1375579,TCS.NS
2023-08-22,3082.810791015625,3109.1074942796968,3067.224369814653,3099.081055570498,1222012,TCS.NS
2023-08-23,3097.48583984375,3100.9039438382806,3077.205089476201,3088.143022258699,1330046,TCS.NS
2023-08-24,3087.91552734375,3110.9763829614676,3079.1196943322775,3106.373291177773,1152881,TCS.NS
2023-08-25,3082.03662109375,3086.1383466415105,3053.7346703076323,3076.294160820315,1158046,TCS.NS
2023-08-28,3076.794677734375,3093.61170332989,3062.7121350822867,3093.61170332989,1037485,TCS.NS
2023-08-29,3077.341552734375,3089.555710512283,3067.178479771432,3081.8080085574366,944517,TCS.NS
2023-08-30,3090.832275390625,3106.464539813538,3083.6315577486384,3097.258356216005,1188200,TCS.NS
2023-08-31,3059.70458984375,3114.941019553153,3047.7183044022304,3099.9925997056025,3417652,TCS.NS
2023-09-01,3080.122314453125,3089.0550054789314,3059.7049257080084,3068.0906309950083,1277950,TCS.NS
2023-09-04,3115.94384765625,3129.023882322115,3071.7819850635196,3079.0283215980144,1828332,TCS.NS
2023-09-05,3125.83349609375,3141.9212836855104,3103.775152977507,3117.310934204945,1501842,TCS.NS
2023-09-06,3126.3349609375,3139.0958842003674,3097.3496132666887,3130.0721774776193,1314818,TCS.NS
2023-09-07,3149.441650390625,3153.771249649537,3119.4079484590598,3127.1556523960603,1885092,TCS.NS
2023-09-08,3137.272705078125,3158.3283161992513,3131.029101522507,3149.441245179643,1518917,TCS.NS
2023-09-11,3172.59326171875,3177.1963534783295,3140.0985716091377,3155.593978203435,1783604,TCS.NS
2023-09-12,3263.879150390625,3272.1736158051285,3174.7349547012377,3182.9384041965895,4476016,TCS.NS
2023-09-13,3252.075439453125,3271.2168221792035,3231.2477030451937,3255.0377963035894,1754929,TCS.NS
2023-09-14,3244.96533203125,3279.2830034640006,3231.7942838832855,3254.08027504476,2604721,TCS.NS
2023-09-15,3279.830322265625,3288.079391037457,3247.153159229306,3252.0753624763356,2952897,TCS.NS
2023-09-18,3286.985595703125,3298.971881144957,3258.820506435336,3263.195724267092,1395753,TCS.NS
2023-09-20,3286.894775390625,3304.167551602088,3263.1502992373726,3263.1502992373726,1649396,TCS.NS
2023-09-21,3267.98095703125,3285.937352425598,3215.7522827621383,3270.9433138676945,2004073,TCS.NS
2023-09-22,3284.707275390625,3312.143350603467,3249.5237189665327,3266.7964963365184,1989083,TCS.NS
2023-09-25,3260.5517578125,3299.6093777193378,3243.6891132026085,3283.6582274126836,1238778,TCS.NS
2023-09-26,3268.345947265625,3276.7772718114297,3223.044712861221,3251.8480295119207,1726062,TCS.NS
2023-09-27,3271.626953125,3294.1408207023737,3241.000651722388,3272.264954709884,1541134,TCS.NS
2023-09-28,3223.727783203125,3283.9320321574332,3215.159824951922,3281.37980335937,1755753,TCS.NS
2023-09-29,3216.2998046875,3252.6227295109343,3195.2898104993865,3224.138524411228,2243791,TCS.NS
2023-10-03,3202.85498046875,3221.403759691803,3172.0920416447743,3221.403759691803,1948148,TCS.NS
2023-10-04,3224.639404296875,3233.982222159653,3169.539610773689,3177.7430606044213,1788138,TCS.NS
2023-10-05,3271.673095703125,3303.256293268838,3236.8994446369993,3239.451673917619,2990768,TCS.NS
2023-10-06,3300.88623046875,3313.2370259636054,3258.638592157678,3273.176885530309,2075691,TCS.NS
2023-10-09,3316.3359375,3353.388098061812,3309.636364246382,3322.4429058385053,4233074,TCS.NS
2023-10-10,3307.72216796875,3325.13180122624,3282.610673537835,3317.885464751515,1848148,TCS.NS
2023-10-11,3290.40380859375,3326.954825968897,3285.937574689828,3326.954825968897,2426417,TCS.NS
2023-10-12,3229.014404296875,3271.0341609654283,3224.9582988828793,3258.5923519076296,4241281,TCS.NS
2023-10-13,3254.810302734375,3260.4159050312583,3213.018189889624,3217.575662499397,2890357,TCS.NS
2023-10-16,3212.15234375,3258.273833459736,3207.6404903319494,3250.389494786418,1671104,TCS.NS
2023-10-17,3196.65673828125,3221.3581049971613,3193.284253235353,3217.5754919446927,1672065,TCS.NS
2023-10-18,3178.608642578125,3210.921072479593,3175.64628596808,3200.256633189991,1408245,TCS.NS
2023-10-19,3157.955810546875,3177.3296712861907,3154.5288620352453,3170.6127629599455,1514545,TCS.NS
2023-10-20,3193.5048828125,3198.0284103099434,3147.3553086674356,3153.158141056141,1481211,TCS.NS
2023-10-23,3116.375244140625,3179.248365587948,3108.2877801873806,3173.810985687688,1106272,TCS.NS
2023-10-25,3098.053466796875,3129.9468505709046,3086.2646280054373,3098.418918791431,1518537,TCS.NS
2023-10-26,3049.298828125,3083.065649974906,3043.1303207181386,3077.9024700555783,1984471,TCS.NS
2023-10-27,3062.275146484375,3072.3732650438515,3049.5269439177077,3061.4070309033023,1108851,TCS.NS
2023-10-30,3087.497802734375,3091.427414880595,3046.5571476248833,3061.407257455826,910972,TCS.NS
2023-10-31,3078.5419921875,3106.1860427295915,3061.4529873832034,3106.1860427295915,999811,TCS.NS
2023-11-01,3043.72412109375,3081.14657643751,3025.767000563393,3065.9765288100825,1563475,TCS.NS
2023-11-02,3070.63720703125,3085.121641576822,3055.1929592139313,3055.1929592139313,1245384,TCS.NS
2023-11-03,3062.229248046875,3096.041801533921,3056.1979534521793,3090.65015927537,1402598,TCS.NS
2023-11-06,3089.05078125,3100.0627515914302,3069.631410167517,3084.2530542766804,1099852,TCS.NS
2023-11-07,3080.095703125,3110.8925036423684,3076.0291020236123,3086.99533768145,1191144,TCS.NS
2023-11-08,3090.239501953125,3108.8820129756928,3079.273266502525,3081.009497872084,992899,TCS.NS
2023-11-09,3059.076904296875,3099.3321699375433,3054.1421877854477,3098.0528650963947,2112352,TCS.NS
2023-11-10,3046.282958984375,3059.076899811592,3036.139325479398,3050.441034374945,1338557,TCS.NS
2023-11-13,3044.54638671875,3066.8900433965077,3040.3883117938562,3066.8900433965077,1030990,TCS.NS
2023-11-15,3111.02978515625,3118.9802615645867,3066.9363782941077,3091.6561463483945,2059802,TCS.NS
2023-11-16,3196.5205078125,3225.3068746335257,3120.0765776114918,3134.5612355569488,3951984,TCS.NS
2023-11-17,3200.724365234375,3220.8748683172735,3191.6773098626118,3196.5207753389523,2021292,TCS.NS
2023-11-20,3216.396484375,3229.4644012541794,3190.4886676051424,3190.4886676051424,1475621,TCS.NS
2023-11-21,3207.806640625,3234.171387970376,3199.39923794906,3216.396992381275,1807236,TCS.NS
2023-11-22,3226.0380859375,3228.322718442621,3181.213774673943,3198.4855071691995,1798051,TCS.NS
2023-11-23,3206.02490234375,3238.695148266586,3198.4856148230956,3225.9012058072935,2729804,TCS.NS
2023-11-24,3159.28076171875,3202.643034620084,3155.5338758084054,3193.2303056888272,1989733,TCS.NS
2023-11-28,3171.20654296875,3181.350399374295,3137.25699707058,3159.2809411434473,1689195,TCS.NS
2023-11-29,3211.05078125,3214.934656261117,3176.37010665481,3181.122097340804,1441634,TCS.NS
2023-11-30,3187.153564453125,3213.7008135539186,3181.1220458782195,3197.982587796699,3266235,TCS.NS
2023-12-01,3209.13134765625,3213.9748124979737,3189.3922594927312,3198.485050944408,1172141,TCS.NS
2023-12-04,3209.86279296875,3242.167584431117,3196.657662284584,3239.2888137345485,1625213,TCS.NS
2023-12-05,3227.363037109375,3233.2116065096975,3201.044028590681,3233.2116065096975,1377656,TCS.NS
2023-12-06,3293.617431640625,3301.613644771774,3221.468564387526,3228.276947197519,1896572,TCS.NS
2023-12-07,3303.48681640625,3317.788748405097,3282.2854733793333,3294.4397617823906,1967653,TCS.NS
2023-12-08,3314.270263671875,3330.993816342727,3291.7438789584367,3320.027581556413,1641155,TCS.NS
2023-12-11,3329.074462890625,3338.304465932567,3303.5780575817766,3310.797405863893,1102503,TCS.NS
2023-12-12,3355.759765625,3379.7939215758247,3318.2003172411905,3325.4654041320105,2236866,TCS.NS
2023-12-13,3283.976318359375,3335.5632728478577,3256.058066070388,3329.6689659326335,3850968,TCS.NS
2023-12-14,3351.327392578125,3361.151312264597,3315.093210605896,3317.286368548256,3290396,TCS.NS
2023-12-15,3528.38623046875,3560.3253463636993,3350.824558139156,3350.824558139156,8531230,TCS.NS
2023-12-18,3526.7412109375,3590.5281905815186,3500.1937384877283,3525.736106571666,2521612,TCS.NS
2023-12-19,3487.4453125,3522.9943233611416,3463.502411689987,3513.7643200390503,2004435,TCS.NS
2023-12-20,3454.40966796875,3562.9296988605265,3442.072653930527,3497.543479836221,2586083,TCS.NS
2023-12-21,3461.21826171875,3478.764194819794,3420.8717407298955,3432.6603552689257,1517562,TCS.NS
2023-12-22,3494.573486328125,3514.6325128426206,3437.9146065811733,3472.6410167486597,2413058,TCS.NS
2023-12-26,3468.57421875,3503.711816102494,3463.6392795100446,3490.7808875582864,1285231,TCS.NS
2023-12-27,3482.8759765625,3489.2729465846164,3443.397577619161,3471.7270162885334,1293976,TCS.NS
2023-12-28,3472.549560546875,3507.367445431527,3465.421686382815,3494.5735047759663,1682889,TCS.NS
2023-12-29,3466.609619140625,3493.2943032121766,3441.0217370731516,3465.3303142807017,1574996,TCS.NS
2024-01-01,3482.78466796875,3501.884103192092,3447.966785319353,3463.5022836894645,825907,TCS.NS
2024-01-02,3457.288330078125,3482.7849604684966,3442.7124205931514,3482.7849604684966,1344068,TCS.NS
2024-01-03,3373.716796875,3446.9165110740164,3369.421732416939,3442.4842348014154,1803075,TCS.NS
2024-01-04,3350.916259765625,3398.619342238505,3336.477337594187,3382.8553778250566,3598144,TCS.NS
2024-01-05,3415.890625,3424.892165201283,3358.2723788278463,3358.4093675177683,1963127,TCS.NS
2024-01-08,3361.42529296875,3417.5815111616193,3356.0334267910252,3415.890793989658,1067805,TCS.NS
2024-01-09,3372.02587890625,3429.09617357813,3365.4919196193155,3390.3486750012953,1370944,TCS.NS
2024-01-10,3393.181640625,3407.9860133570014,3370.2895802803837,3372.1172861265227,1292227,TCS.NS
2024-01-11,3413.7431640625,3447.966909732182,3387.6526197660214,3403.1881186966993,1777909,TCS.NS
2024-01-12,3548.30810546875,3568.824058571868,3492.3803522837784,3516.505979741258,6813450,TCS.NS
2024-01-15,3567.4990234375,3623.4267767315314,3550.3185441619166,3618.85751219593,2801505,TCS.NS
2024-01-16,3528.66015625,3563.1123650684103,3523.4055022107223,3563.1123650684103,1432672,TCS.NS
2024-01-17,3549.95361328125,3573.119654011733,3484.1104570374932,3490.0047645318223,3458696,TCS.NS
2024-01-18,3566.402587890625,3572.0684315207345,3529.300069127091,3562.1987751054894,2239110,TCS.NS
2024-01-19,3628.471435546875,3647.3359347309056,3602.705290319906,3630.2658185854475,2941975,TCS.NS
2024-01-23,3550.436767578125,3620.051280568456,3536.173365803367,3588.8559304230384,2618854,TCS.NS
2024-01-24,3535.299072265625,3573.8101208438484,3501.98717363284,3570.451409769425,2657709,TCS.NS
2024-01-25,3506.312255859375,3552.9673375818998,3477.2332310375527,3533.550617096936,2205154,TCS.NS
2024-01-29,3497.754150390625,3515.2383200453005,3479.211818227295,3497.570151432114,1646747,TCS.NS
2024-01-30,3497.340576171875,3540.8209514073164,3484.87155590721,3503.6900014204284,1411621,TCS.NS
2024-01-31,3511.511474609375,3528.12148113154,3493.5671947757637,3507.140432085803,2459358,TCS.NS
2024-02-01,3546.663818359375,3593.3649569612444,3501.481176697016,3515.2384129880293,2363107,TCS.NS
2024-02-02,3649.866455078125,3666.522292350957,3563.089715877142,3565.896430136547,2826510,TCS.NS
2024-02-05,3656.30810546875,3701.1227492201515,3646.0016922235036,3665.2341894937504,1691523,TCS.NS
2024-02-06,3806.02783203125,3818.818793148955,3671.675785736143,3678.1173222023467,4474396,TCS.NS
2024-02-07,3757.62451171875,3823.512322961572,3748.928481692986,3821.6718838169454,2124267,TCS.NS
2024-02-08,3804.279052734375,3826.272206190014,3760.0624663137096,3763.697287955064,2345173,TCS.NS
2024-02-09,3803.911376953125,3850.888400846203,3772.8998012950433,3806.533642964029,2100596,TCS.NS
2024-02-12,3791.948486328125,3827.7449332471438,3778.006802130109,3800.5063475256047,1013716,TCS.NS
2024-02-13,3818.450439453125,3837.3149373465553,3755.8755196115026,3796.3193423865514,1257415,TCS.NS
2024-02-14,3772.99169921875,3786.6107667795436,3726.428507128435,3779.341123293365,1391283,TCS.NS
2024-02-15,3775.8447265625,3815.505826442883,3757.2561134518432,3798.665989794075,1091582,TCS.NS
2024-02-16,3798.94189453125,3817.024566750078,3772.9919748251077,3785.092771105926,1307556,TCS.NS
2024-02-19,3776.39697265625,3798.9423526049495,3731.4904364071886,3794.1111997587996,772291,TCS.NS
2024-02-20,3709.083251953125,3771.060135405331,3690.08080599692,3756.4287327978755,1193648,TCS.NS
2024-02-21,3673.056396484375,3739.1742621449825,3663.0260930834565,3692.841117146886,1885939,TCS.NS
2024-02-22,3761.029541015625,3768.253129931845,3654.1919577495937,3654.1919577495937,2982052,TCS.NS
2024-02-23,3728.82080078125,3800.5057960275954,3723.5753709208034,3800.5057960275954,2538072,TCS.NS
2024-02-26,3681.844482421875,3726.889184546952,3665.0044196924378,3714.0061108225923,1379284,TCS.NS
2024-02-27,3776.94873046875,3794.985122078048,3679.957687485479,3679.957687485479,2960475,TCS.NS
2024-02-28,3790.337890625,3823.419508575245,3762.777139768197,3768.8506776946274,1939225,TCS.NS
2024-02-29,3768.390625,3807.96005993707,3740.277876873748,3771.979390861673,3772719,TCS.NS
2024-03-01,3767.700439453125,3809.7083657464814,3760.7527379598155,3779.5253487627083,2043265,TCS.NS
2024-03-04,3755.13916015625,3789.3712759875775,3750.722062221868,3777.5005359104257,1749271,TCS.NS
2024-03-05,3692.012451171875,3739.7717495452293,3662.473317714078,3737.9313106921068,2070859,TCS.NS
2024-03-06,3740.047607421875,3747.133251594711,3642.6422978412556,3675.4021970769513,1744204,TCS.NS
2024-03-07,3780.81396484375,3794.985255418292,3715.5702668526733,3740.6923043829674,2688905,TCS.NS
2024-03-11,3793.466796875,3821.6714335783654,3762.7773878887397,3762.7773878887397,2304068,TCS.NS
2024-03-12,3857.7900390625,3892.482492505704,3792.270233646347,3793.4667885423355,4039801,TCS.NS
2024-03-13,3817.990478515625,3902.6506674824695,3802.2546361359555,3869.522767451965,2837260,TCS.NS
2024-03-14,3871.915283203125,3887.9270110877537,3760.0165129714937,3822.0854919676153,2919608,TCS.NS
2024-03-15,3882.635986328125,3900.8103208022567,3843.7567138454883,3858.1122273965675,3373143,TCS.NS
2024-03-18,3821.211181640625,3915.3036183228055,3789.3256682682727,3878.9549508514497,1526904,TCS.NS
2024-03-19,3659.98876953125,3734.2504323086932,3650.1424666014186,3728.0389511805306,8931209,TCS.NS
2024-03-20,3654.09912109375,3697.441544645537,3644.252818458466,3667.9945238818095,1817913,TCS.NS
2024-03-21,3655.986083984375,3688.6078209191865,3633.0266519750294,3671.7219275853204,3829582,TCS.NS
2024-03-22,3598.88623046875,3623.824267937054,3547.4460520308135,3586.095269718309,5852485,TCS.NS
2024-03-26,3568.15087890625,3631.8300192271254,3562.583506361182,3565.8503303060525,3440925,TCS.NS
2024-03-27,3534.471435546875,3584.255406670317,3523.8889099559356,3578.273979162395,1968575,TCS.NS
2024-03-28,3567.046875,3602.659324539871,3534.102972131641,3542.937169152786,4311783,TCS.NS
2024-04-01,3604.269775390625,3619.499453254275,3577.8595203158884,3586.7395487458493,1569676,TCS.NS
2024-04-02,3573.9482421875,3597.920003104046,3564.0098274803727,3579.653557681035,2142666,TCS.NS
2024-04-03,3632.38232421875,3663.3936751293795,3543.7651451703696,3543.7651451703696,3973090,TCS.NS
2024-04-04,3683.91455078125,3707.241978924869,3621.2935725878497,3658.7004031789797,3394637,TCS.NS
2024-04-05,3661.783203125,3682.7181953650183,3644.529088641468,3660.632928826098,1636819,TCS.NS
2024-04-08,3655.617919921875,3710.9229755652163,3644.0691205793664,3665.2341685019233,2302538,TCS.NS
2024-04-09,3631.692138671875,3695.463391899339,3611.9074203697137,3666.1543123632814,1876992,TCS.NS
2024-04-10,3666.7529296875,3671.860193386744,3605.420383373059,3640.7567260554715,2101965,TCS.NS
2024-04-12,3682.166259765625,3693.163062647417,3630.7260789894453,3654.1916765092096,4354821,TCS.NS
2024-04-15,3626.76904296875,3739.9560412971437,3606.3862709398386,3682.166211852168,4200329,TCS.NS
2024-04-16,3563.82568359375,3615.2658574140637,3554.6695456341977,3590.6960447365877,3051420,TCS.NS
2024-04-18,3553.887451171875,3621.9836892316157,3542.844817972998,3567.5067437164125,3476284,TCS.NS
2024-04-19,3520.94384765625,3545.1917216335364,3497.6622490979976,3531.802482817412,2957749,TCS.NS
2024-04-22,3556.280517578125,3568.6113695261515,3507.8768799983727,3530.8823684558647,1728883,TCS.NS
2024-04-23,3565.57421875,3584.254718312047,3552.599259445536,3567.7368242988855,1807586,TCS.NS
2024-04-24,3525.40673828125,3587.015384991863,3519.3332000987416,3579.6536294557072,1317312,TCS.NS
2024-04-25,3544.869384765625,3564.6080473941747,3506.9563876693583,3507.1403866301107,2856271,TCS.NS
2024-04-26,3516.48046875,3567.5065891802196,3499.1802992219073,3547.5837045158246,2039178,TCS.NS
2024-04-29,3561.433837890625,3568.4275966901014,3514.502638463209,3531.8028118121874,1110693,TCS.NS
2024-04-30,3515.836669921875,3572.0621732698455,3506.0364217577408,3563.0900328204652,2203078,TCS.NS
2024-05-02,3555.084228515625,3562.2619859302818,3476.6355119648906,3476.6355119648906,2491044,TCS.NS
2024-05-03,3536.771728515625,3582.9669296548414,3494.625852857069,3579.7919924770404,2962234,TCS.NS
2024-05-06,3608.226806640625,3625.618865765193,3545.6058231496777,3545.6058231496777,2053831,TCS.NS
2024-05-07,3661.507080078125,3669.8351109068294,3601.278762922236,3617.198604098228,2062112,TCS.NS
2024-05-08,3659.66650390625,3666.4302063725313,3624.3762246560705,3644.9890493847392,1247685,TCS.NS
2024-05-09,3644.2529296875,3654.1913444311836,3598.104015290975,3645.909369588605,1726486,TCS.NS
2024-05-10,3583.24267578125,3656.5843507790987,3575.098867879944,3646.4619361248674,1672489,TCS.NS
2024-05-13,3632.8427734375,3639.4683092448704,3561.2496477313903,3574.5928311660427,931326,TCS.NS
2024-05-14,3589.9599609375,3631.001836986879,3582.322094809196,3621.9836417268198,1058317,TCS.NS
2024-05-15,3570.819091796875,3613.6553476629647,3566.3101068269407,3592.9964680959333,1115021,TCS.NS
2024-05-16,3615.8212890625,3623.7463967829854,3562.5704760290073,3606.691382121437,2599399,TCS.NS
2024-05-17,3553.857421875,3633.4787144096645,3550.0570092318917,3632.551806574356,2765804,TCS.NS
2024-05-21,3540.973388671875,3563.7290220685823,3531.565364339062,3550.6133662673315,1908117,TCS.NS
2024-05-22,3551.910888671875,3560.4847863024115,3538.517115470372,3554.691612227725,1311168,TCS.NS
2024-05-23,3608.869384765625,3619.575215874568,3545.886040544983,3560.2067218121256,2095742,TCS.NS
2024-05-24,3568.1318359375,3599.92482105189,3563.311960285678,3594.780437128097,1309452,TCS.NS
2024-05-27,3565.86083984375,3622.680335515065,3560.577510431646,3573.229711889253,1841538,TCS.NS
2024-05-28,3559.23291015625,3587.132923412234,3550.0566141263193,3576.0100306264594,1801993,TCS.NS
2024-05-29,3525.632568359375,3567.5751439944142,3522.2494455944416,3567.5751439944142,1568095,TCS.NS
2024-05-30,3463.020263671875,3517.058806463482,3443.8794821472993,3500.9307015339277,2919230,TCS.NS
2024-05-31,3402.632080078125,3475.718849271696,3386.6893114728173,3466.6351077409063,10956800,TCS.NS
2024-06-03,3432.20068359375,3477.3410487975398,3425.8512745605985,3459.961527315394,2156773,TCS.NS
2024-06-04,3443.462646484375,3471.2698818530243,3328.989527550103,3429.559028800051,3395997,TCS.NS
2024-06-05,3472.61376953125,3507.2338672517226,3429.5589463958036,3444.389471569407,2799670,TCS.NS
2024-06-06,3550.427734375,3559.2333589407076,3468.025717115301,3504.638577151665,4328036,TCS.NS
2024-06-07,3609.332275390625,3628.8437281793376,3556.823043507588,3556.823043507588,4552445,TCS.NS
2024-06-10,3576.659423828125,3620.409430902877,3561.0873260433164,3610.3062254373317,1734661,TCS.NS
2024-06-11,3570.54150390625,3596.355749469534,3560.2527371623205,3563.9603682346064,1419898,TCS.NS
2024-06-12,3551.586181640625,3608.9155195936296,3547.693214139478,3591.211490093849,2177001,TCS.NS
2024-06-13,3594.687255859375,3605.6712033854537,3570.448708339529,3574.897910867656,1932323,TCS.NS
2024-06-14,3551.95703125,3604.7443844726295,3548.2030094526167,3604.7443844726295,1860730,TCS.NS
2024-06-18,3536.245849609375,3561.1795775806077,3517.6613039518497,3546.3954442186373,1774045,TCS.NS
2024-06-19,3523.8251953125,3553.6254156533255,3515.7147523909116,3547.8784064893566,1509050,TCS.NS
2024-06-20,3510.431640625,3531.4724028758133,3503.757949581445,3518.542084048452,2846526,TCS.NS
2024-06-21,3532.2138671875,3594.363079879569,3520.4421834921905,3547.2761188024833,4642195,TCS.NS
2024-06-24,3537.82177734375,3575.083426076877,3514.185628169532,3530.3601242080126,1702154,TCS.NS
2024-06-25,3557.88916015625,3566.41666656242,3515.668465075754,3538.007033326123,1338808,TCS.NS
2024-06-26,3574.01708984375,3584.3056293758546,3560.2524201950137,3563.4965970944363,1639845,TCS.NS
2024-06-27,3646.59423828125,3653.8705550444147,3539.0267689087714,3550.9837890347926,4526556,TCS.NS
2024-06-28,3618.786865234375,3670.554754499888,3612.947527343435,3631.439292021709,2731571,TCS.NS
2024-07-01,3687.42431640625,3709.2066482395257,3600.109652784797,3600.109652784797,2658723,TCS.NS
2024-07-02,3723.759521484375,3729.320968607394,3691.456918555691,3701.699295599757,2307449,TCS.NS
2024-07-03,3675.4208984375,3731.8233246647856,3665.920094147989,3726.1690969595234,1821198,TCS.NS
2024-07-04,3727.0498046875,3751.5203059355035,3691.039573096493,3707.4921862442698,2518001,TCS.NS
2024-07-05,3718.569091796875,3732.426319394209,3696.5086389132935,3716.9006123476197,1668616,TCS.NS
2024-07-08,3701.328125,3736.5970115088844,3687.285562563459,3728.023114490228,1758882,TCS.NS
2024-07-09,3694.19091796875,3714.0730443794923,3684.551167677433,3693.7274640836704,1305801,TCS.NS
2024-07-10,3623.421630859375,3710.6901382951037,3616.794330433944,3692.5226544204043,2669716,TCS.NS
2024-07-11,3636.908203125,3689.0931591530957,3610.8622289094983,3643.674675535382,4872189,TCS.NS
2024-07-12,3878.135986328125,3892.9665108049144,3681.0289111762886,3689.092963601374,13509164,TCS.NS
2024-07-15,3864.464599609375,3930.089497924817,3853.202306545461,3926.103974989564,4848030,TCS.NS
2024-07-16,3873.0380859375,3887.960939474929,3841.940057628319,3867.059349578485,2029521,TCS.NS
2024-07-18,4000.116455078125,4008.8759141236847,3855.936139365209,3855.936139365209,5613364,TCS.NS
2024-07-19,3997.189697265625,4049.542345765076,3981.256400846525,4011.1256043918597,3903354,TCS.NS
2024-07-22,3983.207763671875,4013.4952277518023,3962.4431700475134,3994.914017106796,1896386,TCS.NS
2024-07-23,3997.144287109375,4052.2841289170647,3963.651377579033,3979.1668723137213,2365208,TCS.NS
2024-07-24,4000.767333984375,4031.287066378296,3965.3237617134737,3983.3474471890877,1809793,TCS.NS
2024-07-25,4015.864501953125,4034.9102445303465,3970.991055777116,3990.3153350812427,2810342,TCS.NS
2024-07-26,4076.578125,4108.723708392576,4029.3815803480725,4041.4130950421622,3552210,TCS.NS
2024-07-29,4070.3076171875,4116.66765190009,4060.924014095079,4101.8026818187545,1746803,TCS.NS
2024-07-30,4055.675048828125,4086.008788693186,4020.3240184773604,4079.598360858332,1797906,TCS.NS
2024-07-31,4074.25634765625,4100.87384543508,4036.7686584538783,4041.4139618583135,2330091,TCS.NS
2024-08-01,4085.1728515625,4105.7977266989665,4055.3961842561653,4087.309509692771,2202244,TCS.NS
2024-08-02,3979.212646484375,4086.0083392177967,3967.088587644382,4055.349340765276,2811282,TCS.NS
2024-08-05,3860.292724609375,3938.287536567773,3818.903259981559,3938.287536567773,2787771,TCS.NS
2024-08-06,3875.2978515625,3956.1723973259723,3865.6352581703713,3875.065586406783,2203067,TCS.NS
2024-08-07,3902.472412109375,3943.8156049253885,3883.7514798638163,3928.0678477776632,1237666,TCS.NS
2024-08-08,3876.5517578125,3931.7845938309133,3864.8922283404063,3884.402501608471,2441283,TCS.NS
2024-08-09,3928.76513671875,3951.898655663078,3907.210748658729,3917.8486743229014,1302536,TCS.NS
2024-08-12,3898.01318359375,3938.288053067427,3889.3731010986708,3929.926507307199,936912,TCS.NS
2024-08-13,3899.22119140625,3933.642706280625,3886.2606141643496,3914.1324330562766,1495593,TCS.NS
2024-08-14,3990.5478515625,4000.7212473784566,3891.0453628588666,3910.4163685993976,3226545,TCS.NS
2024-08-16,4102.77734375,4112.950737444536,4018.279565434088,4041.4130806152543,3457058,TCS.NS
2024-08-19,4171.482421875,4175.430929735349,4078.901616536801,4107.377235436386,2055210,TCS.NS
2024-08-20,4202.419921875,4241.161933038117,4180.772989851375,4185.418293173432,2212298,TCS.NS
2024-08-21,4228.619140625,4236.516155388334,4173.8508391327405,4197.495611851862,1896990,TCS.NS
2024-08-22,4182.63037109375,4237.398669027107,4178.171062150779,4236.5158800949575,1829872,TCS.NS
2024-08-23,4147.2333984375,4186.346939264392,4138.964850071652,4180.772575829952,1809253,TCS.NS
2024-08-26,4183.048828125,4229.222864979793,4166.836540173764,4170.5527823500615,1844164,TCS.NS
2024-08-27,4178.12548828125,4190.064009724909,4168.509618727682,4185.418705944727,930697,TCS.NS
2024-08-28,4186.39404296875,4238.839704162915,4141.102331061256,4179.612080899268,1848058,TCS.NS
2024-08-29,4191.7353515625,4232.8000107357375,4143.61019488178,4143.61019488178,2133641,TCS.NS
2024-08-30,4230.7099609375,4266.478796182319,4169.438229236293,4180.77295069311,3637222,TCS.NS
2024-09-02,4200.32958984375,4262.530383589784,4191.921772178967,4251.381655472286,1216500,TCS.NS
2024-09-03,4192.24658203125,4232.706988670382,4176.9633540945715,4200.329136859027,1717263,TCS.NS
2024-09-04,4161.49462890625,4168.694848446134,4121.9632824379705,4159.357971016076,1265505,TCS.NS
2024-09-05,4158.4287109375,4179.843374955519,4138.1749189531665,4163.120285213532,1688793,TCS.NS
2024-09-06,4140.5908203125,4198.378570967705,4125.029055295338,4156.570844055927,1649179,TCS.NS
2024-09-09,4133.9013671875,4171.714314661398,4116.202944403391,4138.964928860649,1184938,TCS.NS
2024-09-10,4188.0654296875,4217.888362209953,4125.446843253818,4127.30496423786,1385591,TCS.NS
2024-09-11,4161.58740234375,4226.621639858806,4154.061921274154,4200.700941634944,1325919,TCS.NS
2024-09-12,4197.216796875,4211.05970757852,4116.945606864631,4190.295114701829,2742216,TCS.NS
2024-09-13,4201.77001953125,4224.439009920338,4185.418460455492,4208.644977994091,1458786,TCS.NS
2024-09-16,4193.0830078125,4223.556015887551,4175.616848928026,4205.857591838961,1155120,TCS.NS
2024-09-17,4186.021484375,4214.032568613279,4149.184325105708,4193.082435128378,1699364,TCS.NS
2024-09-18,4037.8369140625,4178.032077529696,4014.4711290917844,4178.032077529696,2961779,TCS.NS
2024-09-19,3991.383544921875,4108.4919039466795,3978.0514347871863,4078.622243199174,2927551,TCS.NS
2024-09-20,3980.93212890625,4023.4833814320996,3927.604135103798,4010.6620715019503,5447908,TCS.NS
2024-09-23,3965.6953125,4003.6938016662916,3951.2948726865407,3994.9607224434812,1702319,TCS.NS
2024-09-24,3968.296142578125,3986.598816855598,3939.216728843565,3950.0401935138225,3012026,TCS.NS
2024-09-25,3971.50244140625,3985.299084273533,3939.217580340956,3950.6915713330377,2713073,TCS.NS
2024-09-26,3987.99267578125,4010.5686671887433,3957.798205900553,3957.798205900553,3964251,TCS.NS
2024-09-27,4003.043701171875,4067.4274211040574,3995.0069638417276,4027.4778141813813,3012477,TCS.NS
2024-09-30,3965.6953125,3993.799396652073,3957.844568692927,3982.789937420948,2503416,TCS.NS
2024-10-01,3983.71875,3991.011966244493,3941.9577493270317,3953.66354966123,1823365,TCS.NS
2024-10-03,3932.48095703125,3975.450006529258,3911.3448299808783,3960.2135045709642,3350119,TCS.NS
2024-10-04,3950.59765625,3993.1021756864016,3924.3979677304274,3925.280756694985,2965463,TCS.NS
2024-10-07,3969.73681640625,3992.405805122665,3929.3689504456147,3970.712148613736,1472619,TCS.NS
2024-10-08,3951.52685546875,3975.821698560318,3905.7243509858204,3969.5042681636573,1541867,TCS.NS
2024-10-09,3951.248779296875,3990.3155992244356,3945.4421500779804,3957.7984755986254,1082504,TCS.NS
2024-10-10,3927.510986328125,3989.24724931777,3900.754220484527,3951.527295380479,2378875,TCS.NS
2024-10-11,3854.8583984375,3941.028768538948,3820.7154216048507,3849.098041297021,5759183,TCS.NS
2024-10-14,3843.19873046875,3869.909224735711,3829.7740759707513,3846.311174442351,2137590,TCS.NS
2024-10-15,3824.75634765625,3874.1362795372975,3804.5030088222256,3837.995460690613,2759474,TCS.NS
2024-10-16,3804.456787109375,3823.0844981328532,3778.675354588552,3795.212679191423,2359151,TCS.NS
2024-10-17,3817.510009765625,3836.974010815032,3802.5985417542856,3821.0402585925135,2522659,TCS.NS
2024-10-18,3839.907958984375,3861.4217056150137,3799.81450984284,3809.127780700298,2361000,TCS.NS
2024-10-21,3799.675048828125,3855.647899798256,3790.501385728475,3848.8025545031073,1595450,TCS.NS
2024-10-22,3739.743896484375,3808.941544128123,3731.222344636917,3786.7759141091938,1928049,TCS.NS
2024-10-23,3787.00927734375,3831.0608725895195,3720.7918215935465,3724.9364095884875,1966476,TCS.NS
2024-10-24,3769.919189453125,3798.8835556125446,3729.034017325969,3729.034017325969,2676744,TCS.NS
2024-10-25,3778.906494140625,3810.990668738502,3755.762923689694,3778.440830569176,1759676,TCS.NS
2024-10-28,3809.919677734375,3850.106352412569,3772.8062006829505,3789.5234771784344,1532534,TCS.NS
2024-10-29,3795.39111328125,3821.701106275593,3781.2815973687175,3814.576544255364,1445885,TCS.NS
2024-10-30,3804.145263671875,3824.960515939356,3781.2347527404995,3795.158047833668,1935002,TCS.NS
2024-10-31,3695.925048828125,3798.23142349314,3688.055380171151,3790.501362953683,3740372,TCS.NS
2024-11-01,3710.59375,3724.3308260712956,3703.0035243410357,3715.8558850555814,154895,TCS.NS
2024-11-04,3691.920166015625,3717.764492575113,3644.5157084293937,3693.922655669424,2269192,TCS.NS
2024-11-05,3698.626220703125,3712.2700726947464,3670.453574014962,3670.453574014962,967590,TCS.NS
2024-11-06,3855.3681640625,3864.8210432401042,3702.258078759821,3728.6612931693503,3792017,TCS.NS
2024-11-07,3865.845947265625,3916.975719116069,3804.518188145807,3883.3551713111415,3724349,TCS.NS
2024-11-08,3862.213623046875,3883.401315336317,3834.879080725745,3869.6642401156896,1648039,TCS.NS
2024-11-11,3910.363037109375,3943.51791603856,3834.8787074290326,3844.7044805818127,1406487,TCS.NS
2024-11-12,3909.152587890625,3928.3380186185295,3878.3724067000553,3926.4753642711526,1587640,TCS.NS
2024-11-13,3865.333740234375,3908.5472291817673,3847.358853332509,3891.1780687289943,1098813,TCS.NS
2024-11-14,3861.189208984375,3874.3210129831064,3833.761896778277,3851.0378338185446,1825432,TCS.NS
2024-11-18,3743.469482421875,3923.6812860911455,3716.181551430071,3923.6812860911455,3313944,TCS.NS
2024-11-19,3762.142578125,3848.383334503383,3738.440347986104,3743.8418634756777,1776233,TCS.NS
2024-11-21,3793.156005859375,3811.4098822098795,3747.660582048356,3767.1252292109634,2384347,TCS.NS
2024-11-22,3953.111083984375,3962.7504103811857,3775.6000484761144,3791.4326091135326,3096553,TCS.NS
2024-11-25,4018.769775390625,4030.8770280377776,3960.1893900708537,3986.0801022933974,4052167,TCS.NS
2024-11-26,4053.787841796875,4066.733198149224,4014.0199908461996,4024.3109738880953,2060669,TCS.NS
2024-11-27,4035.021484375,4076.7916003061514,4027.1052031633953,4059.6088862907295,1558993,TCS.NS
2024-11-28,3953.390625,4041.913545627335,3942.3079225932315,4022.4020594566896,2558544,TCS.NS
2024-11-29,3977.558837890625,4003.496391196353,3907.522850994133,3930.200759120496,2017425,TCS.NS
2024-12-02,3982.96044921875,3993.71755141835,3939.5605099829345,3976.767214179378,1670944,TCS.NS
2024-12-03,4007.267578125,4027.9896055756494,3972.5292600738435,4018.0710631615407,2010905,TCS.NS
2024-12-04,4055.3701171875,4085.685083284233,3994.507807998168,4017.3253190443206,3302642,TCS.NS
2024-12-05,4157.490234375,4180.727025606259,4060.585839082934,4098.583799897478,3746747,TCS.NS
2024-12-06,4140.21484375,4158.375723168091,4109.713879599103,4147.199797372343,1842087,TCS.NS
2024-12-09,4146.408203125,4162.473596939852,4112.321537472264,4126.198676219265,2066639,TCS.NS
2024-12-10,4128.15478515625,4185.198584263352,4109.109414059275,4122.194381179075,2087828,TCS.NS
2024-12-11,4123.40380859375,4143.147667667823,4104.357990003328,4127.501556345011,1635256,TCS.NS
2024-12-12,4149.01611328125,4177.002312539005,4122.054010099808,4125.825703197917,1914642,TCS.NS
2024-12-13,4166.6640625,4186.221930852545,4092.6235608796533,4130.389146191078,1967048,TCS.NS
2024-12-16,4111.99560546875,4167.6887843067,4095.045270300907,4152.787550664486,1646224,TCS.NS
2024-12-17,4031.25,4128.527313123141,4021.471063878942,4107.153170844404,3225027,TCS.NS
2024-12-18,4049.270751953125,4062.448939888911,3995.020946646264,4015.6033671632454,1575404,TCS.NS
2024-12-19,3978.53662109375,4064.3119481632502,3969.3165726562265,3987.94311687329,3015763,TCS.NS
2024-12-20,3883.912841796875,4081.074951403702,3867.3354029447446,4031.7146199513063,4116989,TCS.NS
2024-12-23,3872.737060546875,3927.4061398642916,3832.317557835385,3911.6199645875045,2195338,TCS.NS
2024-12-24,3892.4814453125,3928.337537104468,3872.737129750613,3872.737129750613,1181886,TCS.NS
2024-12-26,3882.7958984375,3911.527430384508,3858.62777832456,3892.48160931481,1208464,TCS.NS
2024-12-27,3878.837890625,3893.8323483767854,3862.4464421773887,3877.114844483566,858100,TCS.NS
2024-12-30,3873.202880859375,3910.9216276232846,3829.6169553875666,3865.938711530591,1527169,TCS.NS
2024-12-31,3813.5986328125,3855.6481919731173,3755.157851490963,3851.0379404710184,1555429,TCS.NS
2025-01-01,3830.036376953125,3850.1062943866386,3804.890317466962,3813.22564967337,763161,TCS.NS
2025-01-02,3888.989013671875,3895.7411349313184,3815.6006224345697,3837.0675295044302,1720835,TCS.NS
2025-01-03,3818.34765625,3892.900658962242,3811.269707141379,3892.900658962242,1791953,TCS.NS
2025-01-06,3813.7841796875,3864.681110818162,3787.148135736603,3823.563113481571,2085593,TCS.NS
2025-01-07,3751.66552734375,3856.0207889752546,3736.065796236012,3832.3651682752356,2669054,TCS.NS
2025-01-08,3826.264404296875,3842.655853224678,3741.839688389106,3757.8118581960475,2181277,TCS.NS
2025-01-09,3761.490966796875,3853.599136272882,3748.871437714519,3819.372861544339,2392472,TCS.NS
2025-01-10,3972.715576171875,4001.9127733457603,3883.6342250062416,3911.5740395746316,7894300,TCS.NS
2025-01-13,3996.41845703125,4026.081320920444,3937.0927292528613,3953.48417981758,4003771,TCS.NS
2025-01-14,3942.354248046875,4017.6521397931906,3929.3156678223904,4006.5694375522967,3441709,TCS.NS
2025-01-15,3957.767822265625,3964.1475039910265,3918.512475086078,3928.3377943076216,1653474,TCS.NS
2025-01-16,3917.44091796875,3999.1184848526354,3903.9835145012657,3967.4533641062476,2637705,TCS.NS
2025-01-17,3911.75048828125,3946.1800146177866,3888.7502327632087,3945.5159044693314,1761466,TCS.NS
2025-01-20,3867.64697265625,3932.142300220547,3858.446917151911,3932.142300220547,1287799,TCS.NS
2025-01-21,3827.85888671875,3899.135870393051,3822.3102791739225,3884.245030505511,1971591,TCS.NS
2025-01-22,3942.38623046875,3948.598485486215,3835.77871966863,3841.2798581228535,2409223,TCS.NS
2025-01-23,3931.810546875,3975.3449548724125,3926.688470425829,3953.198226312215,1822998,TCS.NS
2025-01-24,3938.35498046875,3962.682991900412,3892.4966488174464,3892.4966488174464,1910099,TCS.NS
2025-01-27,3855.648681640625,3942.148791419916,3832.7908361324735,3890.599675788401,1551782,TCS.NS
2025-01-28,3832.079345703125,3890.5995312485556,3820.6977771085412,3861.007499214359,2468272,TCS.NS
2025-01-29,3888.51318359375,3896.148597963248,3845.0737102492853,3845.0737102492853,1217089,TCS.NS
2025-01-30,3888.75,3917.061745659292,3849.3415023779007,3888.6078230102007,1531251,TCS.NS
2025-01-31,3900.463623046875,3915.686749530312,3874.7129156799383,3898.1874018590165,1492943,TCS.NS
2025-02-01,3863.236572265625,3922.7526963272944,3846.970505085766,3901.032960408717,437172,TCS.NS
2025-02-03,3858.968505859375,3866.8882740010763,3792.6234860032378,3823.1639848038094,1265713,TCS.NS
2025-02-04,3895.3896484375,3906.581803698567,3856.5028483843835,3873.243148637696,2547132,TCS.NS
2025-02-05,3880.26123046875,3936.125668416328,3865.9393311963745,3936.125668416328,1693912,TCS.NS
2025-02-06,3872.341796875,3926.1671344471406,3842.749763323274,3893.8244160755,2284536,TCS.NS
2025-02-07,3821.7412109375,3879.218228908592,3801.444171507491,3879.218228908592,1548940,TCS.NS
2025-02-10,3828.90234375,3843.1767756673025,3807.46719267282,3831.7952057492353,1339511,TCS.NS
2025-02-11,3759.284912109375,3831.7949459001434,3751.1754977809574,3811.308028813468,1810908,TCS.NS
2025-02-12,3746.57568359375,3814.4858114252734,3737.0910418049134,3766.446193388272,1678002,TCS.NS
2025-02-13,3708.63671875,3779.10764599597,3701.143945163747,3763.5054582381317,2277310,TCS.NS
2025-02-14,3732.064208984375,3744.536419785488,3699.010141125482,3722.721744594235,1681975,TCS.NS
2025-02-17,3703.278076171875,3731.257767104663,3657.467213858333,3657.7517993998813,1799806,TCS.NS
2025-02-18,3673.59130859375,3722.152626882654,3665.3397167799785,3697.4925589213967,2149879,TCS.NS
2025-02-19,3589.083251953125,3675.251080308744,3573.955063643061,3672.6428039185434,4366672,TCS.NS
2025-02-20,3584.625,3592.781883594646,3557.973298668796,3567.647585834546,2888572,TCS.NS
2025-02-21,3590.884765625,3620.2871501295895,3580.451661445952,3581.495064487296,1833931,TCS.NS
2025-02-24,3486.175048828125,3569.2603724469545,3480.863556771993,3550.2436192378755,2508516,TCS.NS
2025-02-25,3442.498046875,3469.4818051991183,3434.625748244206,3438.1824887498096,4101954,TCS.NS
2025-02-27,3426.374267578125,3450.512634279707,3415.134874592875,3425.567980413952,3823856,TCS.NS
2025-02-28,3303.737548828125,3414.470731581497,3278.8403664103434,3400.1963006835795,7085018,TCS.NS
2025-03-03,3313.032470703125,3341.6760393458467,3297.0032889623258,3305.3972886171223,4990439,TCS.NS
2025-03-04,3350.02294921875,3367.9962990962294,3285.764501101665,3294.964557324782,2797737,TCS.NS
2025-03-05,3364.24951171875,3414.8026927498004,3339.3997995005207,3339.3997995005207,2501894,TCS.NS
2025-03-06,3415.98876953125,3423.434074596987,3353.8643641732256,3373.6871734120996,2786513,TCS.NS
2025-03-07,3425.093994140625,3438.1828468763256,3390.19046403164,3414.4712410357993,2051315,TCS.NS
2025-03-10,3404.654296875,3435.4321442725973,3397.9678097594306,3420.636010676855,1004626,TCS.NS
2025-03-11,3391.043701171875,3403.8004968476407,3355.3338893126197,3374.6352261327497,1995450,TCS.NS
2025-03-12,3325.5048828125,3385.305592458114,3307.15224085139,3381.2746199098347,3174167,TCS.NS
2025-03-13,3330.104736328125,3342.6718849425615,3304.5436765901054,3321.805675922365,1693004,TCS.NS
2025-03-17,3317.44287109375,3348.505070694925,3298.141765391246,3309.1912796488264,2690906,TCS.NS
2025-03-18,3317.44287109375,3317.44287109375,3317.44287109375,3317.44287109375,0,TCS.NS
2025-03-19,3316.8740234375,3364.2022912119846,3284.294187734508,3364.2022912119846,3051244,TCS.NS
2025-03-20,3379.51953125,3394.505309303915,3331.0056885181716,3331.0056885181716,2845192,TCS.NS
2025-03-21,3393.699462890625,3429.883275405574,3286.428081377204,3295.9127223046994,4161925,TCS.NS
2025-03-24,3441.928955078125,3461.6570558488297,3382.7923538442037,3414.4709640539177,1834751,TCS.NS
2025-03-25,3469.244384765625,3518.8016314620927,3450.512219746386,3457.1514681076355,3135390,TCS.NS
2025-03-26,3448.42578125,3490.8220797184467,3438.988609875757,3459.7598808023267,1734499,TCS.NS
2025-03-27,3463.032470703125,3474.2243946717267,3424.4300237407233,3428.555935669893,2528474,TCS.NS
2025-03-28,3420.3037109375,3472.279589767322,3406.7880975546004,3462.8424183134416,2051919,TCS.NS
2025-04-01,3367.80615234375,3399.2951120927096,3343.335733852344,3388.577422151902,2618493,TCS.NS
2025-04-02,3361.3095703125,3380.421262394588,3348.126010889205,3361.3570398330285,1764313,TCS.NS
2025-04-03,3227.765625,3321.52139726939,3221.1263760619972,3311.0882917953854,4537821,TCS.NS
2025-04-04,3129.362548828125,3224.446080623458,3125.663631237096,3189.3056688327865,5317367,TCS.NS
2025-04-07,3105.319091796875,3121.7748058386424,2898.5539074179674,2940.238860434007,6623955,TCS.NS
2025-04-08,3123.24462890625,3176.406084910182,3087.5350502556194,3131.8757443343147,5557558,TCS.NS
2025-04-09,3079.283935546875,3101.4779049958665,3046.5144514315975,3092.5149647014136,2990265,TCS.NS
2025-04-11,3064.9619140625,3128.9357749466626,3040.7760781322527,3120.0203045213184,7108961,TCS.NS
2025-04-15,3080.801025390625,3143.5893021337306,3071.69590901875,3143.5893021337306,3512160,TCS.NS
2025-04-16,3105.081787109375,3109.1602290119804,3062.5905495252055,3080.801013758816,2384391,TCS.NS
2025-04-17,3128.88818359375,3133.3461501914685,3052.1575291360596,3078.240292358944,2932346,TCS.NS
2025-04-21,3150.418212890625,3181.148354821814,3114.85081178573,3120.5415959625134,2432946,TCS.NS
2025-04-22,3143.589599609375,3162.084651201983,3125.189487058646,3151.367191167024,2710498,TCS.NS
2025-04-23,3237.10791015625,3244.6006837766467,3165.3092254984945,3191.5816342442954,3543923,TCS.NS
2025-04-24,3226.295654296875,3236.633820616935,3213.1118640484187,3225.8214222352462,2252175,TCS.NS
2025-04-25,3270.30419921875,3298.568475558524,3229.5202431380058,3243.747204561521,2742991,TCS.NS
2025-04-28,3266.0361328125,3279.5992157727555,3229.520264912607,3257.9741879514845,1593296,TCS.NS
2025-04-29,3293.541748046875,3314.8821913387555,3253.6113148639492,3276.9436254865236,1578332,TCS.NS
2025-04-30,3275.71044921875,3329.014085869881,3192.53019311335,3293.06738873724,2809332,TCS.NS
2025-05-02,3254.180419921875,3311.562499608635,3243.7473145242825,3293.0674491310842,1721761,TCS.NS
2025-05-05,3276.27978515625,3323.892639545098,3268.786779377753,3272.2013429677813,1284443,TCS.NS
2025-05-06,3281.68603515625,3294.0160693923863,3259.871359200009,3281.68603515625,1324763,TCS.NS
2025-05-07,3267.553955078125,3281.2117462953,3244.316583265945,3244.316583265945,1477128,TCS.NS
2025-05-08,3271.15771484375,3297.809648457028,3251.9987864937443,3270.304189784248,2543591,TCS.NS
2025-05-09,3263.001220703125,3268.5970664946117,3222.976080385976,3223.8296054868374,2531757,TCS.NS
2025-05-12,3433.8193359375,3443.3989159735165,3321.7109255991563,3324.3666713915923,2228678,TCS.NS
2025-05-13,3333.8515625,3436.285693012091,3329.5834737286627,3433.8195935429753,3062887,TCS.NS
2025-05-14,3365.814208984375,3377.480362698845,3327.7809408585326,3339.5418020394927,2119499,TCS.NS
2025-05-15,3395.406494140625,3414.4707149223877,3332.9977424314357,3380.326007773164,3548330,TCS.NS
2025-05-16,3377.765380859375,3408.6851728219754,3363.3487722739774,3408.6851728219754,1666727,TCS.NS
2025-05-19,3337.45556640625,3367.0476004136544,3323.133665679634,3367.0476004136544,2537377,TCS.NS
2025-05-20,3318.01220703125,3374.6354708973113,3313.9337648440714,3349.785756293493,2038374,TCS.NS
2025-05-21,3344.0947265625,3354.7174780325026,3318.0119641520128,3327.212019490534,1440153,TCS.NS
2025-05-22,3297.8095703125,3317.5376692737764,3273.4340900331863,3314.881923566922,2034383,TCS.NS
2025-05-23,3333.471923828125,3352.820498295267,3286.9971842477944,3297.809582057325,1274331,TCS.NS
2025-05-26,3355.002197265625,3362.3053247198645,3329.204019365113,3339.542185709067,967470,TCS.NS
2025-05-27,3318.391357421875,3357.5629717372003,3303.5954561426133,3349.9752588067204,2467680,TCS.NS
2025-05-28,3317.44287109375,3347.129844047208,3312.985136088664,3338.593667057572,1222933,TCS.NS
2025-05-29,3317.822509765625,3350.4495836467595,3306.820233088302,3324.0822341714443,3188072,TCS.NS
2025-05-30,3284.910400390625,3325.97894134562,3275.1414056184462,3310.139637529337,3404365,TCS.NS
2025-06-02,3272.01123046875,3281.6855171845687,3242.4191992844703,3272.2008769614918,1877585,TCS.NS
2025-06-03,3229.7099609375,3294.490106360913,3225.252225904789,3268.407343175387,2848125,TCS.NS
2025-06-04,3235.1640625,3248.465034332547,3224.7340073768614,3242.9150002967904,2544807,TCS.NS
2025-06-05,3225.786865234375,3262.0530702216233,3218.7057063727016,3262.0530702216233,3584683,TCS.NS
2025-06-06,3238.322021484375,3244.7331673196672,3213.9212139850256,3225.7868448606714,2070390,TCS.NS
2025-06-09,3274.39697265625,3285.975488762853,3244.7332451805223,3253.4410779830223,1718678,TCS.NS
2025-06-10,3313.629638671875,3335.5426613582063,3275.6409764041855,3291.7168496023487,2419874,TCS.NS
2025-06-11,3322.241943359375,3338.6049328657214,3300.4249355066772,3320.4239372439247,2847013,TCS.NS
2025-06-12,3286.166748046875,3324.9209717927824,3275.640909498604,3322.2416207116808,4060134,TCS.NS
2025-06-13,3297.1708984375,3301.76403815699,3246.933943792306,3246.933943792306,2178493,TCS.NS
2025-06-16,3345.58984375,3357.742355566309,3278.511454741814,3291.7166438153617,1934088,TCS.NS
2025-06-17,3363.770751953125,3368.268108670322,3337.743272382211,3358.6991651797816,2111940,TCS.NS
2025-06-18,3302.625244140625,3385.4923927635227,3294.683207501011,3367.4071820205213,2696327,TCS.NS
2025-06-19,3276.406494140625,3302.2426434811027,3265.88065552043,3301.2857490610854,2672768,TCS.NS
2025-06-20,3287.602294921875,3297.745469784743,3263.8712652626323,3277.3635707817734,2351248,TCS.NS
2025-06-23,3247.317138671875,3277.3635313225304,3224.73433592903,3267.7945867055305,3123421,TCS.NS
2025-06-24,3244.254638671875,3293.726265410323,3236.2168192617623,3286.549557502439,3403048,TCS.NS
2025-06-25,3296.3095703125,3301.2853740079395,3253.440658442607,3260.4260336385005,1757699,TCS.NS
2025-06-26,3293.439208984375,3302.625255099875,3268.081507258558,3296.3098921986184,2879106,TCS.NS
2025-06-27,3292.76904296875,3316.9782816726447,3283.1043171689653,3306.0697801861775,1778433,TCS.NS
2025-06-30,3312.768310546875,3315.5432107745055,3282.1476906920225,3291.6208515129015,1468351,TCS.NS
2025-07-01,3281.860595703125,3334.776901436363,3266.35895353028,3306.0700701470973,2375183,TCS.NS
2025-07-02,3275.73681640625,3339.4658465866687,3272.5790179988544,3336.882278295821,3090585,TCS.NS
2025-07-03,3254.20654296875,3287.2193999790024,3251.144527592608,3282.147812903343,2531870,TCS.NS
2025-07-04,3272.387451171875,3279.2770439923584,3243.967734776887,3261.096050751665,1109320,TCS.NS
2025-07-07,3264.63671875,3278.416138875185,3261.4789203702617,3270.952315509477,1639174,TCS.NS
2025-07-08,3259.37353515625,3277.363195918518,3247.125240576613,3258.2253086430815,2325242,TCS.NS
2025-07-09,3237.939453125,3266.837618492581,3221.863579808002,3263.010040732191,2034938,TCS.NS
2025-07-10,3236.217041015625,3252.484246721499,3211.3377852301705,3234.3032521090518,3035012,TCS.NS
2025-07-11,3125.217041015625,3191.242753149758,3120.5283520064395,3157.6556670087216,7635550,TCS.NS
2025-07-14,3083.783447265625,3130.9583865491522,3062.0619917351123,3125.217020314649,3924009,TCS.NS
2025-07-15,3112.107666015625,3118.9014760029677,3067.8034091107847,3067.8034091107847,2590889,TCS.NS
2025-07-16,3104.234619140625,3115.5641051149655,3092.23284636304,3098.377660261314,2540733,TCS.NS
2025-07-17,3081.287109375,3112.779808234124,3076.390526695053,3095.5933632665156,2947640,TCS.NS
2025-07-18,3062.75634765625,3100.1060057073505,3059.972030096825,3096.4574198500977,3432645,TCS.NS
2025-07-21,3032.31982421875,3070.1495522628406,3026.3669918654064,3062.8523807267275,3844346,TCS.NS
2025-07-22,3033.663818359375,3053.346723269556,3028.8631098446967,3033.663818359375,3198036,TCS.NS
2025-07-23,3052.38671875,3055.171036049811,3031.743671209123,3033.6639547012974,1922875,TCS.NS
2025-07-24,3022.5263671875,3047.2019644087272,3014.8452328363246,3038.944885626984,2934778,TCS.NS
2025-07-25,3010.812744140625,3031.0715957495104,3001.019344529776,3014.845292873372,2568917,TCS.NS
2025-07-28,2956.564697265625,2993.72213811463,2947.539223682625,2986.041003699968,3374473,TCS.NS
2025-07-29,2934.193115234375,2951.475666305782,2919.9829708048537,2938.033682139132,4785312,TCS.NS
2025-07-30,2931.88916015625,2946.6752504448114,2925.7441118523307,2938.033974050545,2880121,TCS.NS
2025-07-31,2915.758544921875,2937.841805411508,2894.827407662822,2920.4631457840833,2968371,TCS.NS
2025-08-01,2883.3056640625,2915.758501968501,2880.4252388236764,2909.133383273443,2053847,TCS.NS
2025-08-04,2951.85986328125,2956.6605722928375,2872.360309577052,2889.1627911176092,2519252,TCS.NS
2025-08-05,2941.7783203125,2954.836342347973,2920.751308991888,2951.859809051624,1927996,TCS.NS
2025-08-06,2911.437744140625,2944.5626330221426,2905.3888045064286,2940.9140476547227,1487081,TCS.NS
2025-08-07,2925.552001953125,2929.9687479023937,2890.890789951502,2895.7876067904904,2543076,TCS.NS
2025-08-08,2915.37451171875,2937.841970823321,2904.4289887975438,2926.6083584758467,2762140,TCS.NS
2025-08-11,2919.599365234375,2928.3365153663553,2900.876599282036,2915.3746004762743,1884215,TCS.NS
2025-08-12,2914.414306640625,2972.9829560524563,2906.253101394714,2919.791194448837,3358232,TCS.NS
2025-08-13,2915.182373046875,2923.0554886191444,2907.8854362960733,2915.0864995163706,2148166,TCS.NS
2025-08-14,2901.83642578125,2934.0970475783347,2898.7640190971856,2913.0700372499637,3342174,TCS.NS
2025-08-18,2891.178955078125,2927.4723621732833,2883.6898021204543,2925.072007661826,2945609,TCS.NS
2025-08-19,2895.979736328125,2904.429031301108,2891.083153648401,2891.1790271854784,2650784,TCS.NS
2025-08-20,2975.095458984375,2979.7039520714934,2890.890836056874,2890.890836056874,4952358,TCS.NS
2025-08-21,2978.93603515625,3005.2438266480435,2960.2132701020532,3005.2438266480435,3230726,TCS.NS
2025-08-22,2932.273193359375,2972.3110613965996,2928.432625981039,2962.997732386061,1593791,TCS.NS
2025-08-25,3015.42138671875,3026.366909314735,2954.4523833109183,2964.245782645686,3448370,TCS.NS
2025-08-26,3031.359375,3035.968102112831,2995.642150092357,3004.2834255253156,5522097,TCS.NS
2025-08-28,2970.390380859375,3021.0859103623443,2963.477407383879,3019.6456977878825,3116051,TCS.NS
2025-08-29,2961.74951171875,2990.8418565958136,2954.548447858567,2969.7187359392783,2271789,TCS.NS
2025-09-01,2988.53759765625,3006.3002217717835,2966.8382982161247,2966.8382982161247,1246862,TCS.NS
2025-09-02,2987.4814453125,3029.2476168924754,2979.4163473229805,2996.6989010802117,2185229,TCS.NS
2025-09-03,2974.039306640625,3016.669509959856,2964.9179592917676,3005.1478080455095,1799774,TCS.NS
2025-09-04,2972.310791015625,2993.7219990840686,2967.6061901689773,2991.8017155695825,1481391,TCS.NS
2025-09-05,2926.80029296875,2979.703965451406,2907.885546409113,2973.655259644998,2802055,TCS.NS
2025-09-08,2898.66796875,2942.7383816988513,2895.7875434746607,2928.4323632618416,2626187,TCS.NS
2025-09-09,2927.8564453125,2938.034042622692,2909.997947659983,2911.246178939102,2489301,TCS.NS
2025-09-10,2986.041015625,2998.2347696750494,2931.696895660388,2934.5773210773896,2079428,TCS.NS
2025-09-11,2999.675048828125,3013.885194748687,2986.137189714118,3013.885194748687,2263446,TCS.NS
2025-09-12,3008.50830078125,3023.198517586115,2996.6026359147436,3018.685897890405,1447167,TCS.NS
2025-09-15,2987.865234375,3009.0844623500607,2972.5990732086116,3009.0844623500607,1732539,TCS.NS
2025-09-16,3020.31787109375,3024.4465275211764,2985.176823514983,3003.323408916267,2573429,TCS.NS
2025-09-17,3046.338134765625,3055.55535595913,3017.149681628776,3026.367137231914,2418271,TCS.NS
2025-09-18,3050.08251953125,3075.334296666793,3035.392302577828,3058.0517436415034,2633138,TCS.NS
2025-09-19,3042.88134765625,3053.730996885227,3018.685821162444,3043.6495079786732,4901694,TCS.NS
2025-09-22,2951.283935546875,2983.0644887376598,2942.8346407567424,2971.6388949892716,3634901,TCS.NS
2025-09-23,2940.338134765625,2957.9087764692863,2930.352753876681,2947.6353061603577,3177741,TCS.NS
2025-09-24,2914.414306640625,2935.153463147022,2912.1100600997443,2928.432470591566,1625714,TCS.NS
2025-09-25,2839.523681640625,2908.846117286358,2833.3788669840533,2901.5489447732325,4974361,TCS.NS
2025-09-26,2783.547119140625,2837.0269692313786,2776.057966398974,2823.7769658283983,3934636,TCS.NS
2025-09-29,2780.666748046875,2812.5434087793974,2778.6503565122343,2799.773476015783,3110035,TCS.NS
2025-09-30,2773.273193359375,2799.101145742985,2770.1049132760872,2794.9724895498107,2253458,TCS.NS
2025-10-01,2798.04541015625,2808.223007812976,2752.342797471782,2775.7701654990638,1952902,TCS.NS
2025-10-03,2786.2353515625,2807.454578770542,2775.8660078142957,2807.454578770542,2899519,TCS.NS
2025-10-06,2869.28759765625,2874.2805224330996,2780.18662812204,2786.331441741774,2112774,TCS.NS
2025-10-07,2855.173583984375,2884.745997894136,2837.699050349848,2875.624650921264,3062943,TCS.NS
2025-10-08,2906.541015625,2921.711301932003,2849.70067174965,2856.421663900003,4121889,TCS.NS
2025-10-09,2939.666015625,2943.794672125363,2899.628150625765,2913.070135429991,3211304,TCS.NS
2025-10-10,2907.59765625,2947.635525132908,2887.0504796961263,2928.432687835625,8817365,TCS.NS
2025-10-13,2887.33837890625,2914.5104387736105,2878.6971026918,2906.349233459963,2866865,TCS.NS
2025-10-14,2842.307861328125,2906.5412549765147,2837.699133735008,2900.5884226064827,3611416,TCS.NS
2025-10-15,2862.06396484375,2871.6047262713414,2843.9459294866183,2863.220385125294,4282226,TCS.NS
2025-10-16,2862.931396484375,2867.0754517571395,2836.332787245134,2862.160371154854,3251495,TCS.NS
2025-10-17,2854.739501953125,2880.3746213869317,2848.1861401528254,2862.256586509825,4374683,TCS.NS
2025-10-20,2905.81689453125,2913.333979311689,2870.4483153754104,2877.1943748710046,3133039,TCS.NS
2025-10-21,2897.62548828125,2921.815026282457,2887.3137006926995,2921.1404673344027,310644,TCS.NS
2025-10-23,2961.712646484375,2985.6130172427693,2925.958674375256,2944.172939856895,5564758,TCS.NS
2025-10-24,2952.07568359375,2977.9035021252716,2947.3535359078196,2968.2662739630537,2684318,TCS.NS
2025-10-27,2972.98828125,2981.9509500743798,2949.184375870237,2955.2558763824863,1946312,TCS.NS
2025-10-28,2946.968017578125,2978.096312781555,2929.9101701396817,2964.4114953280427,3470737,TCS.NS
2025-10-29,2946.678955078125,2964.4113606511696,2935.596142774,2946.96788369373,2895420,TCS.NS
2025-10-30,2925.18798828125,2952.654089267939,2922.7786811771543,2938.4874105526364,2241536,TCS.NS
2025-10-31,2947.064208984375,2956.1231088421955,2915.357824198127,2924.898585437403,1868085,TCS.NS
2025-11-03,2907.359130859375,2947.06446508497,2900.80576844531,2936.367047373489,2194877,TCS.NS
2025-11-04,2881.723876953125,2919.4055326440953,2868.039060214524,2910.0574685167057,2670720,TCS.NS
2025-11-06,2901.6728515625,2914.2977142131544,2881.531139384038,2881.627605776501,2542721,TCS.NS
2025-11-07,2883.26611328125,2895.0234851722394,2853.101540563387,2892.1323165785257,1830520,TCS.NS
2025-11-10,2915.4541015625,2937.3305615709287,2883.4585523829414,2884.422275161144,1556656,TCS.NS
2025-11-11,2936.46337890625,2944.847720230334,2908.5154176367123,2934.5359333014544,2806868,TCS.NS
2025-11-12,3018.18701171875,3022.619995280987,2946.1969680097523,2948.991669923252,4460315,TCS.NS
2025-11-13,2993.03369140625,3018.2831803470704,2989.4679642954256,3018.186949242595,1740435,TCS.NS
2025-11-14,2993.322998046875,3000.1655239975616,2965.6642009169345,2977.9034333434784,2210794,TCS.NS
2025-11-17,2989.660888671875,3010.188231818854,2974.626953832486,2993.323082448971,2232853,TCS.NS
2025-11-18,2975.10888671875,2992.3594315179676,2966.338914722159,2989.4682629851,2548350,TCS.NS
2025-11-19,3033.51025390625,3040.5454775036865,2971.639296317787,2984.6495543039355,3151053,TCS.NS
2025-11-20,3030.715576171875,3049.7008686990343,3024.2586803244717,3033.79944214396,2700767,TCS.NS
2025-11-21,3036.30517578125,3055.0013041600305,3021.463703354114,3030.715536432949,4177037,TCS.NS
2025-11-24,3027.24609375,3063.578397230728,3017.4161679823073,3043.4366842823783,6703764,TCS.NS
2025-11-25,3006.044189453125,3035.534202019235,3001.996600643867,3031.1974493056246,2737920,TCS.NS
2025-11-26,3048.15869140625,3062.71099952004,3003.923909850209,3005.658657913636,2508527,TCS.NS
2025-11-27,3022.81298828125,3064.6384631299097,3011.6337098367826,3064.6384631299097,2836233,TCS.NS
2025-11-28,3023.680419921875,3033.124950840084,3011.6338843843378,3026.0897270293826,1616690,TCS.NS
2025-12-01,3019.72900390625,3039.581788202742,3008.935355329588,3024.0657566161144,1747647,TCS.NS
2025-12-02,3021.94580078125,3029.9447477765,3007.2007935969305,3017.416350282513,2512003,TCS.NS
2025-12-03,3064.638427734375,3095.3810901757683,3025.125793917674,3026.089516693691,3952112,TCS.NS
2025-12-04,3112.053466796875,3132.0989471151875,3071.769808666434,3078.13047294951,5025905,TCS.NS
2025-12-05,3120.72705078125,3152.915532717371,3105.5001838412545,3112.824571063191,5244013,TCS.NS
2025-12-08,3119.0888671875,3141.6398867746047,3092.2010949656524,3125.353065437683,2544725,TCS.NS
2025-12-09,3091.91162109375,3116.3900838422614,3065.794641509269,3112.8243568679477,2734893,TCS.NS
2025-12-10,3073.5048828125,3108.0062080861744,3062.807700289892,3108.0062080861744,1386849,TCS.NS
2025-12-11,3076.106689453125,3092.0081155406747,3038.7144333046613,3088.7315521574005,1914362,TCS.NS
2025-12-12,3103.669189453125,3106.078496384854,3070.131589906683,3081.696263178982,1146554,TCS.NS
2025-12-15,3113.01708984375,3120.7268716204835,3081.310706400481,3094.6101270221197,1562190,TCS.NS
2025-12-16,3088.828125,3103.187500999765,3075.3360054304358,3103.187500999765,1734623,TCS.NS
2025-12-17,3101.0673828125,3119.4743477745933,3084.3949307247763,3084.3949307247763,1376350,TCS.NS
2025-12-18,3161.78173828125,3168.5277977297296,3104.1510690788923,3110.897128527372,2307422,TCS.NS
2025-12-19,3162.938232421875,3197.5357868591873,3159.854366515901,3179.3215200364916,3902511,TCS.NS
2025-12-22,3204.28173828125,3207.8477007511456,3171.6116305486757,3189.9223631467994,2632816,TCS.NS
2025-12-23,3189.92236328125,3199.4631245744913,3174.0209376032617,3199.4631245744913,2365420,TCS.NS
2025-12-24,3198.595947265625,3206.4021959958864,3176.5267894381177,3184.236571775606,1367708,TCS.NS
2025-12-26,3161.010986328125,3199.559900795541,3153.108505919085,3192.9103071634727,1176664,TCS.NS
2025-12-29,3133.54443359375,3168.7203129805475,3125.2563240630398,3161.0105311971397,2079473,TCS.NS
2025-12-30,3129.015380859375,3148.9643966982817,3121.9801570326194,3132.0992469072426,2807593,TCS.NS
2025-12-31,3089.88818359375,3128.2444004402787,3082.467564635931,3122.462063286045,3362634,TCS.NS
2021-01-01,1086.09716796875,1090.448664611065,1082.0904672170202,1083.899961941162,4253550,INFY.NS
2021-01-04,1110.0518798828125,1111.5598098574253,1086.700528170064,1093.4646501620718,7208454,INFY.NS
2021-01-05,1114.8341064453125,1119.3147701487244,1098.677715421226,1104.6663089535523,8145280,INFY.NS
2021-01-06,1104.7525634765625,1121.8999025322664,1092.6461030616813,1120.17655398767,7161715,INFY.NS
2021-01-07,1087.5621337890625,1118.151568485968,1081.8319792102795,1116.7297849912563,10954918,INFY.NS
2021-01-08,1130.602783203125,1134.6527153635936,1101.4351303405995,1101.4351303405995,13186251,INFY.NS
2021-01-11,1185.8359375,1191.9969287839901,1154.6433749666262,1156.4528696665475,20528626,INFY.NS
2021-01-12,1182.0015869140625,1187.3870506780231,1171.8769150378166,1187.3870506780231,8309868,INFY.NS
2021-01-13,1195.271484375,1200.1399650362782,1171.8770069132547,1183.8111745128651,14442997,INFY.NS
2021-01-14,1180.9244384765625,1192.5570396581995,1136.074256291206,1171.8768597797336,27521697,INFY.NS
2021-01-15,1158.90869140625,1175.7113385699836,1154.6434461232384,1171.8769303937345,15018441,INFY.NS
2021-01-18,1130.5595703125,1154.643319873238,1125.3463998167526,1152.919971634621,8861765,INFY.NS
2021-01-19,1134.5234375,1146.8884421161995,1130.5166311468472,1137.410025239206,5585744,INFY.NS
2021-01-20,1154.1695556640625,1161.8816034699987,1137.8839961542835,1137.8839961542835,8225838,INFY.NS
2021-01-21,1154.384765625,1172.7815920617124,1150.3349393730487,1163.2600510513976,6142421,INFY.NS
2021-01-22,1155.3756103515625,1168.4299930363886,1143.0537347453296,1143.4414459876753,9646591,INFY.NS
2021-01-25,1141.804443359375,1161.4506568831903,1131.3782067409234,1158.951780705668,6542611,INFY.NS
2021-01-27,1121.038330078125,1143.915826159427,1107.337686867255,1137.0654519615634,8133665,INFY.NS
2021-01-28,1099.6683349609375,1117.1172337502778,1096.5233089566377,1113.1105337316897,4660690,INFY.NS
2021-01-29,1067.657470703125,1112.5506759537004,1060.7209512469485,1108.32845129276,12183519,INFY.NS
2021-02-01,1086.4849853515625,1101.176466884617,1069.3376482785413,1077.566678701436,8880279,INFY.NS
2021-02-02,1095.4034423828125,1115.351223255505,1088.811613019999,1102.943092428712,6892490,INFY.NS
2021-02-03,1106.9498291015625,1123.6232045430509,1096.911303208055,1100.918109445273,8182968,INFY.NS
2021-02-04,1102.3828125,1114.4893764883388,1096.0926542603552,1107.251292527457,5032240,INFY.NS
2021-02-05,1096.1357421875,1110.4826388299136,1087.4328536980415,1108.4577254721191,5477481,INFY.NS
2021-02-08,1123.2354736328125,1128.7932302881572,1099.0654696431639,1107.682211859104,6921922,INFY.NS
2021-02-09,1124.9588623046875,1147.7501042069305,1118.3239074502417,1126.1221015084686,7965949,INFY.NS
2021-02-10,1117.16064453125,1123.924766232091,1106.0450258741864,1116.5575146413062,5951207,INFY.NS
2021-02-11,1113.8431396484375,1116.7297270881256,1105.5710886329,1110.6980078831743,4673317,INFY.NS
2021-02-12,1128.6207275390625,1140.641038619996,1121.5119165334988,1124.4846499709874,5797875,INFY.NS
2021-02-15,1128.4915771484375,1144.6479675405958,1126.2942659811706,1137.4098836079422,4363513,INFY.NS
2021-02-16,1111.904296875,1137.1944110642016,1108.1129097393925,1132.2397849125675,6896421,INFY.NS
2021-02-17,1104.0634765625,1115.4375368340222,1098.6348856418526,1111.9046927485392,4575741,INFY.NS
2021-02-18,1113.6708984375,1125.3466271870793,1098.6347240915209,1099.496398384926,6437551,INFY.NS
2021-02-19,1112.679931640625,1119.7456179756161,1100.1856557955718,1116.8159046715325,5389696,INFY.NS
2021-02-22,1090.1903076171875,1127.5439735379998,1085.7096432270175,1115.8682444277679,7371303,INFY.NS
2021-02-23,1091.18115234375,1112.42144338809,1083.5984821457366,1095.3172307680072,6612942,INFY.NS
2021-02-24,1098.0313720703125,1100.0131594333943,1078.8159971399741,1085.7525158728329,4537258,INFY.NS
2021-02-25,1098.246826171875,1119.960972603115,1096.0495150230138,1110.2240126677355,8788221,INFY.NS
2021-02-26,1079.9364013671875,1098.031560981931,1072.5690443072458,1093.4646452909378,15132388,INFY.NS
2021-03-01,1091.7412109375,1106.820509431112,1084.8478173404203,1088.5530584727862,5756286,INFY.NS
2021-03-02,1124.0540771484375,1128.7932855994275,1102.253676199945,1104.8818247785234,10461434,INFY.NS
2021-03-03,1157.702392578125,1160.6751264405077,1127.0698332473528,1136.7205420391444,9056399,INFY.NS
2021-03-04,1146.3282470703125,1175.194332673044,1142.4938389671688,1150.3350531237788,12041941,INFY.NS
2021-03-05,1134.5665283203125,1154.6435819308117,1124.5281066999157,1144.7343273097638,6486176,INFY.NS
2021-03-08,1150.9813232421875,1159.8996302572925,1134.9972246111543,1141.5460327392925,5119392,INFY.NS
2021-03-09,1159.4259033203125,1163.6480232674905,1136.332989869312,1145.5959886492894,6518173,INFY.NS
2021-03-10,1178.899658203125,1183.9404315800884,1167.568620663042,1169.205822791716,7925984,INFY.NS
2021-03-12,1184.6729736328125,1199.192165571937,1180.5369998128515,1183.0788971026757,9462061,INFY.NS
2021-03-15,1183.5955810546875,1189.0241702261578,1170.5843225404135,1180.4935751787755,6658635,INFY.NS
2021-03-16,1192.55712890625,1211.5139618801932,1189.5412691149409,1194.323603143668,9352771,INFY.NS
2021-03-17,1195.142333984375,1206.3441006331109,1190.8339621963996,1199.666124361749,7626744,INFY.NS
2021-03-18,1152.1444091796875,1200.958267604861,1131.8089216136216,1200.958267604861,10961755,INFY.NS
2021-03-19,1158.4776611328125,1167.7406573836752,1135.68642405927,1146.0265128974424,12767112,INFY.NS
2021-03-22,1181.1829833984375,1185.663646967112,1151.2828268647472,1163.346265133308,4862758,INFY.NS
2021-03-23,1181.8292236328125,1191.9107691234879,1171.5321544195988,1182.6046462206853,7165335,INFY.NS
2021-03-24,1166.491455078125,1180.8813722284217,1160.028898540296,1170.0242982818368,6134303,INFY.NS
2021-03-25,1149.3011474609375,1165.4144137321318,1143.958704043089,1160.4597868345645,8749994,INFY.NS
2021-03-26,1151.368896484375,1169.033215628549,1147.7499073190118,1158.6931263734227,4922071,INFY.NS
2021-03-30,1193.67724609375,1206.3438140675257,1151.3259404414841,1160.5889375852169,10546381,INFY.NS
2021-03-31,1178.8134765625,1196.0038354373928,1174.7205239556358,1190.8337900392485,8220987,INFY.NS
2021-04-01,1193.591064453125,1199.1058003917483,1181.3553328390126,1189.1104006694657,5675155,INFY.NS
2021-04-05,1214.8746337890625,1227.8858948661118,1195.1422710030156,1198.5889682517625,9479572,INFY.NS
2021-04-06,1215.8653564453125,1228.747342967001,1211.9015711911009,1226.162320506341,5793571,INFY.NS
2021-04-07,1232.3663330078125,1236.4592852394153,1212.0308440098686,1215.1759757090142,5879234,INFY.NS
2021-04-08,1240.681640625,1250.8924593912707,1224.4391021437357,1232.1941703487278,5654434,INFY.NS
2021-04-09,1241.715576171875,1253.7358884927696,1232.2371605200397,1253.7358884927696,6052712,INFY.NS
2021-04-12,1228.5321044921875,1273.1668742622135,1219.2691059838298,1270.1078884948163,20384532,INFY.NS
2021-04-13,1203.8883056640625,1236.7180764492239,1184.8021983053009,1234.7793092156335,14855206,INFY.NS
2021-04-15,1172.5230712890625,1177.3915511559262,1137.4098505247566,1148.0084843876693,25342491,INFY.NS
2021-04-16,1166.491455078125,1181.226062947407,1160.3304634750934,1176.1852898848683,10879878,INFY.NS
2021-04-19,1174.07421875,1188.851847075062,1148.0515948995885,1154.6434235411007,12508028,INFY.NS
2021-04-20,1164.4234619140625,1188.2487756609848,1156.7115195484307,1188.2487756609848,8560766,INFY.NS
2021-04-22,1164.2078857421875,1176.0128843300108,1159.0809667878193,1168.04239869778,6622446,INFY.NS
2021-04-23,1149.3011474609375,1161.8815703725743,1146.8884175064454,1157.2285084231075,7316262,INFY.NS
2021-04-26,1157.702392578125,1164.380367507534,1138.271597645071,1147.9654322200197,7088606,INFY.NS
2021-04-27,1161.9677734375,1165.8453077203837,1154.7728141940079,1159.8135877247869,3636115,INFY.NS
2021-04-28,1168.43017578125,1171.4460353795055,1158.6070691956795,1170.1535241231102,4879234,INFY.NS
2021-04-29,1168.73193359375,1179.6321346919722,1164.466687817636,1178.7704603788297,5412357,INFY.NS
2021-04-30,1167.0084228515625,1183.8541954072941,1159.7273179909107,1160.0720087052553,8354677,INFY.NS
2021-05-03,1165.02685546875,1172.738798883423,1152.9202886892137,1155.333018960713,4560337,INFY.NS
2021-05-04,1145.5096435546875,1167.5253551205797,1140.9427284558226,1166.706806746648,4887060,INFY.NS
2021-05-05,1155.935791015625,1158.003829867303,1144.1308980639017,1155.5911003428744,3939788,INFY.NS
2021-05-06,1173.2554931640625,1175.9266619728828,1152.403020957983,1158.951723413913,4810090,INFY.NS
2021-05-07,1165.4573974609375,1183.1217172904696,1161.967575128,1176.4437427207686,4991435,INFY.NS
2021-05-10,1154.255615234375,1165.7589437563593,1150.3780816751782,1163.1307956034163,7195348,INFY.NS
2021-05-11,1146.5869140625,1155.50522191954,1141.8045796830766,1151.9723783704771,6420988,INFY.NS
2021-05-12,1143.441650390625,1146.0266729612142,1132.6707230131701,1146.0266729612142,5241898,INFY.NS
2021-05-14,1134.307861328125,1143.3123140362059,1129.913344241812,1143.3123140362059,4824609,INFY.NS
2021-05-17,1145.5096435546875,1150.2918720076307,1137.6684297752622,1137.6684297752622,5017129,INFY.NS
2021-05-18,1154.6435546875,1158.6072354054272,1145.5959745947994,1152.9202060984142,5620150,INFY.NS
2021-05-19,1152.0584716796875,1169.6796680095263,1148.827193243787,1156.3668429275547,4435878,INFY.NS
2021-05-20,1154.04052734375,1162.4848730700207,1150.3352854738976,1161.8817430841657,4490092,INFY.NS
2021-05-21,1167.1378173828125,1169.7228402341586,1160.1151509330189,1161.1060973963379,4969733,INFY.NS
2021-05-24,1161.5799560546875,1174.461943366911,1159.037954034809,1168.9903331930352,4225371,INFY.NS
2021-05-25,1173.2554931640625,1178.7702287213629,1167.0945019989106,1170.153487283341,4099340,INFY.NS
2021-05-26,1203.9742431640625,1206.343847149535,1173.6433542239515,1178.6841271197163,6850024,INFY.NS
2021-05-27,1208.282470703125,1220.3459077434843,1199.1917671452106,1209.9626930741028,15365391,INFY.NS
2021-05-28,1210.6954345703125,1218.4073769544673,1202.983387001314,1214.7452614296749,4261312,INFY.NS
2021-05-31,1213.9180908203125,1220.6681286347393,1204.5551351422366,1220.6681286347393,4429904,INFY.NS
2021-06-01,1208.212890625,1220.232352470648,1200.7661402744382,1219.361380056322,4791325,INFY.NS
2021-06-02,1200.76611328125,1212.3499823394552,1188.8773188289856,1202.5951340462432,9272276,INFY.NS
2021-06-03,1210.3468017578125,1218.4903723317955,1199.3725709192988,1208.9967520267799,5115645,INFY.NS
2021-06-04,1206.863037109375,1216.6614775007154,1199.895257275533,1214.0920448950565,4194328,INFY.NS
2021-06-07,1210.3468017578125,1212.393565608191,1199.5903140165703,1211.5225932191047,5154576,INFY.NS
2021-06-08,1230.6405029296875,1238.3051031560915,1215.4856670818356,1215.8775621634632,7360630,INFY.NS
2021-06-09,1232.6873779296875,1241.1357683512133,1223.3679087192618,1231.0325089745763,5394317,INFY.NS
2021-06-10,1240.5263671875,1244.619896046115,1235.9101696916987,1240.265032868907,3496575,INFY.NS
2021-06-11,1260.2100830078125,1264.3036110722962,1245.011549675881,1245.5777030430665,6140828,INFY.NS
2021-06-14,1273.1876220703125,1286.4263613244386,1265.9149167591186,1281.2005264104598,7132294,INFY.NS
2021-06-15,1283.7265625,1285.5555837332015,1274.232939703031,1275.1039123207363,5403104,INFY.NS
2021-06-16,1289.5618896484375,1297.2699751733123,1278.1521709198764,1282.6811854881962,7661710,INFY.NS
2021-06-17,1302.365234375,1308.7668610479423,1284.7715259128947,1284.7715259128947,7677951,INFY.NS
2021-06-18,1309.3330078125,1320.2201641126776,1295.4845237346972,1314.2975085574267,13533974,INFY.NS
2021-06-21,1306.719970703125,1311.5103190367672,1292.6972296160168,1300.3618294777948,5454052,INFY.NS
2021-06-22,1316.7799072265625,1325.141222942779,1308.287924356051,1314.90729486806,6427862,INFY.NS
2021-06-23,1309.202392578125,1328.2331212813588,1305.283016154672,1328.2331212813588,5529809,INFY.NS
2021-06-24,1358.020263671875,1366.3380934780537,1316.2135841582835,1321.2652671274627,10785137,INFY.NS
2021-06-25,1371.0849609375,1374.3946991922826,1343.9106596031002,1369.168863834137,9780240,INFY.NS
2021-06-28,1368.9945068359375,1376.2671053562678,1359.23955183632,1369.9525552441462,5019178,INFY.NS
2021-06-29,1361.37353515625,1370.6058218938479,1358.0202061563784,1359.5879990996918,5913567,INFY.NS
2021-06-30,1376.8333740234375,1385.7172510180376,1369.2123646290893,1369.2123646290893,6058722,INFY.NS
2021-07-01,1359.0655517578125,1373.3930072922922,1357.8897601108913,1373.3930072922922,4814317,INFY.NS
2021-07-02,1365.5107421875,1366.9477617714929,1343.562171167975,1357.8025504266625,5166064,INFY.NS
2021-07-05,1375.2220458984375,1380.491472279574,1359.6317225292362,1366.6865788207563,4058338,INFY.NS
2021-07-06,1360.6331787109375,1382.0155958269174,1356.1912402845298,1370.6493623265098,4089574,INFY.NS
2021-07-07,1362.7235107421875,1367.9058607513202,1345.3476524242224,1363.986484620662,4797120,INFY.NS
2021-07-08,1359.370361328125,1372.6526922653372,1349.1364342125682,1365.684912101554,3326813,INFY.NS
2021-07-09,1361.2427978515625,1367.3396047081196,1350.8782049314407,1355.2330669718385,3436594,INFY.NS
2021-07-12,1348.1348876953125,1374.3947322658926,1335.8541955721248,1367.9060290680072,4588982,INFY.NS
2021-07-13,1345.60888671875,1355.5815853790407,1338.0750598435359,1355.5815853790407,4456160,INFY.NS
2021-07-14,1373.4365234375,1378.5752823277203,1339.6427487234016,1353.4912324038655,5657716,INFY.NS
2021-07-15,1376.8333740234375,1390.812418891996,1355.2332134406452,1356.8880824588236,10021355,INFY.NS
2021-07-16,1354.7540283203125,1371.4767628250784,1349.6588608514694,1370.6928663714386,6265593,INFY.NS
2021-07-19,1342.7781982421875,1352.533153580218,1339.1637475912771,1345.3911156206077,5669162,INFY.NS
2021-07-20,1350.0509033203125,1356.7137575793088,1339.5556426558176,1339.816976921609,5069939,INFY.NS
2021-07-22,1385.0203857421875,1387.3284840624563,1359.9364422808278,1359.9364422808278,7854575,INFY.NS
2021-07-23,1385.238037109375,1392.2494075892132,1380.5348711168035,1383.5832745741461,4179719,INFY.NS
2021-07-26,1396.952880859375,1403.7029180573702,1388.4173074229864,1388.4173074229864,4586710,INFY.NS
2021-07-27,1395.7769775390625,1401.6560417250942,1391.7269342802642,1397.9108175675212,5892859,INFY.NS
2021-07-28,1398.4337158203125,1400.1756611828987,1380.9271861903014,1397.998229479666,4686788,INFY.NS
2021-07-29,1408.362548828125,1410.9754663584183,1393.643092143495,1393.643092143495,4660873,INFY.NS
2021-07-30,1402.701171875,1413.9367380735853,1398.9124628703291,1402.2656856372244,6234257,INFY.NS
2021-08-02,1421.035400390625,1423.822470206854,1410.2788036313543,1417.4643276437148,5553389,INFY.NS
2021-08-03,1441.6337890625,1444.6387082912352,1424.5627475551084,1434.4918563493748,5513668,INFY.NS
2021-08-04,1436.4515380859375,1463.14686912244,1427.5676602328276,1453.7403226615859,6740391,INFY.NS
2021-08-05,1440.196533203125,1451.0400976473882,1434.5352122939364,1436.6690522625252,5420536,INFY.NS
2021-08-06,1437.27880859375,1446.380535210929,1431.8788215028985,1443.201464252009,3754855,INFY.NS
2021-08-09,1448.6884765625,1452.3029270691816,1433.9690213207793,1446.6851974576966,5018477,INFY.NS
2021-08-10,1460.8388671875,1463.2340419585632,1446.7291528822893,1452.7823702302878,6846517,INFY.NS
2021-08-11,1461.0997314453125,1466.7174606639699,1452.7819028429346,1458.704557444822,4899639,INFY.NS
2021-08-12,1471.59521484375,1477.6049467665491,1458.0080641834384,1462.493594127551,5659579,INFY.NS
2021-08-13,1491.279052734375,1500.2501118966013,1473.0758127751071,1478.0403134331104,5612790,INFY.NS
2021-08-16,1484.485595703125,1498.0291547007535,1472.030646043933,1487.3597412491697,4564109,INFY.NS
2021-08-17,1516.92919921875,1523.2437495245933,1468.9386381583163,1484.0499890055655,9510390,INFY.NS
2021-08-18,1509.7869873046875,1528.9919702738412,1504.1692581389484,1505.9112028501688,6686090,INFY.NS
2021-08-20,1509.3516845703125,1519.8469452589354,1494.6758198585792,1494.6758198585792,6206972,INFY.NS
2021-08-23,1514.4034423828125,1526.9454677131089,1508.5243779767254,1511.790524868996,6189051,INFY.NS
2021-08-24,1498.8131103515625,1530.2987896960838,1491.7146627153454,1524.2019817690077,7602939,INFY.NS
2021-08-25,1511.616455078125,1521.5019722788666,1496.330844263311,1496.330844263311,6153253,INFY.NS
2021-08-26,1504.779296875,1520.718137753988,1498.072850479301,1510.2664667041324,5302248,INFY.NS
2021-08-27,1488.31787109375,1504.7791665153063,1485.1822849945138,1502.427583260766,6698514,INFY.NS
2021-08-30,1478.9549560546875,1496.8969690174113,1472.2919948958422,1483.3098187310713,6559667,INFY.NS
2021-08-31,1486.27099609375,1493.7178535768544,1468.3289836646177,1480.783933076624,12255438,INFY.NS
2021-09-01,1461.2740478515625,1488.927423514973,1457.267595791076,1488.927423514973,7801974,INFY.NS
2021-09-02,1471.15966796875,1475.688788882233,1448.1224872534362,1460.9257408190936,6830050,INFY.NS
2021-09-03,1481.2193603515625,1485.835450675509,1467.0660576377923,1477.2129082319484,5339139,INFY.NS
2021-09-06,1507.130859375,1508.5243941333167,1480.0871202894011,1485.1388033981718,4876026,INFY.NS
2021-09-07,1486.4451904296875,1511.0501627608223,1484.13709211518,1506.7823763845429,3520341,INFY.NS
2021-09-08,1474.7742919921875,1481.3936622056285,1465.8032320672012,1481.3936622056285,4584896,INFY.NS
2021-09-09,1473.337158203125,1476.2114101731731,1465.1065100560027,1468.3726571492882,3331674,INFY.NS
2021-09-13,1473.5985107421875,1481.9598261405356,1459.0532050480786,1465.8468336141766,4662374,INFY.NS
2021-09-14,1468.59033203125,1477.1257989130531,1462.0144469944478,1477.1257989130531,4945167,INFY.NS
2021-09-15,1490.6258544921875,1493.8049254065334,1472.117688719493,1474.7741973936459,4062344,INFY.NS
2021-09-16,1482.6129150390625,1497.4194473085083,1473.2063696575788,1493.891966210481,3246568,INFY.NS
2021-09-17,1473.075927734375,1496.3308524712506,1467.1096806648243,1478.0404287798092,7454864,INFY.NS
2021-09-20,1470.071044921875,1487.359829336001,1461.4483951332998,1467.588794337864,5660743,INFY.NS
2021-09-21,1496.7227783203125,1503.9518932175802,1467.2839690902401,1480.6533768466115,4672222,INFY.NS
2021-09-22,1495.3726806640625,1514.5340753328271,1492.0194578610053,1495.4597566485802,4553892,INFY.NS
2021-09-23,1517.71337890625,1519.8472192936308,1499.0309524473482,1508.5245752530477,3826090,INFY.NS
2021-09-24,1536.264892578125,1557.2989006716446,1526.3357843635558,1531.1697244858785,8280446,INFY.NS
2021-09-27,1499.0743408203125,1540.750353714178,1496.4178321652648,1540.5326105890063,5045337,INFY.NS
2021-09-28,1469.417724609375,1489.3630166815442,1458.878978328413,1489.3630166815442,6557197,INFY.NS
2021-09-29,1473.9033203125,1481.8727405310417,1441.4595923280765,1445.1612257222725,7792548,INFY.NS
2021-09-30,1459.052978515625,1483.2660547022504,1454.6110403673977,1483.2660547022504,6914031,INFY.NS
2021-10-01,1450.300048828125,1462.3194069383485,1446.9032344178822,1450.2564576700856,5733906,INFY.NS
2021-10-04,1462.145263671875,1470.2017602848102,1450.517800635024,1456.7016848793514,2947154,INFY.NS
2021-10-05,1474.3824462890625,1483.2227330420862,1448.4274205190902,1455.3952012552013,4373310,INFY.NS
2021-10-06,1457.6162109375,1488.4921465220082,1454.5242157353737,1482.4824144265476,4271698,INFY.NS
2021-10-07,1472.814453125,1484.3112472506546,1460.3160193905471,1469.3305632299673,5476108,INFY.NS
2021-10-08,1501.426025390625,1508.0889867346034,1479.2598162798897,1485.2259570483295,4738376,INFY.NS
2021-10-11,1472.7708740234375,1506.7823919299244,1449.0368739193389,1464.9757128474757,8840633,INFY.NS
2021-10-12,1467.719482421875,1471.072705631953,1447.556445684018,1460.621034543982,7439300,INFY.NS
2021-10-13,1488.666015625,1492.5419066804288,1463.2772546739036,1477.1256310763652,7104171,INFY.NS
2021-10-14,1494.37109375,1553.4665576738048,1479.085483572147,1527.6857924741366,19655776,INFY.NS
2021-10-18,1560.9132080078125,1566.8793476841583,1515.4919760813984,1515.4919760813984,13438109,INFY.NS
2021-10-19,1587.0426025390625,1597.799091923905,1552.3343687944996,1579.944155219386,10324260,INFY.NS
2021-10-20,1569.7972412109375,1609.5571565198998,1562.5682333583247,1593.3570895202022,5876115,INFY.NS
2021-10-21,1527.380859375,1579.9440255087377,1521.4582041825172,1579.9440255087377,8779629,INFY.NS
2021-10-22,1497.898681640625,1535.6988064564907,1486.7501901182247,1524.1149349651396,7369809,INFY.NS
2021-10-25,1487.229248046875,1506.564796489911,1469.5048712675496,1499.858350257659,5905209,INFY.NS
2021-10-26,1497.0264892578125,1517.1485436893581,1490.1727607226414,1502.6062654350915,5871709,INFY.NS
2021-10-27,1519.213623046875,1523.7828831952202,1494.78606375197,1501.7716182584402,5090259,INFY.NS
2021-10-28,1497.2021484375,1515.5228408460055,1486.789677839468,1510.777886307297,5329972,INFY.NS
2021-10-29,1465.4376220703125,1504.8469109760645,1459.5504324355952,1492.8967290645846,5875091,INFY.NS
2021-11-01,1493.8194580078125,1500.102016130917,1472.6868855107523,1474.0049226994552,3636806,INFY.NS
2021-11-02,1491.9300537109375,1499.4428003412402,1481.7811257877784,1489.3818273621403,3471772,INFY.NS
2021-11-03,1495.971923828125,1509.1083157316355,1492.8965043077735,1501.6834172230635,3530713,INFY.NS
2021-11-04,1501.4200439453125,1508.713225915456,1498.1689284716672,1506.955843008158,483407,INFY.NS
2021-11-08,1526.7264404296875,1529.8018605974596,1496.4115844902203,1520.1362543558903,5245903,INFY.NS
2021-11-09,1531.1197509765625,1537.7099364183555,1516.621343004618,1524.3098926867096,4016134,INFY.NS
2021-11-10,1529.0546875,1538.5444891849152,1513.0624414790395,1516.6211841497086,4780368,INFY.NS
2021-11-11,1523.0357666015625,1528.7032829292987,1501.6835237971957,1522.7281388179986,4731349,INFY.NS
2021-11-12,1564.2464599609375,1566.5750137314162,1527.2097015420263,1531.5591812690018,5069009,INFY.NS
2021-11-15,1570.353271484375,1581.6444339073435,1560.1164957791602,1565.9158372510615,4354074,INFY.NS
2021-11-16,1574.87841796875,1589.5085419145723,1561.4343985318053,1572.857385127705,6034233,INFY.NS
2021-11-17,1570.6171875,1583.402192614932,1564.6860194644003,1575.0986002699537,4732492,INFY.NS
2021-11-18,1563.54345703125,1572.3742410091222,1545.618131495533,1565.476535154988,4326924,INFY.NS
2021-11-22,1545.9696044921875,1568.8155799150782,1538.7204007522319,1567.5853905552658,6621839,INFY.NS
2021-11-23,1526.1990966796875,1535.293531113381,1502.5622768372482,1524.6174092729004,8436160,INFY.NS
2021-11-24,1490.2606201171875,1529.3623875671963,1483.2310888902196,1528.9230418655106,7333061,INFY.NS
2021-11-25,1513.4580078125,1516.7969705965193,1491.0952485220696,1493.7753000534872,4476260,INFY.NS
2021-11-26,1486.4384765625,1509.8994963783227,1479.7164652294268,1496.0162352304876,4494181,INFY.NS
2021-11-29,1490.568115234375,1504.319656915026,1466.6677523751573,1485.867137758942,3942776,INFY.NS
2021-11-30,1504.8909912109375,1520.048419306774,1493.8194999672771,1497.7736116444519,14808963,INFY.NS
2021-12-01,1506.867919921875,1530.59258798338,1505.1983847910458,1506.9557676104166,5193264,INFY.NS
2021-12-02,1536.17236328125,1538.1494190898488,1503.7486265678017,1506.9558718875126,5559574,INFY.NS
2021-12-03,1525.0128173828125,1569.913923973845,1522.3767433293804,1556.2502305587047,6754012,INFY.NS
2021-12-06,1489.6455078125,1523.6068431192248,1486.3064377344938,1520.1360551467185,3991449,INFY.NS
2021-12-07,1504.01220703125,1515.654868474255,1488.5032818453103,1494.7419695434742,4202122,INFY.NS
2021-12-08,1540.6536865234375,1546.3213109323074,1522.4208382954744,1522.7723363402492,3029169,INFY.NS
2021-12-09,1549.5281982421875,1554.7564760644466,1530.6803119329384,1545.6180646900336,2082171,INFY.NS
2021-12-10,1545.837890625,1549.7920020405534,1534.1952292347592,1546.496909194259,1823469,INFY.NS
2021-12-13,1533.0089111328125,1556.4699276693766,1527.8685881008832,1552.691619157812,4040584,INFY.NS
2021-12-14,1539.59912109375,1549.1329011030184,1502.8697785484514,1520.9269292908916,4768144,INFY.NS
2021-12-15,1523.8265380859375,1535.9085444800232,1512.4035502224383,1533.3164478312353,3053149,INFY.NS
2021-12-16,1556.6898193359375,1561.9619682661307,1544.7396365465954,1548.825573419924,4481031,INFY.NS
2021-12-17,1599.9652099609375,1618.549554473689,1587.5756827064808,1599.2183437253605,18887243,INFY.NS
2021-12-20,1580.6781005859375,1607.69786318161,1570.485301026665,1583.138372334925,5773891,INFY.NS
2021-12-21,1591.8372802734375,1615.0347541246067,1582.523173111217,1582.523173111217,5353584,INFY.NS
2021-12-22,1603.3480224609375,1607.258263225774,1592.4962060182195,1603.6116727640501,4156428,INFY.NS
2021-12-23,1632.2569580078125,1635.7717232521284,1605.3690253412217,1609.103463413307,4112933,INFY.NS
2021-12-24,1637.4415283203125,1648.2054986567352,1629.0939594879846,1645.7451196749826,3780347,INFY.NS
2021-12-27,1639.7698974609375,1647.1069488401015,1621.2295312790468,1634.3659241624905,2647733,INFY.NS
2021-12-28,1658.969482421875,1665.911166433166,1650.5340658280904,1652.554991836044,3340933,INFY.NS
2021-12-29,1656.816650390625,1664.0658546078334,1648.7766024427483,1655.0152900742216,3236635,INFY.NS
2021-12-30,1663.2308349609375,1678.1247171147652,1646.975045625466,1655.8937839295143,4584738,INFY.NS
2021-12-31,1658.7496337890625,1668.0637408590383,1644.602724183878,1660.7266893716478,4619420,INFY.NS
2022-01-03,1668.1514892578125,1681.8591596242486,1658.7495350628487,1658.7495350628487,3329616,INFY.NS
2022-01-04,1668.7666015625,1675.3567863034766,1650.1822591405219,1668.1514532960693,3921999,INFY.NS
2022-01-05,1620.8780517578125,1672.0618238908942,1616.792115448411,1669.5135974739028,6995719,INFY.NS
2022-01-06,1597.2852783203125,1606.2478877431283,1581.6445284122708,1606.2478877431283,6449205,INFY.NS
2022-01-07,1594.2098388671875,1613.2773992100788,1587.619653412898,1595.2202481604722,4834389,INFY.NS
2022-01-10,1626.238037109375,1643.0649981325935,1593.0674382165591,1594.8248209393573,7857560,INFY.NS
2022-01-11,1630.4998779296875,1643.1530566094832,1625.7110523005758,1629.9726844976424,5142287,INFY.NS
2022-01-12,1649.69921875,1659.8481478952956,1634.3660958630228,1642.1864712150102,5362535,INFY.NS
2022-01-13,1666.7017822265625,1680.4971934061439,1639.9455664762318,1673.907008333963,14277630,INFY.NS
2022-01-14,1695.30322265625,1698.5104677026313,1652.8185151312207,1653.6972065268249,7688506,INFY.NS
2022-01-17,1704.2220458984375,1716.8752240721528,1696.3138229476326,1703.3873319362635,5262464,INFY.NS
2022-01-18,1687.74658203125,1709.0548494342218,1679.574708740925,1688.9327940218743,3690315,INFY.NS
2022-01-19,1640.5609130859375,1683.5728166181689,1636.8703446421212,1683.5728166181689,5747770,INFY.NS
2022-01-20,1602.469482421875,1623.8217266018507,1595.2642557606387,1620.3069609598556,5533463,INFY.NS
2022-01-21,1569.079345703125,1588.6742087714806,1560.5560811826049,1577.2512194384997,8252758,INFY.NS
2022-01-24,1526.111328125,1554.0976288940496,1518.378800587523,1550.890383701955,7116712,INFY.NS
2022-01-25,1513.2384033203125,1528.923023226851,1494.214713216816,1517.1485371127924,9137653,INFY.NS
2022-01-27,1474.9713134765625,1502.29859365424,1463.0211322868854,1495.5327130043718,11231734,INFY.NS
2022-01-28,1481.6492919921875,1517.983264646861,1475.7621029294125,1477.0801399370898,10998502,INFY.NS
2022-01-31,1525.5838623046875,1537.2705000369122,1507.263169309688,1509.591722814184,8788872,INFY.NS
2022-02-01,1557.0850830078125,1564.0706364850143,1524.2658745729877,1551.8568050061044,5119935,INFY.NS
2022-02-02,1570.309326171875,1575.3179313391013,1557.041107934789,1571.978861227617,4253717,INFY.NS
2022-02-03,1527.64892578125,1563.191948829261,1523.6508371388077,1563.191948829261,3832922,INFY.NS
2022-02-04,1529.8897705078125,1541.180934987661,1502.694311108858,1521.8936991988624,4700077,INFY.NS
2022-02-07,1506.955810546875,1521.8935649371356,1489.733479878767,1513.2823459720125,4310209,INFY.NS
2022-02-08,1508.9766845703125,1515.742564999081,1490.2605160802557,1502.5621948686542,6053401,INFY.NS
2022-02-09,1526.5504150390625,1531.5589124675853,1515.7424693095722,1524.529382175135,3867244,INFY.NS
2022-02-10,1554.932373046875,1558.7107891978585,1536.6116777128484,1542.6746701881318,4334630,INFY.NS
2022-02-11,1512.535400390625,1534.1511870988509,1505.1983487478708,1528.9230162412698,7551371,INFY.NS
2022-02-14,1478.1346435546875,1510.0751620435087,1474.6638553981247,1484.9884794415796,7459637,INFY.NS
2022-02-15,1527.3853759765625,1534.8542531207022,1485.3838827787808,1492.8967373992116,4669915,INFY.NS
2022-02-16,1523.0357666015625,1542.4986942805128,1517.368143011698,1527.3852458984643,5350642,INFY.NS
2022-02-17,1515.56689453125,1536.8311824527893,1511.612783427169,1532.4377256704772,3937950,INFY.NS
2022-02-18,1499.8822021484375,1513.5458959572875,1496.850759804493,1502.5622537515017,5602215,INFY.NS
2022-02-21,1520.7510986328125,1526.550547436766,1486.3064401172699,1494.6540080635389,5120890,INFY.NS
2022-02-22,1523.95849609375,1538.5887302005694,1485.911220635109,1493.6876185215017,8878515,INFY.NS
2022-02-23,1531.42724609375,1544.9591147620647,1523.123655479762,1537.7099108964103,5478811,INFY.NS
2022-02-24,1474.575927734375,1506.9117054360172,1467.8539173756792,1485.0762465850694,13592379,INFY.NS
2022-02-25,1489.0303955078125,1518.5105342990194,1473.5654486264136,1506.9557211653544,9737281,INFY.NS
2022-02-28,1507.4830322265625,1518.4228051512885,1463.0212662482625,1478.1347163040493,15076542,INFY.NS
2022-03-02,1496.2357177734375,1506.4285162813565,1485.8671166330619,1502.5622527750063,6771489,INFY.NS
2022-03-03,1512.0960693359375,1523.5630349736196,1498.6521553167977,1511.5248984753623,7344147,INFY.NS
2022-03-04,1514.2491455078125,1525.4084849525482,1477.0804511550884,1489.6018053662485,9074499,INFY.NS
2022-03-07,1528.7913818359375,1538.5888134942265,1490.2607810886398,1491.1394725869231,9742588,INFY.NS
2022-03-08,1562.489013671875,1581.644529208251,1509.9872022162124,1509.9872022162124,10984500,INFY.NS
2022-03-09,1593.3751220703125,1609.411241059636,1573.7363895823908,1573.7363895823908,10193515,INFY.NS
2022-03-10,1604.402587890625,1620.9658987002945,1590.6070690763233,1620.9658987002945,6547182,INFY.NS
2022-03-11,1600.9759521484375,1609.2356739028405,1591.3103454120858,1593.9464199765455,4758657,INFY.NS
2022-03-14,1661.341796875,1665.1202128221414,1609.367286068122,1609.367286068122,10289724,INFY.NS
2022-03-15,1616.1771240234375,1659.2768725454414,1608.0052511537049,1659.2768725454414,7140443,INFY.NS
2022-03-16,1660.1993408203125,1664.1973218230087,1624.7001913365227,1638.7592519430043,5233979,INFY.NS
2022-03-17,1629.6209716796875,1689.9871323532464,1610.6852372652634,1689.9871323532464,17731459,INFY.NS
2022-03-21,1628.259033203125,1658.002713659227,1617.7586073153645,1635.2445864629065,8362085,INFY.NS
2022-03-22,1658.4422607421875,1660.7268370550205,1615.9135731979802,1625.57917912793,5709382,INFY.NS
2022-03-23,1645.26171875,1669.5135787574188,1631.7298503960667,1666.8775046856965,6192824,INFY.NS
2022-03-24,1657.8270263671875,1664.7687099000984,1630.9830683752546,1630.9830683752546,3784303,INFY.NS
2022-03-25,1648.9085693359375,1664.241693032674,1632.608799184112,1662.4843100410872,3438588,INFY.NS
2022-03-28,1646.5799560546875,1652.7307963034818,1627.907762442276,1639.6382720357626,4008555,INFY.NS
2022-03-29,1657.2119140625,1660.1994861553353,1634.849261732521,1646.5797700005269,3917785,INFY.NS
2022-03-30,1672.984375,1686.208722896825,1665.1201302185948,1678.3005006424887,7795839,INFY.NS
2022-03-31,1675.5325927734375,1680.9365660718338,1664.4171256540967,1669.5135784299448,5399145,INFY.NS
2022-04-01,1672.6331787109375,1678.564346091196,1650.4462192514522,1657.9589669091613,6171518,INFY.NS
2022-04-04,1654.531982421875,1663.362874183329,1645.7890456129824,1660.5071270406477,7364074,INFY.NS
2022-04-05,1635.3326416015625,1660.3753480101589,1631.8618532673324,1655.2790019404306,5472024,INFY.NS
2022-04-06,1606.994873046875,1632.1694051083773,1601.1076831042346,1629.9726764339382,5407453,INFY.NS
2022-04-07,1591.31005859375,1606.379636923527,1588.2786162958694,1600.1409496978658,5797544,INFY.NS
2022-04-08,1594.4735107421875,1615.034912473109,1588.6741685263228,1601.854540499716,5131446,INFY.NS
2022-04-11,1552.2525634765625,1593.9464336232027,1548.7377973605246,1593.9464336232027,8248407,INFY.NS
2022-04-12,1531.0758056640625,1544.300154299906,1518.1590848316712,1544.300154299906,6456184,INFY.NS
2022-04-13,1536.43603515625,1544.3002810224598,1521.8936482110387,1542.0595748364601,6257693,INFY.NS
2022-04-18,1424.710205078125,1449.8407567425704,1397.1192746792042,1410.738990878907,30523965,INFY.NS
2022-04-19,1372.515869140625,1438.1101989357824,1361.9715730908893,1438.1101989357824,17044923,INFY.NS
2022-04-20,1395.09814453125,1402.6549755774224,1373.3945121638992,1383.9388078427007,10678747,INFY.NS
2022-04-21,1422.4256591796875,1429.8065810155888,1396.4602858072528,1401.5127612789481,7766514,INFY.NS
2022-04-22,1393.121337890625,1415.3082973438313,1390.4413932842554,1409.7286280030771,8134245,INFY.NS
2022-04-25,1371.7252197265625,1382.0059741881291,1365.5743794932316,1382.0059741881291,7000570,INFY.NS
2022-04-26,1389.211181640625,1398.8767875849937,1376.5141331003783,1385.8721112277144,5345435,INFY.NS
2022-04-27,1364.43212890625,1381.9619804602605,1362.279270492614,1381.9619804602605,8819356,INFY.NS
2022-04-28,1390.616943359375,1407.4878820528004,1368.5178339093395,1379.5454535287045,9245177,INFY.NS
2022-04-29,1377.392578125,1403.533644070456,1371.4614119020814,1397.119154731933,9831395,INFY.NS
2022-05-02,1354.0634765625,1364.3881007348616,1345.276562373256,1362.7625430622788,7072627,INFY.NS
2022-05-04,1349.274658203125,1379.545534836563,1344.5297030639988,1359.5553049527848,6220959,INFY.NS
2022-05-05,1392.857666015625,1396.5921043901596,1368.5178503702025,1370.8025337737408,6144870,INFY.NS
2022-05-06,1355.6890869140625,1372.384224522361,1348.8353579374136,1361.9717522559292,6171472,INFY.NS
2022-05-09,1379.85302734375,1394.3075653232786,1337.5001444983088,1353.1847646359806,6832202,INFY.NS
2022-05-10,1364.6077880859375,1378.7986761047448,1358.5009255643938,1369.0012452272317,6212545,INFY.NS
2022-05-11,1341.5419921875,1361.927588201104,1328.2297970447912,1361.927588201104,7846080,INFY.NS
2022-05-12,1325.769775390625,1342.2012635021265,1321.8156636487201,1330.3389282764122,7034979,INFY.NS
2022-05-13,1321.9033203125,1343.7387794348365,1316.3675217689756,1334.9958431960715,6723761,INFY.NS
2022-05-16,1308.4593505859375,1328.4495800627174,1299.2770683025562,1326.8240224148346,6145331,INFY.NS
2022-05-17,1334.2490234375,1340.0044954869074,1301.254223004272,1313.555903618578,6516378,INFY.NS
2022-05-18,1326.1209716796875,1361.70797213733,1322.694161149026,1337.3682641118933,6594126,INFY.NS
2022-05-19,1254.0244140625,1304.5930382065774,1245.676846021442,1301.3419230322806,16561140,INFY.NS
2022-05-20,1278.6278076171875,1288.8206063685275,1271.2028009563014,1276.7385996614764,10488908,INFY.NS
2022-05-23,1290.2705078125,1307.4928382619098,1274.1465416425442,1278.5838689742561,5887569,INFY.NS
2022-05-24,1266.1944580078125,1291.2811433666081,1261.1419818568445,1290.4463220800299,5693167,INFY.NS
2022-05-25,1239.3502197265625,1267.5123214901744,1229.5089191300704,1260.9221361098096,9630092,INFY.NS
2022-05-26,1251.2125244140625,1256.528650069207,1236.3627261774936,1245.9843537049899,13040065,INFY.NS
2022-05-27,1284.0755615234375,1289.0401890208304,1263.030946945637,1268.7863108351823,8284860,INFY.NS
2022-05-30,1341.5859375,1344.3977067923636,1304.856597769059,1306.6139803923168,10904213,INFY.NS
2022-05-31,1335.1923828125,1347.9795623962705,1321.4728713370666,1341.4971403772934,16033857,INFY.NS
2022-06-01,1312.9481201171875,1345.0935709100895,1307.2204739379727,1343.5395760270444,8738508,INFY.NS
2022-06-02,1339.0997314453125,1344.2944932066457,1310.3286014773466,1317.78779937987,7205840,INFY.NS
2022-06-03,1351.2652587890625,1380.8356080966064,1347.9797125984878,1354.1069147899177,9395707,INFY.NS
2022-06-06,1358.68017578125,1364.4964924732922,1325.7798357609638,1346.2037716099271,6624883,INFY.NS
2022-06-07,1337.9453125,1349.6224971381034,1334.3045457286844,1349.6224971381034,4904592,INFY.NS
2022-06-08,1331.9957275390625,1349.9332266440192,1324.891750325521,1349.9332266440192,4697608,INFY.NS
2022-06-09,1345.3155517578125,1347.0471026731207,1315.5676501182832,1318.675639841816,4361061,INFY.NS
2022-06-10,1311.394287109375,1326.6233521245908,1308.5526310764772,1319.6525958969517,6516436,INFY.NS
2022-06-13,1264.9520263671875,1281.9127514082513,1253.5856187134593,1281.9127514082513,6987685,INFY.NS
2022-06-14,1279.204345703125,1286.6191002718645,1245.9932304081092,1252.0759892436106,6090247,INFY.NS
2022-06-15,1262.9095458984375,1284.3991426909397,1259.934777025382,1278.8934951366866,4651958,INFY.NS
2022-06-16,1240.70947265625,1282.0457799508679,1236.0919312149667,1276.93979675799,6641772,INFY.NS
2022-06-17,1231.91845703125,1240.487542584052,1214.0252932515164,1235.2484462558373,9692047,INFY.NS
2022-06-20,1255.76123046875,1263.0427639663321,1227.2120995273342,1234.3605201667415,4595194,INFY.NS
2022-06-21,1287.5069580078125,1292.9237183901334,1263.397816167282,1264.5078124914492,6270787,INFY.NS
2022-06-22,1276.2738037109375,1296.1205167768,1274.2758102801847,1275.2082505737685,6253366,INFY.NS
2022-06-23,1289.7716064453125,1294.700034710345,1272.5001027022802,1278.538527567716,6254281,INFY.NS
2022-06-24,1279.6925048828125,1303.1356482758742,1268.8589844199196,1294.699676447172,6114340,INFY.NS
2022-06-27,1309.4405517578125,1317.7877464947417,1301.049022203048,1303.6242355705597,4511097,INFY.NS
2022-06-28,1314.3692626953125,1321.562019350472,1290.2601136342923,1304.4680708387993,4412178,INFY.NS
2022-06-29,1299.3616943359375,1311.5716538760837,1293.8117127267801,1300.6492467100306,5060038,INFY.NS
2022-06-30,1298.1629638671875,1316.0116836459267,1292.0357622839565,1300.960176372367,9165177,INFY.NS
2022-07-01,1313.7030029296875,1318.675765280758,1280.802665224558,1291.1478536823045,4651635,INFY.NS
2022-07-04,1321.3397216796875,1325.1137094600226,1298.2517964352844,1314.4577439626057,4800224,INFY.NS
2022-07-05,1310.6392822265625,1340.831183761111,1307.1317370251647,1330.9301027704544,7379669,INFY.NS
2022-07-06,1324.5809326171875,1331.9956869281368,1305.3557731895742,1316.1892947506883,5209162,INFY.NS
2022-07-07,1330.84130859375,1344.3832653678094,1328.1773170972135,1334.7041829822008,3323472,INFY.NS
2022-07-08,1344.8271484375,1347.0471411605954,1331.9511906435466,1345.315590195814,3652582,INFY.NS
2022-07-11,1308.153076171875,1331.9070008962192,1302.1590951666665,1327.5557930054122,4702638,INFY.NS
2022-07-12,1277.4727783203125,1304.1126949058805,1275.164007229183,1298.0743788520106,4710356,INFY.NS
2022-07-13,1282.6676025390625,1296.476003331042,1277.4728402327335,1287.596030705487,5264025,INFY.NS
2022-07-14,1268.8148193359375,1290.2155308812712,1255.6280821611772,1288.4839796434712,6157606,INFY.NS
2022-07-15,1270.146728515625,1284.0439058847987,1252.6532276522264,1284.0439058847987,5620018,INFY.NS
2022-07-18,1323.0269775390625,1326.3125236399783,1285.8643184329112,1287.5958695188904,5835171,INFY.NS
2022-07-19,1317.9210205078125,1320.3185695057068,1305.4446169198009,1306.7322778541525,3418540,INFY.NS
2022-07-20,1345.5821533203125,1354.9061235932559,1331.9957532776436,1333.1057497387085,5079392,INFY.NS
2022-07-21,1361.210693359375,1363.4750207876066,1334.7483380319422,1347.0915186497457,5008061,INFY.NS
2022-07-22,1337.5902099609375,1367.515671889144,1325.0250280493503,1362.1876887519136,7020642,INFY.NS
2022-07-25,1335.1923828125,1347.2247865607108,1314.3244515105814,1314.3244515105814,7859626,INFY.NS
2022-07-26,1288.6170654296875,1329.0209351127858,1283.1558613643324,1329.0209351127858,7268273,INFY.NS
2022-07-27,1306.2882080078125,1308.019759034265,1283.1558396500427,1288.483822375233,4517285,INFY.NS
2022-07-28,1347.44677734375,1353.7070916560501,1322.9824146761307,1328.7988388509684,6636841,INFY.NS
2022-07-29,1376.1290283203125,1381.4570107879367,1356.8595350883038,1361.1219644216355,7009465,INFY.NS
2022-08-01,1377.328125,1388.8276455859902,1365.6509399319816,1388.8276455859902,2983249,INFY.NS
2022-08-02,1370.7122802734375,1373.7314920454614,1357.1703247119033,1373.3319367159932,4374635,INFY.NS
2022-08-03,1390.6923828125,1394.1555935461508,1367.4268997061906,1375.5076524859794,6011955,INFY.NS
2022-08-04,1420.706787109375,1424.2143328016057,1398.5511912264176,1409.6955997998227,7402209,INFY.NS
2022-08-05,1435.58056640625,1443.6168753071975,1422.8378294078434,1428.2545901627868,5361971,INFY.NS
2022-08-08,1438.0225830078125,1440.3313538806547,1417.2434283560572,1435.8913682028474,3763409,INFY.NS
2022-08-10,1422.970947265625,1439.6208933320956,1410.2282102223699,1439.6208933320956,4423829,INFY.NS
2022-08-11,1438.5108642578125,1448.6340529159374,1435.0033190587033,1447.4352785059941,3462090,INFY.NS
2022-08-12,1415.5562744140625,1433.2274398690179,1412.0487289334715,1432.6058852060069,3562286,INFY.NS
2022-08-16,1417.6429443359375,1428.7873514369574,1412.8921814722432,1428.7873514369574,3004430,INFY.NS
2022-08-17,1426.345458984375,1431.4514427285992,1407.475519060068,1417.643043330634,4067324,INFY.NS
2022-08-18,1405.655029296875,1419.1969856808453,1397.7074982537147,1415.5562190867397,4635706,INFY.NS
2022-08-19,1418.22021484375,1425.1466359156411,1407.5642491319722,1407.741913599355,4739884,INFY.NS
2022-08-22,1399.1727294921875,1419.907441241582,1397.7075125167294,1408.3634783046587,3950555,INFY.NS
2022-08-23,1369.646728515625,1380.3914715875098,1361.2995342191398,1374.619490522654,5551574,INFY.NS
2022-08-24,1365.2955322265625,1372.8435075266768,1359.5235511147102,1363.0755394912346,2888426,INFY.NS
2022-08-25,1348.11279296875,1375.2410388101719,1344.2055841247086,1374.6194842114278,4331088,INFY.NS
2022-08-26,1351.132080078125,1371.911126256518,1347.4912051170422,1363.2088193983936,3079136,INFY.NS
2022-08-29,1298.02978515625,1304.068208908207,1287.5958190364718,1304.068208908207,8079050,INFY.NS
2022-08-30,1325.7352294921875,1328.5324420418817,1301.8037509629814,1308.1085087048089,6725875,INFY.NS
2022-09-01,1300.20556640625,1303.6687774575998,1288.528488961084,1296.5204644343046,8140604,INFY.NS
2022-09-02,1290.259765625,1312.4596927692705,1285.819780196146,1312.4596927692705,5175653,INFY.NS
2022-09-05,1297.630126953125,1302.6916667571634,1284.3545060737747,1288.4837140181623,3669352,INFY.NS
2022-09-06,1292.1246337890625,1305.3558130293177,1283.5554395953404,1297.6302811685841,3428442,INFY.NS
2022-09-07,1294.3890380859375,1301.5817931585523,1276.984316019413,1278.7158670634933,3600574,INFY.NS
2022-09-08,1310.594970703125,1315.212512366536,1299.6725627710948,1309.7957516157421,4061475,INFY.NS
2022-09-09,1342.341064453125,1349.7558198099607,1314.2359298149615,1321.3399078139614,4816910,INFY.NS
2022-09-12,1364.1412353515625,1372.7548731045804,1350.7769427256635,1354.9061513249576,5494819,INFY.NS
2022-09-13,1371.9112548828125,1379.0596758276358,1368.6701517643487,1378.0829005700948,4947158,INFY.NS
2022-09-14,1310.1510009765625,1331.0632685678052,1307.1317890233854,1329.33171750544,14332197,INFY.NS
2022-09-15,1272.322265625,1309.9732552773253,1268.9922765591873,1309.7956992197146,12784100,INFY.NS
2022-09-16,1222.8165283203125,1265.3959486362396,1215.0908880161,1265.3959486362396,20464045,INFY.NS
2022-09-19,1234.5823974609375,1248.5239084132897,1225.9687606499624,1236.0919491545515,6595241,INFY.NS
2022-09-20,1233.028564453125,1255.2284946157747,1229.9649090518215,1250.255623540864,7219797,INFY.NS
2022-09-21,1222.993896484375,1233.2503054303857,1215.13514453256,1225.347110268316,7917054,INFY.NS
2022-09-22,1214.7357177734375,1228.9436728727633,1207.676183442698,1213.3149439431238,9168498,INFY.NS
2022-09-23,1212.515625,1238.5784272088517,1209.4520782930736,1214.3360624565184,10426200,INFY.NS
2022-09-26,1225.6580810546875,1242.7075831808704,1203.2361527470398,1207.6761385505345,9414587,INFY.NS
2022-09-27,1237.4683837890625,1248.967902705002,1223.6599857287542,1237.3794973619085,8561254,INFY.NS
2022-09-28,1238.4896240234375,1248.390814263547,1222.7721172911329,1224.5481116517592,7022098,INFY.NS
2022-09-29,1241.9971923828125,1251.9427167580907,1236.9799869799815,1247.547174377518,6119965,INFY.NS
2022-09-30,1255.1396484375,1260.334518980672,1221.8841953463611,1233.3837161802428,8120130,INFY.NS
2022-10-03,1237.64599609375,1253.8519436659194,1230.7640183576234,1253.8519436659194,4943169,INFY.NS
2022-10-04,1269.3031005859375,1271.8338706895042,1255.6279233059583,1260.689463513092,6631341,INFY.NS
2022-10-06,1292.1690673828125,1296.2982757871803,1282.3566555701389,1283.1558746803535,6180672,INFY.NS
2022-10-07,1288.6614990234375,1294.566702109372,1278.8491949585682,1284.3547342638644,3994466,INFY.NS
2022-10-10,1298.8291015625,1300.915873263201,1266.5947604561948,1266.5947604561948,5274677,INFY.NS
2022-10-11,1264.330322265625,1313.9249389319289,1261.0446679361762,1298.8289881372887,12824774,INFY.NS
2022-10-12,1268.681396484375,1279.6925820570834,1255.2283273173289,1276.0518156752744,5481467,INFY.NS
2022-10-13,1260.8671875,1276.8954711779975,1256.515979742123,1270.7239342833766,4821514,INFY.NS
2022-10-14,1309.1298828125,1326.6678276560115,1302.913902361635,1318.6758527906138,14990688,INFY.NS
2022-10-17,1323.0714111328125,1327.5558404413687,1310.239894696481,1311.4831124808618,4286396,INFY.NS
2022-10-18,1335.2811279296875,1341.7191065769207,1329.553590285518,1340.8755527341007,4692004,INFY.NS
2022-10-19,1319.0750732421875,1336.3910143871117,1315.3899724862101,1335.547460613638,3553171,INFY.NS
2022-10-20,1332.794921875,1335.5476913144482,1309.085333326775,1309.7957743941563,4583939,INFY.NS
2022-10-21,1332.439697265625,1337.3236814941895,1324.314501823941,1332.2621411983666,3594485,INFY.NS
2022-10-24,1347.846435546875,1351.3540892842454,1341.7636768252662,1348.423655366755,982837,INFY.NS
2022-10-25,1355.35009765625,1361.2108571850185,1350.6881126041244,1356.9484274924105,3914341,INFY.NS
2022-10-27,1368.0523681640625,1377.8822668553057,1357.7737282362873,1374.201712053986,6760137,INFY.NS
2022-10-28,1358.447021484375,1371.6431919026134,1352.8363861734367,1369.892717518689,3053981,INFY.NS
2022-10-31,1380.3509521484375,1388.205841518274,1373.7079380791174,1373.7079380791174,4542336,INFY.NS
2022-11-01,1412.084716796875,1413.8801201240165,1388.8342217938466,1394.1756124417263,4542692,INFY.NS
2022-11-02,1394.4000244140625,1411.8602777690894,1386.9490568451713,1411.1870015279026,2938906,INFY.NS
2022-11-03,1374.1568603515625,1385.9616594777258,1365.9877968987141,1381.3384738631173,3174027,INFY.NS
2022-11-04,1359.1202392578125,1364.9103708165444,1347.5847954712758,1364.9103708165444,4509682,INFY.NS
2022-11-07,1353.2403564453125,1371.598421588422,1338.5629558638961,1365.7633606565107,4898592,INFY.NS
2022-11-09,1356.606689453125,1372.5858226539308,1347.5399247059643,1372.5858226539308,3334755,INFY.NS
2022-11-10,1348.3028564453125,1357.3248012390143,1333.0868583597462,1333.0868583597462,3435763,INFY.NS
2022-11-11,1409.4814453125,1412.5336530698069,1388.4303838615199,1388.4303838615199,7214098,INFY.NS
2022-11-14,1423.12646484375,1428.602422973989,1408.0001044253945,1414.014771210018,4908813,INFY.NS
2022-11-15,1430.9365234375,1434.392653098893,1411.8603621306952,1416.4386189277827,3497614,INFY.NS
2022-11-16,1438.83642578125,1444.4021328641024,1430.4877555742369,1433.764388917107,4497697,INFY.NS
2022-11-17,1425.0115966796875,1438.8362237690626,1421.0167586560885,1433.8090069491304,3469515,INFY.NS
2022-11-18,1430.3978271484375,1434.5272328106976,1414.3289457404594,1428.8716685979427,3126064,INFY.NS
2022-11-21,1407.7757568359375,1425.4156170914362,1404.0503824610678,1420.2538323357628,3071764,INFY.NS
2022-11-22,1422.9019775390625,1425.550153449475,1402.2099116423676,1408.4938228981273,3399329,INFY.NS
2022-11-23,1421.1964111328125,1429.1410489418556,1417.7402816433105,1426.3581957002846,3245067,INFY.NS
2022-11-24,1463.07421875,1468.639925244856,1422.6327148727294,1426.4479469523692,5282215,INFY.NS
2022-11-25,1468.3258056640625,1475.8215929330347,1448.7110454604212,1464.510573443889,4563255,INFY.NS
2022-11-28,1457.328857421875,1484.34965474194,1454.276649943721,1461.4582630298628,3825766,INFY.NS
2022-11-29,1462.401123046875,1471.1087864470599,1449.8332981741007,1455.354076434166,3131710,INFY.NS
2022-11-30,1467.697265625,1477.3924872568878,1448.1274354474258,1454.2317409044451,11868134,INFY.NS
2022-12-01,1487.58154296875,1501.49592004661,1483.2726403329877,1486.7735894799405,5407928,INFY.NS
2022-12-02,1470.3455810546875,1491.8006727944214,1466.799593723397,1486.5939592971272,4283343,INFY.NS
2022-12-05,1472.0062255859375,1476.5844819133267,1457.2390778283009,1470.4352477571372,3824966,INFY.NS
2022-12-06,1447.9029541015625,1459.6628233200083,1443.1002723866409,1458.7651217066502,4822398,INFY.NS
2022-12-07,1441.260009765625,1457.6879939155688,1433.3601913539392,1443.5042639072717,4898087,INFY.NS
2022-12-08,1454.4114990234375,1457.7778805554876,1434.976234395189,1441.260146588349,4206837,INFY.NS
2022-12-09,1408.7633056640625,1461.4583510232733,1401.4020860579217,1461.4583510232733,8880658,INFY.NS
2022-12-12,1388.9239501953125,1405.7558561467295,1373.5284545512598,1391.437558650479,8037679,INFY.NS
2022-12-13,1411.32177734375,1416.1244596167126,1383.4930240961316,1388.924053738368,6135067,INFY.NS
2022-12-14,1417.829833984375,1425.998896080634,1412.084522212677,1420.1638360714908,4976020,INFY.NS
2022-12-15,1382.9095458984375,1409.3917475238864,1378.1966117108577,1408.7634001319689,6443866,INFY.NS
2022-12-16,1366.4815673828125,1390.9888691230103,1357.3699822373837,1368.995176129455,9630453,INFY.NS
2022-12-19,1353.1507568359375,1361.7238526722738,1342.1090906861166,1353.6893559876567,6222740,INFY.NS
2022-12-20,1353.10595703125,1360.9159188007711,1330.797979798965,1347.4503918997082,7396259,INFY.NS
2022-12-21,1355.1256103515625,1365.4042507201466,1348.662092527513,1360.0180406581342,6236361,INFY.NS
2022-12-22,1366.346923828125,1373.4386796309227,1357.100552434212,1365.8531440573202,6302640,INFY.NS
2022-12-23,1343.9490966796875,1355.4397214479377,1340.268541890437,1354.3624137356346,6283822,INFY.NS
2022-12-26,1348.70703125,1355.4397938764648,1343.2758922315616,1347.0013761347504,4115459,INFY.NS
2022-12-27,1359.8834228515625,1365.8082322618604,1344.3083199922382,1355.484662525693,4860076,INFY.NS
2022-12-28,1355.6641845703125,1368.9501033965662,1345.2059383085596,1351.1307473515324,5029860,INFY.NS
2022-12-29,1362.3072509765625,1365.673632332556,1347.4502440923538,1350.1433491771486,4624745,INFY.NS
2022-12-30,1353.91357421875,1373.8426164441485,1350.188200066258,1371.6881105842783,5060544,INFY.NS
2023-01-02,1368.097412109375,1370.3416663943312,1350.188306748515,1359.1203949695496,3801140,INFY.NS
2023-01-03,1366.7957763671875,1375.862541681665,1360.1078329075388,1364.3719160112378,4551130,INFY.NS
2023-01-04,1341.88427734375,1365.4040133594633,1338.5627159666253,1365.4040133594633,7059590,INFY.NS
2023-01-05,1324.2894287109375,1351.8489350836053,1318.948147732721,1351.8489350836053,9868404,INFY.NS
2023-01-06,1300.3209228515625,1324.1100180918568,1298.5255194372007,1319.6215095559523,6443714,INFY.NS
2023-01-09,1332.59326171875,1336.9920220213673,1300.0515746789345,1300.0515746789345,11498717,INFY.NS
2023-01-10,1319.3970947265625,1332.0995959017448,1305.3032216437111,1330.3939407278556,7158624,INFY.NS
2023-01-11,1320.74365234375,1341.1663664241717,1314.2353148895497,1319.621525196474,6173092,INFY.NS
2023-01-12,1329.1370849609375,1333.0869942679058,1306.1559438786553,1330.348960311909,6591385,INFY.NS
2023-01-13,1349.8292236328125,1363.9680258321482,1317.8261351507858,1331.7405119183861,11610426,INFY.NS
2023-01-16,1369.4439697265625,1371.6882240197885,1348.617333718516,1355.5295931085607,6073063,INFY.NS
2023-01-17,1382.0118408203125,1384.4355917064236,1368.0974637285847,1370.790568972145,5922644,INFY.NS
2023-01-18,1387.3082275390625,1393.0983596644714,1382.1015138518171,1386.7246995181722,5843098,INFY.NS
2023-01-19,1381.47314453125,1391.0336893900567,1370.0274480510775,1382.3708462159693,6165284,INFY.NS
2023-01-20,1369.48876953125,1386.9490224533192,1368.097288167546,1380.665111024728,6496429,INFY.NS
2023-01-23,1389.6422119140625,1394.4000746897525,1371.777926420586,1377.9720899793838,4855020,INFY.NS
2023-01-24,1393.1431884765625,1408.3143680159328,1391.213108045872,1400.4145497993616,5200802,INFY.NS
2023-01-25,1385.1536865234375,1396.8238083152746,1381.338454399183,1388.744493228618,4158617,INFY.NS
2023-01-27,1363.74365234375,1392.2905025981806,1353.1956566504216,1387.8469227136595,6209955,INFY.NS
2023-01-30,1381.3834228515625,1386.051427868807,1364.5065870211054,1372.406405831687,6964719,INFY.NS
2023-01-31,1376.8499755859375,1390.450178190422,1358.2226654027863,1390.450178190422,9448126,INFY.NS
2023-02-01,1392.4251708984375,1395.9711585819437,1371.733211185899,1384.43560335875,6194199,INFY.NS
2023-02-02,1421.7349853515625,1424.607586792744,1393.2329580209157,1393.2329580209157,6916834,INFY.NS
2023-02-03,1435.7841796875,1440.4971138054802,1412.084831920539,1434.0785244711133,7040194,INFY.NS
2023-02-06,1409.2569580078125,1434.5272821728975,1401.8509191605494,1434.5272821728975,4570612,INFY.NS
2023-02-07,1402.5692138671875,1414.822864476851,1396.0159473630506,1408.494023406654,4336238,INFY.NS
2023-02-08,1427.7945556640625,1439.0158269283195,1405.3520131355485,1405.3520131355485,7983338,INFY.NS
2023-02-09,1451.58349609375,1454.0521755088755,1423.7996752366064,1432.9112588662606,6904911,INFY.NS
2023-02-10,1443.998046875,1450.955234729636,1433.1357691390035,1447.9478465069383,4786762,INFY.NS
2023-02-13,1407.1024169921875,1433.6295447624907,1405.8007934239577,1433.6295447624907,4001199,INFY.NS
2023-02-14,1430.2630615234375,1432.7317409015575,1416.7077894001222,1422.5876690783793,5043736,INFY.NS
2023-02-15,1433.674560546875,1435.4250350492096,1414.7778957082892,1421.9595093920875,3465747,INFY.NS
2023-02-16,1437.938720703125,1449.2945602827897,1434.3927330071513,1436.3228137046135,4290289,INFY.NS
2023-02-17,1421.7799072265625,1431.8341218036317,1414.328939750233,1430.9364201598676,2857734,INFY.NS
2023-02-20,1429.5450439453125,1439.0158408168427,1420.6129557658476,1422.8122811217777,2417716,INFY.NS
2023-02-21,1417.9197998046875,1437.80391388057,1414.7778439330089,1435.1556281819492,2723288,INFY.NS
2023-02-22,1402.030517578125,1413.8801358358503,1396.1954567000723,1403.1077157532914,3656244,INFY.NS
2023-02-23,1392.06591796875,1409.256926645148,1389.7768444892642,1409.256926645148,4766854,INFY.NS
2023-02-24,1392.0213623046875,1408.4941689414052,1386.9493250570242,1400.4148524847624,2790986,INFY.NS
2023-02-27,1354.901123046875,1382.4605194389667,1348.3478572709923,1382.4605194389667,4920268,INFY.NS
2023-02-28,1335.3759765625,1368.0971540315493,1329.7653419084993,1360.5564391400305,9679811,INFY.NS
2023-03-01,1343.0067138671875,1347.3156164114991,1329.94510989306,1339.7300806437838,5125043,INFY.NS
2023-03-02,1321.5516357421875,1336.318785501753,1317.1978042286796,1333.0870811609395,4644499,INFY.NS
2023-03-03,1327.969970703125,1337.3958371481567,1322.3144070030216,1334.6578035381822,4615015,INFY.NS
2023-03-06,1353.2403564453125,1364.8656589746784,1340.4032881447426,1341.6600924158531,6561742,INFY.NS
2023-03-08,1339.9991455078125,1342.9616046452634,1329.5858287787105,1338.069174718111,4137080,INFY.NS
2023-03-09,1328.9576416015625,1345.071343562409,1323.7509278183406,1342.064064731897,5104656,INFY.NS
2023-03-10,1321.0128173828125,1323.4814967530424,1308.5347433767442,1310.6443201947616,3699580,INFY.NS
2023-03-13,1288.291748046875,1327.072529051493,1281.9180875951263,1314.4148468229184,8798403,INFY.NS
2023-03-14,1274.7364501953125,1300.1862721963982,1266.6571346659055,1293.5881864305952,7402784,INFY.NS
2023-03-15,1274.422119140625,1295.2487527671929,1271.9085107865455,1290.894921852731,7556182,INFY.NS
2023-03-16,1260.4627685546875,1272.7613459697632,1255.6151580984792,1272.7613459697632,7323117,INFY.NS
2023-03-17,1275.36474609375,1295.2937893448818,1267.016186133299,1283.7134156369266,9090018,INFY.NS
2023-03-20,1260.058837890625,1274.4668824223245,1243.1820044445224,1274.4668824223245,8221829,INFY.NS
2023-03-21,1248.4337158203125,1261.2708940195814,1247.8053684606537,1255.8846837960104,8536755,INFY.NS
2023-03-22,1247.1319580078125,1263.2905869400715,1240.758298512187,1259.4753551088436,8356487,INFY.NS
2023-03-23,1233.935791015625,1242.3740984776875,1229.851204859829,1242.3740984776875,7607718,INFY.NS
2023-03-24,1239.411865234375,1255.8397404782686,1236.584082982878,1246.0099507660507,7559127,INFY.NS
2023-03-27,1246.8626708984375,1252.9670859905164,1233.5318232273341,1244.4389202610448,4170193,INFY.NS
2023-03-28,1236.6737060546875,1254.9868406676687,1235.102728249846,1249.6903792948028,6633366,INFY.NS
2023-03-29,1242.01513671875,1247.7155201650944,1224.958805711683,1237.930550460286,8813966,INFY.NS
2023-03-31,1281.873046875,1283.6684502024389,1251.3063709749888,1260.37313586201,8711975,INFY.NS
2023-04-03,1266.522216796875,1288.2017312639566,1261.4053617670984,1288.2017312639566,5242764,INFY.NS
2023-04-05,1277.92333984375,1281.469217839355,1256.7824202977913,1256.7824202977913,7506334,INFY.NS
2023-04-06,1276.44189453125,1282.2769547830226,1266.0733974815537,1271.1454333092524,6948465,INFY.NS
2023-04-10,1281.558837890625,1287.304150296638,1270.247819156027,1278.2822049918059,4993788,INFY.NS
2023-04-11,1262.3033447265625,1286.7207886297933,1246.9077377115614,1282.7260596530837,6942255,INFY.NS
2023-04-12,1282.1873779296875,1285.059979527605,1256.7823760661174,1268.4974270475386,5831169,INFY.NS
2023-04-13,1247.087158203125,1266.7020280205386,1241.5214514944475,1265.534971977077,11267238,INFY.NS
2023-04-17,1129.578125,1132.1365530010617,1064.0458990402255,1122.396511196189,53171705,INFY.NS
2023-04-18,1130.520751953125,1140.0363692179153,1124.9101156433735,1140.0363692179153,12430884,INFY.NS
2023-04-19,1106.14794921875,1126.0320630409092,1103.6344503031144,1126.0320630409092,11307230,INFY.NS
2023-04-20,1098.2484130859375,1111.220160369727,1096.4530094711436,1104.801570530291,8621249,INFY.NS
2023-04-21,1101.794189453125,1107.0906515432816,1095.1961036957662,1102.4674657463806,8691352,INFY.NS
2023-04-24,1100.8516845703125,1104.1731371660935,1093.4007163156925,1102.3777336910266,8313774,INFY.NS
2023-04-25,1099.5948486328125,1109.1104648607622,1090.707579769993,1100.5373696805075,6808576,INFY.NS
2023-04-26,1101.9737548828125,1106.8661852668383,1095.6898430443146,1102.3776768107684,5680192,INFY.NS
2023-04-27,1118.7606201171875,1120.152101431663,1100.0435636550399,1104.1729691026203,8020704,INFY.NS
2023-04-28,1124.5958251953125,1130.2064609226888,1117.5937079744554,1127.2440014255426,10118277,INFY.NS
2023-05-02,1146.7689208984375,1148.833678512012,1126.2116409241175,1126.2116409241175,8886401,INFY.NS
2023-05-03,1139.318115234375,1142.3253939620522,1132.9892745231455,1136.4903330105763,5549783,INFY.NS
2023-05-04,1143.2679443359375,1145.2877729850925,1133.3482975814445,1139.1384292092687,4505401,INFY.NS
2023-05-05,1130.296142578125,1148.1604275980321,1125.9423114267645,1148.1604275980321,5373791,INFY.NS
2023-05-08,1136.131103515625,1140.3503667127331,1126.7949851195513,1133.303321607686,5260842,INFY.NS
2023-05-09,1140.70947265625,1141.8765286648618,1131.7324559214633,1136.4903186239899,4969897,INFY.NS
2023-05-10,1134.0216064453125,1145.8264050289897,1130.3410516063245,1145.8264050289897,6515734,INFY.NS
2023-05-11,1127.60302734375,1145.3775639523772,1124.8651030446258,1140.305527683217,6888461,INFY.NS
2023-05-12,1117.818115234375,1127.5133374467855,1112.2973374345554,1125.1344060204995,8292212,INFY.NS
2023-05-15,1129.6229248046875,1139.0937216777986,1118.2221569213568,1122.0373891886634,5534710,INFY.NS
2023-05-16,1134.9642333984375,1143.6269666049225,1133.5727520158546,1135.5925807167341,5236469,INFY.NS
2023-05-17,1119.3443603515625,1131.9570044864442,1115.349521720346,1131.6428307830922,10465667,INFY.NS
2023-05-18,1118.5362548828125,1130.7899043107132,1115.3493701951222,1129.8472737459822,6948732,INFY.NS
2023-05-19,1139.0936279296875,1143.043537044953,1124.6406535054546,1127.5581838226922,11094136,INFY.NS
2023-05-22,1160.548828125,1163.0623271928262,1140.3056104941186,1142.7293613064382,7625947,INFY.NS
2023-05-23,1167.05712890625,1179.714700851119,1164.3640238293533,1166.293994801615,7436031,INFY.NS
2023-05-24,1165.80029296875,1171.500676643536,1159.202207626038,1163.6907159656682,4824077,INFY.NS
2023-05-25,1170.917236328125,1173.2961678428223,1157.3619620438858,1162.0748961534305,4334121,INFY.NS
2023-05-26,1182.677001953125,1188.063211884976,1172.398361832931,1172.398361832931,5521606,INFY.NS
2023-05-29,1179.93896484375,1196.3668378156449,1175.8543788695222,1196.3668378156449,4419365,INFY.NS
2023-05-30,1188.4222412109375,1190.7114241239608,1175.2260715243845,1180.4776039676979,6274719,INFY.NS
2023-05-31,1183.440185546875,1194.9307014660071,1179.7147016049091,1184.8315574211917,17800782,INFY.NS
2023-06-01,1184.517333984375,1193.4943505359809,1183.2605297506059,1187.2553678657034,4277841,INFY.NS
2023-06-02,1181.7879638671875,1194.4337541289267,1179.1041942067427,1190.885638723748,10909311,INFY.NS
2023-06-05,1186.7919921875,1191.2952979847407,1180.2417090177628,1186.3371083269453,5002553,INFY.NS
2023-06-06,1163.5927734375,1172.3265202842344,1158.134167776339,1172.3265202842344,10008100,INFY.NS
2023-06-07,1172.644775390625,1177.2391456905614,1166.7768194344242,1174.0549594386935,5397578,INFY.NS
2023-06-08,1167.0499267578125,1175.4197442918237,1165.5032551977433,1170.1430477667195,5034942,INFY.NS
2023-06-09,1151.72021484375,1166.7769126021076,1149.9462124982956,1166.7769126021076,5339073,INFY.NS
2023-06-12,1175.374267578125,1178.7858962557063,1158.1342150829948,1158.5890989066725,4785588,INFY.NS
2023-06-13,1187.1102294921875,1188.611368241848,1180.0141088524708,1182.6069242988215,4846587,INFY.NS
2023-06-14,1183.0618896484375,1188.7933592845616,1176.5114958499232,1188.4749628140476,3457981,INFY.NS
2023-06-15,1170.6888427734375,1177.1935914392234,1166.9132855039109,1177.1935914392234,6161155,INFY.NS
2023-06-16,1175.1011962890625,1184.0623838210365,1165.457683142132,1170.8707552652124,8536287,INFY.NS
2023-06-19,1177.2393798828125,1182.2431021311552,1170.9165389185205,1177.2393798828125,4451787,INFY.NS
2023-06-20,1185.791015625,1187.24662145551,1174.6008306327171,1177.239178669295,4009180,INFY.NS
2023-06-21,1182.1064453125,1186.154977548267,1178.1489786763307,1182.6522836320391,4041529,INFY.NS
2023-06-22,1165.91259765625,1173.0542504034897,1158.588924773524,1173.0542504034897,6676607,INFY.NS
2023-06-23,1150.85595703125,1163.9110992338817,1149.354818354435,1161.27275111336,7239467,INFY.NS
2023-06-26,1155.72314453125,1159.0438181837924,1148.3540498449702,1155.6321899905513,3403244,INFY.NS
2023-06-27,1163.729248046875,1166.322063496411,1159.2258317923613,1164.5025282959484,3240024,INFY.NS
2023-06-28,1176.64794921875,1179.695648586696,1165.7762703962558,1173.600249850804,5662358,INFY.NS
2023-06-30,1214.99462890625,1218.0878609550978,1186.7463005247835,1190.1579290222737,12821692,INFY.NS
2023-07-03,1213.3568115234375,1224.546995653356,1208.580532379916,1209.9907163588139,7732412,INFY.NS
2023-07-04,1223.77392578125,1224.5472060405089,1211.2646211133026,1223.0006455219911,5797775,INFY.NS
2023-07-05,1225.7298583984375,1235.4187939129251,1219.9982784398992,1235.3278393695025,5414936,INFY.NS
2023-07-06,1222.6365966796875,1225.8662047537898,1216.495665897886,1221.4084327344483,5963897,INFY.NS
2023-07-07,1210.1728515625,1224.365315371182,1205.7605007879629,1213.6300129632032,6295647,INFY.NS
2023-07-10,1209.2177734375,1220.8173117350107,1200.2565837089803,1215.9500766997298,3940315,INFY.NS
2023-07-11,1226.9124755859375,1229.0049853388443,1207.2615190395204,1213.129475218487,6126128,INFY.NS
2023-07-12,1212.9931640625,1229.9148189122855,1207.26158386156,1229.0960058756348,8102770,INFY.NS
2023-07-13,1241.9237060546875,1252.5680534152623,1210.7641663190607,1214.4487694545699,9977644,INFY.NS
2023-07-14,1297.2830810546875,1300.9676843031073,1256.0706748916025,1256.0706748916025,12833381,INFY.NS
2023-07-17,1294.5537109375,1327.3053432456984,1286.68431035238,1297.2830136298498,11569884,INFY.NS
2023-07-18,1342.089111328125,1344.5909722136412,1300.0578928736984,1304.6067308473641,16743977,INFY.NS
2023-07-19,1341.8616943359375,1363.559740717556,1328.8975058703597,1351.9146708665796,13687062,INFY.NS
2023-07-20,1318.708251953125,1338.2682570700565,1310.7022519481309,1338.2682570700565,8347221,INFY.NS
2023-07-21,1211.4464111328125,1228.186155763225,1187.2466172377842,1201.075039161913,45548305,INFY.NS
2023-07-24,1215.995361328125,1228.0953149237007,1213.8574296627578,1219.998361010124,8859789,INFY.NS
2023-07-25,1214.17578125,1221.681363730559,1204.759709076421,1216.359245637285,6801982,INFY.NS
2023-07-26,1227.139892578125,1228.186147433356,1218.5426339683336,1221.817774817035,5528885,INFY.NS
2023-07-27,1231.052001953125,1240.7410487249037,1225.5024420215238,1236.0101907567564,9191861,INFY.NS
2023-07-28,1219.5435791015625,1240.7866322891853,1215.4496245279279,1231.6889554588863,6122735,INFY.NS
2023-07-31,1233.371826171875,1235.0094521881804,1212.9475890459607,1227.0489861059361,7902180,INFY.NS
2023-08-01,1242.0147705078125,1245.4719320533654,1234.5547200850378,1239.1035584051742,6064652,INFY.NS
2023-08-02,1234.4183349609375,1248.1558056143856,1226.7762637390542,1245.7450099495456,7419145,INFY.NS
2023-08-03,1241.1959228515625,1243.2428998554956,1227.2764348025732,1228.186202359877,6503741,INFY.NS
2023-08-04,1253.9781494140625,1260.8469392172133,1239.1034713632262,1245.380890015176,5712345,INFY.NS
2023-08-07,1267.3062744140625,1269.1258096249944,1252.7499927266074,1262.6664818373094,3729093,INFY.NS
2023-08-08,1264.7589111328125,1267.8067215289614,1259.482325527499,1267.1698175564386,4161877,INFY.NS
2023-08-09,1268.5799560546875,1270.0355619948482,1257.7536994683937,1259.1183508602219,4090828,INFY.NS
2023-08-10,1263.758056640625,1269.8535657391153,1260.5738702782457,1266.0324754708959,3873025,INFY.NS
2023-08-11,1248.0645751953125,1270.8087636526227,1243.6977576448737,1266.396413303026,5783517,INFY.NS
2023-08-14,1267.806640625,1269.1257591782453,1242.378570429603,1248.0646177377491,4304135,INFY.NS
2023-08-16,1290.50537109375,1291.824489722674,1278.5874374632606,1283.5002048304689,7735313,INFY.NS
2023-08-17,1284.1826171875,1291.8701096855618,1279.1333621252818,1291.8701096855618,5618346,INFY.NS
2023-08-18,1263.4853515625,1281.589638878783,1261.0744450887594,1277.0408006474313,5134103,INFY.NS
2023-08-21,1278.5872802734375,1280.042886077757,1261.9840232223223,1264.3493965362918,3032722,INFY.NS
2023-08-22,1277.086181640625,1279.1786914005518,1270.626854331071,1277.9504163795991,2890714,INFY.NS
2023-08-23,1280.9072265625,1288.7767383819312,1278.8148277508842,1288.2309000421885,2559125,INFY.NS
2023-08-24,1295.14501953125,1296.4642490688886,1286.820624510391,1293.2345299499723,5171963,INFY.NS
2023-08-25,1291.9608154296875,1294.144279659214,1284.0458825352084,1285.501488336358,4307172,INFY.NS
2023-08-28,1287.9124755859375,1296.236871016697,1284.0459634347399,1291.9608968278883,3133464,INFY.NS
2023-08-29,1289.7320556640625,1295.8729869417455,1287.594124022955,1295.509057691945,3074444,INFY.NS
2023-08-30,1305.653076171875,1307.0177276584382,1295.5091445772975,1298.2384475504239,3070887,INFY.NS
2023-08-31,1305.9259033203125,1314.5232740786394,1299.7395500542452,1305.653039664003,9792735,INFY.NS
2023-09-01,1313.5679931640625,1315.524015813637,1299.3301072963106,1301.8319683222358,3582133,INFY.NS
2023-09-04,1332.9005126953125,1337.3583962271932,1305.243554943164,1312.794670582204,4609014,INFY.NS
2023-09-05,1345.4552001953125,1346.5014550487228,1325.0763856474239,1332.8094095252152,5496840,INFY.NS
2023-09-06,1344.1358642578125,1349.094163455593,1331.2627437836506,1348.1843960125796,5075786,INFY.NS
2023-09-07,1333.901123046875,1340.4515159698167,1330.1256765994524,1337.90412243496,4411743,INFY.NS
2023-09-08,1336.994384765625,1341.679709913553,1328.442547485381,1331.4448248574233,3125838,INFY.NS
2023-09-11,1343.226318359375,1344.6820353527714,1332.3546400444875,1336.994432557999,4182226,INFY.NS
2023-09-12,1365.652099609375,1368.2904478169532,1343.8176775697427,1348.7304447397828,6793161,INFY.NS
2023-09-13,1363.1502685546875,1369.2002453382354,1354.3255672096375,1369.2002453382354,4804686,INFY.NS
2023-09-14,1370.9742431640625,1376.0690305788348,1363.8781225031132,1369.200240762729,6444213,INFY.NS
2023-09-15,1375.204833984375,1381.3912987705646,1372.8394601739947,1381.0273694792074,8657816,INFY.NS
2023-09-18,1357.1912841796875,1369.1092169496771,1353.7341230453653,1369.1092169496771,3991916,INFY.NS
2023-09-20,1355.7811279296875,1360.193478454991,1342.9988490854248,1342.9988490854248,4169337,INFY.NS
2023-09-21,1366.243408203125,1368.790801746706,1342.8168939622524,1352.4149859666784,6779195,INFY.NS
2023-09-22,1361.148681640625,1370.9741041105199,1351.186660777571,1357.2821697249913,5455613,INFY.NS
2023-09-25,1341.1339111328125,1355.417217832278,1338.7685376167728,1355.417217832278,4217863,INFY.NS
2023-09-26,1328.8521728515625,1346.3652005445954,1327.3510339810348,1345.6828747903214,3996528,INFY.NS
2023-09-27,1334.6290283203125,1336.994401796738,1319.2085123948889,1324.6215850268404,3863586,INFY.NS
2023-09-28,1309.56494140625,1339.7237598799838,1305.51651996519,1335.4478965364908,5814602,INFY.NS
2023-09-29,1305.9259033203125,1316.251854791077,1288.2309672949007,1302.8782039633304,6068968,INFY.NS
2023-10-03,1304.606689453125,1307.3359921507258,1292.142918222993,1306.4717573853966,4181867,INFY.NS
2023-10-04,1314.022705078125,1319.1173810169118,1290.2322620419864,1296.41872564626,4510406,INFY.NS
2023-10-05,1331.3994140625,1342.4986459516133,1319.3449927806503,1320.9826189619423,7384621,INFY.NS
2023-10-06,1345.2734375,1350.5501345192267,1331.2631039318392,1336.9036191822188,3598672,INFY.NS
2023-10-09,1342.3165283203125,1356.4634585781648,1330.2621079137662,1332.7185470073355,3567552,INFY.NS
2023-10-10,1360.2391357421875,1361.9221836979577,1336.539643834747,1350.0042495921527,5688951,INFY.NS
2023-10-11,1359.5567626953125,1381.2546983673178,1347.7752053035967,1361.922136312119,7220129,INFY.NS
2023-10-12,1333.264404296875,1368.654385789573,1320.982541821264,1357.2822909047482,11081662,INFY.NS
2023-10-13,1302.0137939453125,1308.2456791767233,1273.6745138020951,1278.2233513513881,17973439,INFY.NS
2023-10-16,1304.7431640625,1313.340423053773,1300.9676064898863,1302.8780961484347,4850745,INFY.NS
2023-10-17,1312.29443359375,1322.2109241818564,1308.2915443778238,1310.292988985787,3923764,INFY.NS
2023-10-18,1310.5657958984375,1322.8021260257406,1308.5642404911625,1311.8849145317179,4264837,INFY.NS
2023-10-19,1304.288330078125,1309.746935628435,1297.4195403384058,1297.4195403384058,6795691,INFY.NS
2023-10-20,1298.4656982421875,1308.7005828841384,1296.6461631947295,1300.9675589324422,3928622,INFY.NS
2023-10-23,1281.544189453125,1303.1056377818345,1278.4509573114844,1296.9647063021316,2636516,INFY.NS
2023-10-25,1262.5601806640625,1292.5103316871437,1254.4966784655405,1289.2388086550927,6940777,INFY.NS
2023-10-26,1252.7919921875,1266.2004921783227,1246.940214740459,1248.7372916684367,6357656,INFY.NS
2023-10-27,1272.0521240234375,1276.3373223697179,1256.6623976967833,1256.6623976967833,4634358,INFY.NS
2023-10-30,1269.01123046875,1272.0522558250557,1256.155634097897,1272.0522558250557,2667696,INFY.NS
2023-10-31,1261.039794921875,1272.7894712580314,1256.0634389161826,1271.6835518717269,3451595,INFY.NS
2023-11-01,1247.9078369140625,1269.3797275291213,1245.6039787476566,1265.3250271507063,3090672,INFY.NS
2023-11-02,1262.65234375,1268.319856505661,1254.819227134566,1262.5140897817043,3758060,INFY.NS
2023-11-03,1280.0694580078125,1282.787965091785,1269.655976225005,1271.7755703024777,3349045,INFY.NS
2023-11-06,1293.2015380859375,1296.8415885050185,1281.6822487938339,1284.5390100396637,2736381,INFY.NS
2023-11-07,1294.123291015625,1295.5977377854203,1285.4146394032264,1290.1606098595396,2272209,INFY.NS
2023-11-08,1281.86669921875,1294.7683051059266,1277.6736323081873,1294.7683051059266,3550635,INFY.NS
2023-11-09,1266.9376220703125,1287.8566074771882,1262.5602919196745,1286.3821608724284,5498051,INFY.NS
2023-11-10,1261.454345703125,1265.4170263311844,1254.2202543175401,1262.46802069147,2943649,INFY.NS
2023-11-13,1265.78564453125,1273.9872886097166,1263.2974105189112,1271.5912989072524,3462092,INFY.NS
2023-11-15,1299.8367919921875,1303.0621934611509,1283.7097846473714,1289.2390443084512,8551860,INFY.NS
2023-11-16,1331.537841796875,1339.3709592887674,1299.9288638617754,1304.9973516506468,6673907,INFY.NS
2023-11-17,1324.764404296875,1337.1591147047359,1322.4605464148888,1327.9898053316556,4901251,INFY.NS
2023-11-20,1323.888916015625,1338.0807035519097,1321.1704086192708,1328.8652717092657,3584210,INFY.NS
2023-11-21,1326.1007080078125,1336.2376835381015,1324.0272357402534,1328.8653376978914,3793135,INFY.NS
2023-11-22,1343.42578125,1344.4854659823166,1323.520357257011,1323.520357257011,3108786,INFY.NS
2023-11-23,1335.5465087890625,1352.733312304696,1334.1180718038254,1352.733312304696,3186928,INFY.NS
2023-11-24,1324.6263427734375,1338.679877895318,1321.3548191084903,1332.1369430585005,2973195,INFY.NS
2023-11-28,1329.5103759765625,1331.6299704076575,1315.088314388403,1330.7084271755414,3755373,INFY.NS
2023-11-29,1345.08447265625,1346.0981477081089,1336.0534165206054,1337.251355220777,3875778,INFY.NS
2023-11-30,1340.983642578125,1346.0521303013406,1335.8230230312827,1339.2326879569457,10120867,INFY.NS
2023-12-01,1338.357421875,1345.3611286776788,1332.6899079023092,1345.3611286776788,3489187,INFY.NS
2023-12-04,1349.4617919921875,1356.4194883018783,1335.592634024112,1345.8677509348179,5511948,INFY.NS
2023-12-05,1339.8778076171875,1351.8118605948976,1328.8654104130064,1350.7981854850148,5123039,INFY.NS
2023-12-06,1358.6312255859375,1361.1193473034825,1337.2053455420607,1342.4580969426866,5269178,INFY.NS
2023-12-07,1350.8902587890625,1357.2949393135057,1347.1119540015106,1357.2949393135057,4424453,INFY.NS
2023-12-08,1374.1591796875,1377.4305905862009,1351.2127312666094,1355.0371580856024,6323433,INFY.NS
2023-12-11,1371.717041015625,1380.471701337861,1365.727010268832,1373.0993558033465,3862018,INFY.NS
2023-12-12,1360.243896484375,1373.0993792323097,1352.5029110424384,1361.5800891380788,6103494,INFY.NS
2023-12-13,1335.3162841796875,1360.2440762349331,1320.7098449086366,1360.1979540712343,8549258,INFY.NS
2023-12-14,1383.6510009765625,1392.4517835867966,1346.697140932601,1348.5863495012065,12489858,INFY.NS
2023-12-15,1454.56396484375,1463.917651822094,1401.6673570114986,1403.5565657706456,18395389,INFY.NS
2023-12-18,1441.615966796875,1468.0181998579026,1437.883784632054,1444.9334995521797,6467243,INFY.NS
2023-12-19,1436.0408935546875,1450.4629554436433,1422.1716226248461,1446.915036424613,4221721,INFY.NS
2023-12-20,1415.8590087890625,1459.2636714338232,1409.9611097529205,1442.2612442252062,6592367,INFY.NS
2023-12-21,1415.4903564453125,1425.3048140325604,1401.897594233354,1401.897594233354,5319038,INFY.NS
2023-12-22,1440.2799072265625,1443.1366686825568,1403.5103106025122,1414.522706978693,6741060,INFY.NS
2023-12-26,1422.816650390625,1426.5489455360587,1403.5103643743007,1414.5688833319446,6878067,INFY.NS
2023-12-27,1444.150390625,1446.8228885227966,1422.8627642542663,1422.8627642542663,4225849,INFY.NS
2023-12-28,1440.0496826171875,1445.8553380015408,1432.9998537640408,1445.8553380015408,5702253,INFY.NS
2023-12-29,1421.8489990234375,1437.1004712006081,1419.1765012951132,1420.144166634131,4388990,INFY.NS
2024-01-01,1429.635986328125,1434.8427277811138,1414.799163664711,1418.254950581332,2808451,INFY.NS
2024-01-02,1414.015869140625,1427.6086309615123,1403.5102544550214,1424.7057474638627,5396313,INFY.NS
2024-01-03,1373.0994873046875,1400.6996635455614,1371.2564007445471,1400.6996635455614,7550363,INFY.NS
2024-01-04,1394.0184326171875,1400.5153575424802,1375.771943719321,1386.8764724125788,7056038,INFY.NS
2024-01-05,1412.31103515625,1418.8999788505123,1388.07440470264,1388.5351762892633,8895403,INFY.NS
2024-01-08,1403.3260498046875,1415.4903752195028,1394.52526712299,1408.9934505703893,4440136,INFY.NS
2024-01-09,1409.3162841796875,1431.1568164848954,1406.1368921398105,1420.9277078418625,4412074,INFY.NS
2024-01-10,1400.653564453125,1414.983494047482,1386.9225479581153,1405.3072902245185,4096845,INFY.NS
2024-01-11,1376.9698486328125,1405.3534251009314,1369.9661425866611,1405.261293276588,11296088,INFY.NS
2024-01-12,1486.21875,1491.056851650907,1433.368271607278,1439.450434041234,26754401,INFY.NS
2024-01-15,1522.4815673828125,1534.3233755421343,1507.6447436874366,1515.8925107048797,13228305,INFY.NS
2024-01-16,1503.5439453125,1519.1640585147397,1497.5077919845023,1515.7543934625273,6500917,INFY.NS
2024-01-17,1511.51513671875,1518.2424471875822,1493.1303945709744,1493.1303945709744,9209876,INFY.NS
2024-01-18,1513.7269287109375,1519.6248280436816,1500.5028054955274,1513.7730508709333,6375464,INFY.NS
2024-01-19,1529.0244140625,1534.830181149936,1515.1552565650597,1522.0207083253042,4522736,INFY.NS
2024-01-23,1513.312255859375,1543.3084208611072,1509.2113209406687,1520.6384796288353,9401255,INFY.NS
2024-01-24,1543.9534912109375,1548.1925674088009,1515.938555587784,1529.6695716902016,8999681,INFY.NS
2024-01-25,1538.147705078125,1548.6994420250173,1527.9185982399085,1541.6956238359799,8865304,INFY.NS
2024-01-29,1526.6285400390625,1547.5936491768944,1518.3346507098104,1534.5077798990815,4253785,INFY.NS
2024-01-30,1521.8824462890625,1557.4079810311105,1518.9335530973535,1532.0194213135253,4995943,INFY.NS
2024-01-31,1530.591064453125,1536.442841049227,1509.5798353047996,1518.93352092331,6763779,INFY.NS
2024-02-01,1527.0433349609375,1545.4280783736983,1520.8689274978267,1529.3471931576782,5760011,INFY.NS
2024-02-02,1560.4951171875,1583.6719506012253,1534.3693906028748,1535.3370559365164,7858483,INFY.NS
2024-02-05,1554.8277587890625,1567.3147150838886,1549.8975247974827,1561.785455468717,3634135,INFY.NS
2024-02-06,1593.762939453125,1597.0344630098957,1542.6172887335351,1554.4130874102375,7694265,INFY.NS
2024-02-07,1560.86376953125,1593.3481668011993,1554.5050990563916,1593.3481668011993,4613877,INFY.NS
2024-02-08,1559.3431396484375,1572.4751295193644,1550.7728558600897,1564.7802667251876,5919715,INFY.NS
2024-02-09,1538.378173828125,1560.080561966992,1529.577503446997,1552.5238399589869,4600004,INFY.NS
2024-02-12,1548.28466796875,1560.1264752853303,1539.2996220000239,1539.2996220000239,3555808,INFY.NS
2024-02-13,1552.3856201171875,1556.5785741207376,1532.9870910403704,1550.9571831806093,2696481,INFY.NS
2024-02-14,1535.4752197265625,1538.4702350970776,1507.1838887623073,1529.9459605809961,3768579,INFY.NS
2024-02-15,1544.8287353515625,1555.3343490688874,1531.235974783489,1545.4277608582577,4834391,INFY.NS
2024-02-16,1568.14404296875,1574.917363137815,1555.5188333576436,1556.486498735968,4880654,INFY.NS
2024-02-19,1566.3931884765625,1577.221322004787,1555.2885469674084,1571.2312906913012,3690993,INFY.NS
2024-02-20,1553.0306396484375,1561.3245282446908,1537.825177221973,1552.800253854097,3706389,INFY.NS
2024-02-21,1525.660888671875,1542.6633157025528,1516.2150708785946,1542.6633157025528,4300508,INFY.NS
2024-02-22,1549.436767578125,1552.4317832308739,1515.3857884617946,1534.3695574852186,5841277,INFY.NS
2024-02-23,1545.289794921875,1565.1951068635992,1540.7282007765268,1563.858914132195,5373072,INFY.NS
2024-02-26,1529.89990234375,1543.5386736406174,1515.9385009458492,1543.5386736406174,2782438,INFY.NS
2024-02-27,1533.0792236328125,1539.9907975363865,1523.1266247075048,1530.683233844853,5159088,INFY.NS
2024-02-28,1540.129150390625,1555.380736114235,1531.6509975218291,1538.9772213327412,3188916,INFY.NS
2024-02-29,1542.5712890625,1550.2661528030922,1523.5875203601972,1534.369531530479,7814722,INFY.NS
2024-03-01,1524.87744140625,1540.774061120071,1521.467776667757,1538.05555376044,6387291,INFY.NS
2024-03-04,1508.75048828125,1533.8625405850848,1505.479077403563,1527.7803779385492,4445156,INFY.NS
2024-03-05,1480.4591064453125,1508.8886908149464,1476.3121621695554,1505.8015436860508,4596579,INFY.NS
2024-03-06,1490.642333984375,1493.0383239437163,1452.3521668225044,1477.0495710017406,6420684,INFY.NS
2024-03-07,1489.6285400390625,1500.6870590284748,1478.3396352373709,1489.7667940250446,6348359,INFY.NS
2024-03-11,1475.02197265625,1487.186409973432,1463.4105512344881,1481.9796685740168,6752895,INFY.NS
2024-03-12,1486.4029541015625,1497.5075938718044,1472.3034116366352,1474.469015504546,4614222,INFY.NS
2024-03-13,1484.974853515625,1497.0470479006656,1473.1330449489747,1486.3571684259673,5688997,INFY.NS
2024-03-14,1523.5875244140625,1527.6883469444472,1481.8415695289827,1487.7394689212454,8803799,INFY.NS
2024-03-15,1505.8016357421875,1516.6758908384104,1491.3794617139743,1512.344570167545,11809997,INFY.NS
2024-03-18,1476.9112548828125,1504.5575513115562,1473.4093456712776,1502.11543929507,4958904,INFY.NS
2024-03-19,1438.943603515625,1473.5475961267095,1435.764324431153,1467.4193112677192,6870411,INFY.NS
2024-03-20,1432.9534912109375,1451.3843544053573,1430.5575014942751,1440.371958643916,4759059,INFY.NS
2024-03-21,1432.72314453125,1453.2274803947662,1422.3097740379771,1441.2935411478331,11062497,INFY.NS
2024-03-22,1390.470458984375,1408.9474454626866,1380.6560012352104,1401.6672315575609,14673890,INFY.NS
2024-03-26,1375.54150390625,1389.1802760076575,1371.164173630106,1374.9424783172167,8351081,INFY.NS
2024-03-27,1367.4317626953125,1381.3931637333237,1365.3122809739452,1378.6285343195814,6857402,INFY.NS
2024-03-28,1380.517822265625,1393.189041141791,1370.4729789851785,1370.4729789851785,12499530,INFY.NS
2024-04-01,1378.1217041015625,1409.9149438246613,1375.6797046680076,1405.3533500790074,6580002,INFY.NS
2024-04-02,1366.5103759765625,1376.0023163808078,1364.6672894897633,1368.353462463362,7279400,INFY.NS
2024-04-03,1364.48291015625,1377.7991638971826,1359.2761687738598,1362.9623414349414,8736248,INFY.NS
2024-04-04,1370.0582275390625,1378.3061066574217,1352.8254147328123,1373.6062588459959,11186915,INFY.NS
2024-04-05,1363.054443359375,1370.0581487632178,1360.2438042627782,1363.9299768430176,5072482,INFY.NS
2024-04-08,1360.8428955078125,1373.97488704448,1358.4469055155266,1366.6486630791478,6610887,INFY.NS
2024-04-09,1377.5687255859375,1395.0320353978589,1370.6111424492417,1373.099263903387,9423230,INFY.NS
2024-04-10,1388.5811767578125,1391.3918156940683,1368.0768429499594,1382.6371563154344,6744595,INFY.NS
2024-04-12,1368.2611083984375,1388.5811786121503,1363.4230071564157,1386.0008129525172,12275616,INFY.NS
2024-04-15,1352.9637451171875,1374.8964069734686,1346.420810540168,1363.884010132131,8531224,INFY.NS
2024-04-16,1303.476806640625,1340.983684459676,1302.1867360834249,1337.159257468646,16173541,INFY.NS
2024-04-18,1307.900146484375,1331.3533752077963,1297.072014216493,1309.6049788534715,22107945,INFY.NS
2024-04-19,1300.52783203125,1314.903883353496,1270.5776782377934,1276.3373231980736,20603621,INFY.NS
2024-04-22,1320.3409423828125,1324.1192467826613,1302.1865874045059,1308.4991354557612,5859087,INFY.NS
2024-04-23,1329.2340087890625,1333.334831262017,1320.571479724218,1329.786912241484,4856174,INFY.NS
2024-04-24,1318.498046875,1330.985003306902,1315.0883817387778,1330.985003306902,4268213,INFY.NS
2024-04-25,1325.59375,1331.5377710414832,1308.5913232271268,1308.5913232271268,9089398,INFY.NS
2024-04-26,1318.0372314453125,1331.9986341616486,1315.0422158870554,1326.7457701482465,8062444,INFY.NS
2024-04-29,1322.1842041015625,1326.838042603384,1316.1941728580287,1317.7607514168,5055957,INFY.NS
2024-04-30,1309.0982666015625,1323.8429581264434,1306.3336369406475,1322.1380131744238,6936588,INFY.NS
2024-05-02,1303.476806640625,1312.2775896866656,1301.08081668616,1302.1406139236367,10076354,INFY.NS
2024-05-03,1305.1817626953125,1313.0148803966708,1293.109456008172,1310.5266461015717,8842345,INFY.NS
2024-05-06,1314.028564453125,1332.27505360971,1305.9189387214822,1308.5914366893924,6445422,INFY.NS
2024-05-07,1327.8975830078125,1330.1093091097507,1304.5364861962978,1313.1528923189749,6080661,INFY.NS
2024-05-08,1315.3187255859375,1326.7918940500197,1313.7520345652563,1322.6449494254493,6234983,INFY.NS
2024-05-09,1326.607421875,1336.1913801730982,1313.060670734901,1315.5489046143746,6088406,INFY.NS
2024-05-10,1313.1070556640625,1323.2900415168567,1302.140668020757,1322.4607425507959,8777481,INFY.NS
2024-05-13,1311.770751953125,1313.199189050727,1300.4818466437416,1313.199189050727,3735954,INFY.NS
2024-05-14,1312.922607421875,1321.2626187308836,1306.7944348778417,1314.489298423798,3463230,INFY.NS
2024-05-15,1308.5452880859375,1319.4656655532185,1307.2552175350827,1314.1206697254095,4327544,INFY.NS
2024-05-16,1339.3248291015625,1341.5365553493355,1315.0421875208667,1321.4468679639122,9249145,INFY.NS
2024-05-17,1330.98486328125,1342.6884167000094,1326.3310252131012,1342.6884167000094,7542860,INFY.NS
2024-05-21,1321.6312255859375,1331.3534390178734,1316.332352094495,1317.8067987413262,6752663,INFY.NS
2024-05-22,1340.6610107421875,1345.4068679388222,1315.9636094884577,1316.6547668463822,7173285,INFY.NS
2024-05-23,1356.8802490234375,1362.17912249703,1336.2376585581328,1340.5688666610595,8641428,INFY.NS
2024-05-24,1350.153076171875,1359.7371490603434,1345.453227806236,1353.0559600866482,5277938,INFY.NS
2024-05-27,1355.91259765625,1363.5153292403581,1345.6834903871545,1356.373369267408,5821844,INFY.NS
2024-05-28,1351.9500732421875,1360.1978403527887,1345.7296562893546,1359.7370687266528,6186922,INFY.NS
2024-05-29,1337.1131591796875,1350.521658721026,1336.237738072663,1350.4295268928772,7401634,INFY.NS
2024-05-30,1315.456787109375,1336.0993771509409,1310.0197722599248,1329.6025651299135,9663150,INFY.NS
2024-05-31,1322.4598388671875,1350.5182603744363,1315.9739443356261,1325.1858078435043,37113815,INFY.NS
2024-06-03,1321.519775390625,1353.5731158092904,1319.7337879140582,1353.5731158092904,10589244,INFY.NS
2024-06-04,1310.0050048828125,1330.0735833506835,1276.8236180013437,1324.4336953647442,13736134,INFY.NS
2024-06-05,1344.267333984375,1351.6932097544602,1316.1149378567663,1316.1149378567663,9233424,INFY.NS
2024-06-06,1383.887451171875,1385.814458709679,1351.2231014159079,1358.2259161135482,12660930,INFY.NS
2024-06-07,1441.5552978515625,1447.2891608293014,1388.5873745776473,1392.1123044504961,24075302,INFY.NS
2024-06-10,1409.7369384765625,1437.9834221145236,1407.434030215548,1433.753506313127,6810606,INFY.NS
2024-06-11,1405.97705078125,1416.0348049461413,1404.2850385180848,1410.0190163300265,4853054,INFY.NS
2024-06-12,1396.0604248046875,1418.1970341852775,1393.7575161148104,1416.5520666228422,9564320,INFY.NS
2024-06-13,1404.28515625,1414.6719965407349,1399.961264790733,1405.2721826102318,7307565,INFY.NS
2024-06-14,1399.5380859375,1413.449739391059,1396.8591623623047,1413.449739391059,4237727,INFY.NS
2024-06-18,1408.280029296875,1416.5519111720494,1405.6481503320965,1407.152097561087,5420939,INFY.NS
2024-06-19,1420.640625,1424.6825902320104,1406.86987687676,1414.6717670710855,5493456,INFY.NS
2024-06-20,1424.4476318359375,1426.4215695435462,1409.125891319924,1425.2936379231433,7927010,INFY.NS
2024-06-21,1440.7093505859375,1464.2559289959652,1432.249518545518,1452.271166938704,17301941,INFY.NS
2024-06-24,1435.492431640625,1437.3253492351942,1424.4476516241698,1433.0485032665965,5564989,INFY.NS
2024-06-25,1449.4041748046875,1451.237207255743,1429.1006009006553,1434.4115183965616,4551525,INFY.NS
2024-06-26,1448.229248046875,1455.89011914625,1442.8714001458156,1448.5112883548547,4851004,INFY.NS
2024-06-27,1478.919677734375,1483.6666295895413,1440.0985156795878,1446.114304702132,14757754,INFY.NS
2024-06-28,1472.7158203125,1493.160415233066,1470.3658668733547,1478.1677581888457,8197544,INFY.NS
2024-07-01,1495.322265625,1503.876072321398,1465.900805673246,1465.900805673246,6801771,INFY.NS
2024-07-02,1523.7568359375,1535.7415983279318,1491.2804339153117,1500.3982072481522,10493173,INFY.NS
2024-07-03,1529.7257080078125,1537.8095248596555,1509.6100836947476,1527.469729765856,7269965,INFY.NS
2024-07-04,1551.5802001953125,1560.3690026530594,1530.2896001922775,1530.4775505601317,8008311,INFY.NS
2024-07-05,1548.572265625,1565.8679458210338,1535.3185512266714,1552.332191113537,7065022,INFY.NS
2024-07-08,1561.920166015625,1566.009062287117,1541.5695451085667,1544.4834645926285,5880533,INFY.NS
2024-07-09,1557.6900634765625,1566.7138611771477,1551.9091554243114,1560.2750121000736,5191182,INFY.NS
2024-07-10,1549.32421875,1573.5287378659184,1539.2664644712022,1557.5490553427878,9852770,INFY.NS
2024-07-11,1553.507080078125,1565.0688961998292,1543.4963708254108,1556.6090643284788,8857679,INFY.NS
2024-07-12,1609.012939453125,1616.532789615605,1566.6198071109059,1579.1685341207829,17078316,INFY.NS
2024-07-15,1604.59521484375,1624.2877782953476,1600.4592739409936,1622.5957659620963,6942230,INFY.NS
2024-07-16,1622.454833984375,1633.593589888385,1597.9682742375035,1615.4519041715741,6886281,INFY.NS
2024-07-18,1652.5340576171875,1659.4428967520646,1615.8277444589778,1615.8277444589778,11248896,INFY.NS
2024-07-19,1685.3394775390625,1733.3255702708213,1679.2295989019908,1733.3255702708213,29819116,INFY.NS
2024-07-22,1702.1651611328125,1713.5859571917674,1685.3394724496927,1692.1074068427617,8462126,INFY.NS
2024-07-23,1726.6517333984375,1729.5186076175692,1676.2217119382558,1701.3662125939957,7113056,INFY.NS
2024-07-24,1723.878662109375,1731.7745279912915,1710.3899533806657,1727.2156416274588,6002845,INFY.NS
2024-07-25,1715.324951171875,1721.0118842620095,1703.246213719811,1710.7660645530111,5815599,INFY.NS
2024-07-26,1766.1309814453125,1769.9848820315087,1715.7949342558115,1715.7949342558115,11369047,INFY.NS
2024-07-29,1758.7991943359375,1788.784624281326,1752.12534926978,1779.9487760733678,4635931,INFY.NS
2024-07-30,1764.4859619140625,1767.1178407699306,1748.365259289592,1758.7990290172347,2721265,INFY.NS
2024-07-31,1756.1201171875,1772.0058245898792,1753.1122228334534,1764.344953812893,5004209,INFY.NS
2024-08-01,1741.4095458984375,1755.7913074406626,1734.3596852882927,1744.6994808498382,7475014,INFY.NS
2024-08-02,1711.8939208984375,1747.895251074617,1707.147084115294,1732.3855594141,7400938,INFY.NS
2024-08-05,1646.7532958984375,1689.6164211011132,1615.4049418548652,1677.8196096487513,10736703,INFY.NS
2024-08-06,1646.0013427734375,1689.0994653436978,1640.126459251215,1654.5551502330297,7690163,INFY.NS
2024-08-07,1684.1175537109375,1689.9924369566963,1656.341059827465,1688.206449501223,5094329,INFY.NS
2024-08-08,1638.528564453125,1673.1198103688212,1623.4418174161967,1673.1198103688212,6227910,INFY.NS
2024-08-09,1664.4720458984375,1673.8718597959298,1650.6073203996366,1664.9420365933122,4258524,INFY.NS
2024-08-12,1689.5225830078125,1695.2564465708763,1661.9810822256,1666.634058979033,4315329,INFY.NS
2024-08-13,1689.5693359375,1701.366147109179,1681.673584839887,1701.366147109179,4176918,INFY.NS
2024-08-14,1713.8209228515625,1715.465890143481,1689.569359164612,1693.8463200211247,7450718,INFY.NS
2024-08-16,1747.378173828125,1750.1041425189478,1719.6957707243737,1738.9653871768742,7335657,INFY.NS
2024-08-19,1752.8773193359375,1755.46226812506,1738.2135180462226,1748.3653628246682,2585989,INFY.NS
2024-08-20,1759.8331298828125,1772.5228787734409,1756.073204285589,1767.165030694927,3870333,INFY.NS
2024-08-21,1760.302978515625,1766.2249067508462,1755.0391060531026,1762.5589566406527,1966902,INFY.NS
2024-08-22,1767.3997802734375,1779.9955522213554,1757.4829319922503,1770.924710030664,4300287,INFY.NS
2024-08-23,1750.3392333984375,1769.6088509029312,1745.5453515046195,1765.4729100507645,5015935,INFY.NS
2024-08-26,1763.5460205078125,1775.3897624868237,1752.125224235838,1757.7651122966831,3728589,INFY.NS
2024-08-27,1786.0584716796875,1788.5494451104064,1761.431007151832,1763.54596510821,3830679,INFY.NS
2024-08-28,1822.7177734375,1833.903574209478,1783.5205978872887,1792.450420519267,6514531,INFY.NS
2024-08-29,1817.3128662109375,1833.4335688344042,1805.610144647818,1816.9838956969513,7228284,INFY.NS
2024-08-30,1827.041748046875,1832.9636765918535,1812.284086394407,1821.6839001205192,13466759,INFY.NS
2024-09-02,1846.593505859375,1857.1682968702776,1826.1959548736536,1826.7128758101132,5573739,INFY.NS
2024-09-03,1824.73876953125,1848.9432889467964,1820.2268132183985,1848.9432889467964,4694322,INFY.NS
2024-09-04,1807.0670166015625,1811.5319278069883,1786.0115271331308,1805.7980647866775,4778310,INFY.NS
2024-09-05,1817.1248779296875,1823.5637269032381,1794.9882723576418,1810.638983993486,4081810,INFY.NS
2024-09-06,1787.703369140625,1820.273743345215,1783.0034627545024,1806.6440148254599,5848106,INFY.NS
2024-09-09,1780.9356689453125,1805.5631341580754,1775.6247514250556,1776.564732765143,4772612,INFY.NS
2024-09-10,1797.5264892578125,1818.8640212843943,1782.204746436802,1790.5706039020686,6909600,INFY.NS
2024-09-11,1795.5052490234375,1810.4039292305977,1790.6643225255912,1799.7820949632378,5312946,INFY.NS
2024-09-12,1833.3865966796875,1838.9795546148218,1796.1164275717779,1809.464116978717,8555092,INFY.NS
2024-09-13,1827.4178466796875,1841.0475772026095,1819.4750496173078,1833.3867057185469,3843127,INFY.NS
2024-09-16,1833.1986083984375,1834.8435757434945,1817.0309752474043,1828.9686923682912,1570181,INFY.NS
2024-09-17,1835.360595703125,1840.9063937669002,1825.584766901514,1830.8486394119768,2793127,INFY.NS
2024-09-18,1778.5855712890625,1822.388675234394,1768.386797525358,1822.388675234394,6385468,INFY.NS
2024-09-19,1780.5125732421875,1809.370068657787,1766.036952686509,1795.9282898631557,7976570,INFY.NS
2024-09-20,1791.3695068359375,1800.0643345616268,1755.3212440246816,1790.664520804125,15242974,INFY.NS
2024-09-23,1782.6275634765625,1803.73021337189,1765.7078993837924,1794.4243751721033,3636672,INFY.NS
2024-09-24,1784.648681640625,1796.2104988783262,1759.0812331924099,1774.6849016458275,7277616,INFY.NS
2024-09-25,1781.5465087890625,1787.4683218170035,1764.1568556663412,1773.133607756382,4268341,INFY.NS
2024-09-26,1786.1995849609375,1802.8372091877666,1779.384720079492,1783.8966765192179,8952803,INFY.NS
2024-09-27,1792.309326171875,1856.0870338017216,1789.0664366162493,1816.1378289440818,14908931,INFY.NS
2024-09-30,1763.029052734375,1787.1395980713203,1758.2351706468926,1767.1649937536263,6986955,INFY.NS
2024-10-01,1790.0533447265625,1794.3772357071236,1762.464916843665,1762.464916843665,4029072,INFY.NS
2024-10-03,1779.7607421875,1797.1033525009973,1768.104950294741,1776.0947919095763,7503887,INFY.NS
2024-10-04,1803.0252685546875,1836.8175525476968,1772.8048448832324,1776.1418246086153,10001483,INFY.NS
2024-10-07,1818.2059326171875,1825.4437429610623,1801.0512733437376,1807.772048058558,6112575,INFY.NS
2024-10-08,1831.6005859375,1840.4363182559603,1791.933306709296,1821.5897622643915,5637391,INFY.NS
2024-10-09,1835.5484619140625,1858.3430081700687,1828.3575821051584,1835.3605115538048,4857163,INFY.NS
2024-10-10,1803.82421875,1846.1233796899428,1799.2182871655539,1840.3895163779584,4782119,INFY.NS
2024-10-11,1818.9578857421875,1830.1436867455332,1795.4583520140732,1802.8842276209207,4709431,INFY.NS
2024-10-14,1841.3294677734375,1851.2932470173037,1815.1979406537325,1816.1849669571325,3751378,INFY.NS
2024-10-15,1841.7054443359375,1871.925751948734,1834.6085394794932,1842.3633853617557,5353705,INFY.NS
2024-10-16,1804.858154296875,1841.9404871358424,1801.3332242595482,1837.6635261263593,3111512,INFY.NS
2024-10-17,1849.977294921875,1859.2831333510103,1814.3050481446446,1819.0518851747047,8162822,INFY.NS
2024-10-18,1766.7889404296875,1820.6028732629586,1757.0601563072833,1780.1367445813487,10526196,INFY.NS
2024-10-21,1741.5504150390625,1784.8366013292746,1727.6856903747387,1777.5986762175419,4654601,INFY.NS
2024-10-22,1740.4693603515625,1765.0969393741664,1736.098424337156,1746.6732140121014,4125240,INFY.NS
2024-10-23,1760.9610595703125,1772.804801466981,1733.3255853155424,1734.500561986716,4311910,INFY.NS
2024-10-24,1751.51416015625,1770.9247972575436,1748.3652457001226,1749.6812424897346,2906475,INFY.NS
2024-10-25,1750.2923583984375,1763.7340231622866,1735.5816269882255,1751.6082405232555,4689120,INFY.NS
2024-10-28,1753.3941650390625,1768.9509020729429,1745.5453438193326,1748.0832475331754,7018940,INFY.NS
2024-10-29,1748.59326171875,1760.2866061853301,1738.8011693476826,1754.9627985871089,4621252,INFY.NS
2024-10-30,1713.2276611328125,1748.3079249245552,1707.76122797984,1741.653136738328,5919715,INFY.NS
2024-10-31,1670.589599609375,1699.728089871948,1660.3697457491953,1699.728089871948,7395236,INFY.NS
2024-11-01,1674.011962890625,1678.9080088899161,1665.6460129974564,1677.4819828348002,371966,INFY.NS
2024-11-04,1676.674072265625,1679.8588408591163,1633.2753189564019,1639.454765739415,7336722,INFY.NS
2024-11-05,1667.6900634765625,1681.2373124025844,1658.9438158532193,1673.204077880611,3160880,INFY.NS
2024-11-06,1733.762451171875,1737.0898453384439,1675.723259696614,1677.0066599508023,10421494,INFY.NS
2024-11-07,1714.1309814453125,1735.6638830746192,1698.8724555004114,1723.5426610222241,4550965,INFY.NS
2024-11-08,1739.7042236328125,1749.82903193321,1723.732801289501,1728.3435957027407,4210960,INFY.NS
2024-11-11,1768.367431640625,1775.8778590726738,1732.669314114394,1738.8011800020988,3804234,INFY.NS
2024-11-12,1776.638427734375,1788.2367269114475,1769.223045604574,1778.8249314544848,5012450,INFY.NS
2024-11-13,1776.2581787109375,1780.8213927172376,1764.7549244206982,1769.3181384269985,4257495,INFY.NS
2024-11-14,1772.59814453125,1783.4834314212399,1764.469748783487,1773.5962932395464,4311431,INFY.NS
2024-11-18,1722.11669921875,1758.005024675079,1706.477991896976,1758.005024675079,4839244,INFY.NS
2024-11-19,1734.7608642578125,1767.9872281436544,1730.7680373364465,1735.473877354507,4669769,INFY.NS
2024-11-21,1743.6021728515625,1774.9271666789355,1730.8154024223286,1751.16006482196,5436504,INFY.NS
2024-11-22,1808.438720703125,1819.6568388300636,1743.5545347717343,1762.6632608249854,6301486,INFY.NS
2024-11-25,1796.507568359375,1824.647908539123,1789.187347735094,1821.5106048142616,12764638,INFY.NS
2024-11-26,1829.2587890625,1842.9961275482167,1803.7329448177684,1811.00558516297,6850495,INFY.NS
2024-11-27,1829.591552734375,1845.6581372544963,1817.4703304442407,1834.9153604909611,4447143,INFY.NS
2024-11-28,1765.0875244140625,1820.4648690644453,1760.3341042723987,1820.4648690644453,8468790,INFY.NS
2024-11-29,1766.2283935546875,1784.4340168837268,1754.0121263454853,1759.811276019277,5244346,INFY.NS
2024-12-02,1787.0960693359375,1789.9481217185034,1744.6954644082105,1767.321793063357,2868263,INFY.NS
2024-12-03,1798.7894287109375,1806.0621855541033,1778.8726425018424,1793.9409628322635,4715792,INFY.NS
2024-12-04,1796.0799560546875,1819.56180716774,1782.5327074778559,1791.0888644737497,4705573,INFY.NS
2024-12-05,1839.4310302734375,1853.7388717964993,1795.7946087095554,1806.2997139926326,9050038,INFY.NS
2024-12-06,1827.5950927734375,1842.3781605401093,1818.088252003757,1837.4822303839658,3573331,INFY.NS
2024-12-09,1828.7835693359375,1835.0104808234832,1803.637904199797,1829.306375982813,4274645,INFY.NS
2024-12-10,1852.4554443359375,1868.6645376907804,1836.7215769538172,1843.3763652761136,6174921,INFY.NS
2024-12-11,1876.79296875,1880.4530791874988,1855.7352935156714,1858.5873457085745,5025612,INFY.NS
2024-12-12,1889.0093994140625,1900.2275187647786,1873.3706916216245,1877.7912800633462,6462130,INFY.NS
2024-12-13,1901.0828857421875,1907.500003205855,1857.4465798294907,1872.6099443049989,5362693,INFY.NS
2024-12-16,1882.402099609375,1900.9879041439099,1880.0728539329739,1897.042541916786,3119221,INFY.NS
2024-12-17,1879.1220703125,1884.255787393359,1861.4393701898068,1870.9462106912868,5811050,INFY.NS
2024-12-18,1881.54638671875,1887.060284654621,1864.8618349910091,1869.8054617493733,3064095,INFY.NS
2024-12-19,1850.22119140625,1863.1030062841562,1825.3133165279144,1838.6228927942636,5323592,INFY.NS
2024-12-20,1827.3575439453125,1882.3070176382269,1816.9950636033855,1877.7438033938301,11056720,INFY.NS
2024-12-23,1829.4013671875,1844.3270603797318,1814.8558547757257,1834.8678004850174,2781793,INFY.NS
2024-12-24,1814.9034423828125,1846.2284355881454,1749.2586619372746,1832.015755380025,2360544,INFY.NS
2024-12-26,1813.3348388671875,1825.0757640546135,1808.4863732653307,1814.9034908105154,3623321,INFY.NS
2024-12-27,1822.2237548828125,1829.25884045684,1810.007487366256,1815.236249934069,3937500,INFY.NS
2024-12-30,1812.00390625,1821.510747311123,1793.4655661808106,1821.2254956591669,7789055,INFY.NS
2024-12-31,1787.2860107421875,1803.4476395627287,1754.0596496753712,1798.9794709559926,3613063,INFY.NS
2025-01-01,1789.6627197265625,1799.5973216045268,1781.5819053214227,1781.5819053214227,1838368,INFY.NS
2025-01-02,1861.2967529296875,1865.8600828114977,1792.324694404524,1793.9408108770863,7083645,INFY.NS
2025-01-03,1843.138671875,1856.6383387446942,1827.2147142972276,1856.6383387446942,6218003,INFY.NS
2025-01-06,1842.283203125,1875.6997732327457,1832.9189877307317,1855.7354066651392,7164403,INFY.NS
2025-01-07,1835.6282958984375,1861.9623140172655,1828.7834170796311,1849.08049857111,4294832,INFY.NS
2025-01-08,1837.81494140625,1842.9961231909604,1795.6045452981161,1834.8202633622047,5482050,INFY.NS
2025-01-09,1822.7467041015625,1855.5927707165636,1816.3295863112587,1838.670663062687,6833503,INFY.NS
2025-01-10,1869.947998046875,1880.2630131182193,1836.9593070090002,1841.475056372847,8036913,INFY.NS
2025-01-13,1865.4322509765625,1885.0164358188285,1852.8832675701437,1859.538056114521,5804152,INFY.NS
2025-01-14,1844.374755859375,1874.5589763818855,1835.8660634362316,1871.7543886244132,5792162,INFY.NS
2025-01-15,1853.501220703125,1861.4869901029845,1841.5700892018165,1850.981884706997,2985439,INFY.NS
2025-01-16,1833.3466796875,1869.948017007702,1822.3187674971882,1868.9973329214629,7533579,INFY.NS
2025-01-17,1725.9193115234375,1766.3709642563163,1722.6394979722525,1759.7161759087412,16409953,INFY.NS
2025-01-20,1723.87548828125,1737.8029172097529,1704.7191808636662,1733.0494968108637,4333011,INFY.NS
2025-01-21,1711.896728515625,1741.3204695981628,1704.6240883474466,1729.3418737355341,7169109,INFY.NS
2025-01-22,1764.8974609375,1773.7864501626696,1716.1274359637641,1718.2664752007781,8373913,INFY.NS
2025-01-23,1773.4534912109375,1786.8582289789933,1761.3322697336553,1766.370941552174,5907471,INFY.NS
2025-01-24,1782.96044921875,1801.4513245969808,1772.312833717117,1773.501188842313,4887027,INFY.NS
2025-01-27,1732.1463623046875,1771.1244088768565,1722.6395216773292,1757.577160982871,7652371,INFY.NS
2025-01-28,1739.51416015625,1771.599747206543,1734.9033656716754,1739.7518311714375,6999495,INFY.NS
2025-01-29,1788.474365234375,1795.5094503993766,1749.7339902797964,1754.0120684956396,5145155,INFY.NS
2025-01-30,1768.224853515625,1794.1309953598945,1753.0614884709362,1780.7739533235829,7336056,INFY.NS
2025-01-31,1787.0960693359375,1803.8755513464537,1778.7300025936208,1778.7300025936208,5820470,INFY.NS
2025-02-01,1760.0489501953125,1797.3633003755383,1754.9628135718901,1787.571323971164,1701402,INFY.NS
2025-02-03,1771.40966796875,1784.0062318529979,1742.0335070965566,1745.4559465267448,4823228,INFY.NS
2025-02-04,1805.1590576171875,1816.9474478919842,1782.5327290891591,1795.8423067996916,7334787,INFY.NS
2025-02-05,1803.495361328125,1825.0282638663168,1800.880979990787,1812.0039378058837,4996744,INFY.NS
2025-02-06,1821.177978515625,1829.116167362465,1806.2997494743677,1822.46137881177,4765255,INFY.NS
2025-02-07,1809.769775390625,1828.8309215990796,1796.2699917999128,1824.648004479721,4126260,INFY.NS
2025-02-10,1787.5712890625,1811.0531389851265,1785.9550565261386,1811.0531389851265,3828734,INFY.NS
2025-02-11,1783.150634765625,1809.1518213900456,1777.7792464526458,1790.2331848086437,4411601,INFY.NS
2025-02-12,1771.26708984375,1801.1660581275596,1755.9135185424811,1792.0395140512057,5633947,INFY.NS
2025-02-13,1752.348388671875,1781.1065814060805,1745.1232130462338,1776.353161119435,5237744,INFY.NS
2025-02-14,1764.849853515625,1767.606860408019,1738.1831200991312,1762.5681886374266,5292961,INFY.NS
2025-02-17,1751.4453125,1761.3799146336082,1732.2890052365772,1747.880247229523,4428956,INFY.NS
2025-02-18,1760.619384765625,1769.8410902296603,1746.977091046225,1751.445375977347,4365260,INFY.NS
2025-02-19,1721.498779296875,1758.004955145868,1716.840404092615,1756.2937934312417,4611411,INFY.NS
2025-02-20,1735.14111328125,1740.7025920720746,1716.5077280780874,1716.5077280780874,2218020,INFY.NS
2025-02-21,1725.4915771484375,1739.6092122968646,1717.1255109603246,1731.956275207461,3379879,INFY.NS
2025-02-24,1677.1016845703125,1718.8367369576058,1663.9347338827708,1711.2788452920981,7594720,INFY.NS
2025-02-25,1680.524169921875,1690.744023588038,1659.0863139546623,1659.0863139546623,5092963,INFY.NS
2025-02-27,1677.2919921875,1688.2723238346587,1664.7428925260701,1668.640674098442,5757079,INFY.NS
2025-02-28,1604.469482421875,1668.5456129045258,1599.478390980019,1668.4981483304996,12182167,INFY.NS
2025-03-03,1624.3387451171875,1643.3524261230082,1608.8426647276233,1608.8426647276233,7504969,INFY.NS
2025-03-04,1605.0400390625,1615.2123126810395,1587.6424733239176,1611.4095762179882,6759673,INFY.NS
2025-03-05,1627.0958251953125,1647.4879525703643,1608.9852468032536,1608.9852468032536,8180782,INFY.NS
2025-03-06,1631.2313232421875,1637.3633054431778,1607.7018912844446,1630.42326495067,10610547,INFY.NS
2025-03-07,1602.8533935546875,1620.9163914654462,1592.871210498742,1619.1100684643093,8019331,INFY.NS
2025-03-10,1617.54150390625,1634.2260571930049,1593.5367290696454,1602.8534801788285,7558981,INFY.NS
2025-03-11,1579.6566162109375,1597.1492261839649,1556.3173920894415,1597.1492261839649,12671234,INFY.NS
2025-03-12,1512.395751953125,1556.174800445261,1486.6798171088662,1556.174800445261,14870008,INFY.NS
2025-03-13,1501.938232421875,1526.8462251444753,1492.8592690164621,1520.381526929375,7822888,INFY.NS
2025-03-17,1511.6353759765625,1515.3905319411103,1468.9496345204805,1468.9496345204805,7526032,INFY.NS
2025-03-18,1511.6353759765625,1511.6353759765625,1511.6353759765625,1511.6353759765625,0,INFY.NS
2025-03-19,1508.307861328125,1523.9465678973438,1495.2359553339961,1523.9465678973438,7387068,INFY.NS
2025-03-20,1535.877685546875,1551.4213467784741,1513.4890294263832,1513.4890294263832,7186750,INFY.NS
2025-03-21,1514.011962890625,1524.8022038807094,1486.5371700431922,1500.131882621123,10074677,INFY.NS
2025-03-24,1514.2021484375,1527.844442496362,1495.140885206093,1519.1456594946171,8857726,INFY.NS
2025-03-25,1548.141357421875,1555.461694060302,1525.8478634077803,1525.8478634077803,9890140,INFY.NS
2025-03-26,1520.571533203125,1556.9827781599724,1516.3410356679321,1545.8122407498795,6651302,INFY.NS
2025-03-27,1524.469482421875,1540.0606082841557,1507.7849306219216,1516.8640098840594,9426573,INFY.NS
2025-03-28,1493.1920166015625,1519.620965158934,1483.0672076469882,1511.5877308709687,6799047,INFY.NS
2025-04-01,1451.21923828125,1471.0885586286036,1442.9957978349414,1463.3404602190724,12680733,INFY.NS
2025-04-02,1473.7030029296875,1478.9317655581158,1459.4902057913214,1459.4902057913214,6193478,INFY.NS
2025-04-03,1422.69873046875,1458.9673514518697,1411.8134441365378,1458.9673514518697,10459504,INFY.NS
2025-04-04,1380.0606689453125,1399.4070681791675,1376.5906485892897,1388.4742004590178,9590254,INFY.NS
2025-04-07,1327.8680419921875,1336.5668248830998,1242.5441423903983,1285.3249277060586,21715252,INFY.NS
2025-04-08,1358.3375244140625,1384.671428260199,1345.218037067066,1360.4289830692378,12805001,INFY.NS
2025-04-09,1334.4752197265625,1339.9416532809853,1313.7503760547593,1335.758736096975,8546854,INFY.NS
2025-04-11,1339.941650390625,1367.844321400648,1328.1532604606723,1341.652928180614,12567440,INFY.NS
2025-04-15,1355.675537109375,1376.3053358191778,1339.513907284088,1374.3089224037624,10178530,INFY.NS
2025-04-16,1343.41162109375,1357.10149475882,1327.915540556106,1354.724784610381,12022740,INFY.NS
2025-04-17,1349.49609375,1359.2881865002564,1310.327954849587,1329.0563853909828,14264227,INFY.NS
2025-04-21,1379.442626953125,1399.2169026224717,1340.4645789137878,1340.4645789137878,15648970,INFY.NS
2025-04-22,1352.6334228515625,1368.985143422317,1349.3060284057444,1368.985143422317,9399738,INFY.NS
2025-04-23,1402.1640625,1414.427911126592,1368.6048659090611,1374.6892676203474,11136642,INFY.NS
2025-04-24,1398.8365478515625,1409.7694145318515,1389.4247524558623,1397.4105217628291,7114292,INFY.NS
2025-04-25,1407.2025146484375,1427.642222162945,1391.3261370921732,1402.7343459374797,8329979,INFY.NS
2025-04-28,1409.0087890625,1416.1389193452367,1393.0373668593481,1407.2024661808139,5886253,INFY.NS
2025-04-29,1423.6494140625,1435.3428747016321,1401.4033833138335,1408.9138107783806,8056743,INFY.NS
2025-04-30,1426.1212158203125,1434.3922372400868,1409.4842438297574,1422.9840278751349,7704183,INFY.NS
2025-05-02,1432.5859375,1448.082019175758,1422.4135476873855,1425.740942139582,7402310,INFY.NS
2025-05-05,1434.201904296875,1447.8917775374923,1428.6880065536338,1440.2863052982934,4282493,INFY.NS
2025-05-06,1436.958984375,1440.856765886036,1425.170478593818,1431.7302219442606,4270530,INFY.NS
2025-05-07,1433.9168701171875,1443.8990531370239,1422.7937965506155,1426.026145690909,5691799,INFY.NS
2025-05-08,1436.8638916015625,1441.7123570303784,1427.166844693632,1433.6315426322524,8424409,INFY.NS
2025-05-09,1433.2513427734375,1436.8639888159648,1420.4171072727893,1426.6915991963783,4478653,INFY.NS
2025-05-12,1546.66796875,1551.516434397431,1456.4480254270004,1461.2014458755218,11372857,INFY.NS
2025-05-13,1491.2430419921875,1532.6928451513845,1487.4403056280353,1529.6507024801845,12846210,INFY.NS
2025-05-14,1513.869384765625,1516.3411402167324,1492.0986956552736,1496.3767741072957,4870057,INFY.NS
2025-05-15,1533.4534912109375,1538.7772990924948,1493.524758023796,1511.3976659657826,11151167,INFY.NS
2025-05-16,1511.49267578125,1533.0731584594146,1503.5069061207216,1533.0731584594146,4576751,INFY.NS
2025-05-19,1482.877197265625,1506.8343916464403,1478.9792993744286,1498.753576296917,8855798,INFY.NS
2025-05-20,1483.6375732421875,1505.4082621953962,1481.1658178089215,1492.5740269319685,7143998,INFY.NS
2025-05-21,1491.14794921875,1493.5246593705174,1475.556707413097,1490.577561992386,4157309,INFY.NS
2025-05-22,1471.18359375,1483.8277382618005,1464.0534632471729,1478.789066286349,6158990,INFY.NS
2025-05-23,1487.6304931640625,1508.9257236923431,1473.5603223754533,1473.5603223754533,5038421,INFY.NS
2025-05-26,1502.55615234375,1505.693456152503,1485.6339297061554,1489.3416207391451,3170102,INFY.NS
2025-05-27,1492.6690673828125,1504.8378701621398,1479.6447417622219,1501.985817890451,7775714,INFY.NS
2025-05-28,1494.2852783203125,1509.4010623010483,1492.5740005619675,1503.0315254066693,3623370,INFY.NS
2025-05-29,1507.4046630859375,1529.555648703017,1498.8485063145804,1510.6370121874,8609500,INFY.NS
2025-05-30,1506.5369873046875,1515.5027951891782,1499.2101525439637,1514.5387348868949,13148092,INFY.NS
2025-06-02,1497.9569091796875,1503.9340358386107,1483.6887699715526,1503.9340358386107,4374509,INFY.NS
2025-06-03,1487.5450439453125,1510.9717563250315,1480.410974183671,1502.9700087561519,6853403,INFY.NS
2025-06-04,1495.4503173828125,1501.3311794658816,1486.0025968815146,1487.545069852834,4548307,INFY.NS
2025-06-05,1498.43896484375,1511.3572786610305,1486.195328477135,1492.2689554139665,6948539,INFY.NS
2025-06-06,1507.5975341796875,1512.5142181403369,1487.641415492617,1498.8244913615613,3960020,INFY.NS
2025-06-09,1516.3704833984375,1530.9277705261318,1514.5387452749073,1521.2871674371763,2903202,INFY.NS
2025-06-10,1538.6402587890625,1549.726952383094,1520.8051430073597,1527.0715350387688,8591925,INFY.NS
2025-06-11,1572.478759765625,1575.8529708756475,1532.9522867625028,1532.9522867625028,10597410,INFY.NS
2025-06-12,1550.787353515625,1569.4901466126246,1540.6647205061456,1558.8854834598367,10483574,INFY.NS
2025-06-13,1544.424560546875,1551.1729824718614,1513.7673967286814,1519.3589933969258,6968315,INFY.NS
2025-06-16,1565.441162109375,1576.0458254086714,1539.7006814911979,1542.4964798976407,5591842,INFY.NS
2025-06-17,1580.9625244140625,1588.192976732241,1557.5358118299073,1562.45249586964,7622083,INFY.NS
2025-06-18,1574.214111328125,1585.589952431105,1562.7417700471647,1562.7417700471647,5629707,INFY.NS
2025-06-19,1560.2352294921875,1571.4183055533617,1553.5831898154863,1565.5375611980423,5147760,INFY.NS
2025-06-20,1564.573486328125,1572.0930860674746,1551.076642111549,1560.8136276168789,9202821,INFY.NS
2025-06-23,1527.071533203125,1543.4605584963404,1518.7806380620095,1543.4605584963404,7943676,INFY.NS
2025-06-24,1524.7576904296875,1551.172965207259,1519.9373891083474,1543.4604830931148,8083992,INFY.NS
2025-06-25,1556.8609619140625,1561.6812632899293,1528.1319186406413,1532.8558375256184,7813533,INFY.NS
2025-06-26,1557.92138671875,1565.6338688312192,1548.8591966999713,1550.9801998907828,6519233,INFY.NS
2025-06-27,1550.208984375,1571.0326636135578,1544.8102701550988,1560.8136478253264,8912268,INFY.NS
2025-06-30,1544.2318115234375,1556.9573602116636,1536.8084767193552,1556.9573602116636,6294505,INFY.NS
2025-07-01,1549.05224609375,1559.5604099565173,1542.9786187031953,1551.1731318297038,4178937,INFY.NS
2025-07-02,1552.619140625,1589.735462831807,1545.7743359105034,1559.8495930029494,8653641,INFY.NS
2025-07-03,1560.5244140625,1573.7321112354073,1556.9574379034102,1560.331649069145,5259695,INFY.NS
2025-07-04,1581.733642578125,1584.3366759246808,1554.3544249759318,1566.5979433677658,4411273,INFY.NS
2025-07-07,1568.5262451171875,1584.915271648836,1564.670003580329,1581.0590301119776,3294523,INFY.NS
2025-07-08,1579.8055419921875,1587.035994129852,1563.2237521630664,1569.490144015709,4590681,INFY.NS
2025-07-09,1574.9853515625,1579.1308581535004,1565.2483655342028,1578.9380931561673,4580828,INFY.NS
2025-07-10,1557.728759765625,1579.9985303020203,1549.3413641152463,1579.9985303020203,5330179,INFY.NS
2025-07-11,1537.5797119140625,1549.341199857552,1506.826166489392,1522.3475129338776,11391755,INFY.NS
2025-07-14,1513.8638916015625,1534.5911874414394,1503.7412587495296,1534.5911874414394,9173426,INFY.NS
2025-07-15,1528.614013671875,1545.967099361679,1507.790334380739,1508.8507771918205,7614807,INFY.NS
2025-07-16,1550.1126708984375,1554.0652948238287,1521.769272878048,1522.2513030563432,6223491,INFY.NS
2025-07-17,1526.589599609375,1552.1371994765352,1523.3117708067696,1540.5684750083872,7374814,INFY.NS
2025-07-18,1529.095947265625,1541.821613244393,1523.2152032454187,1534.8803087969368,5161833,INFY.NS
2025-07-21,1527.36083984375,1531.8918763569468,1510.4897839367352,1523.2153333190533,3682661,INFY.NS
2025-07-22,1514.4423828125,1528.806905141675,1508.7544033781517,1508.7544033781517,8473741,INFY.NS
2025-07-23,1517.9129638671875,1534.6876368616054,1494.2934861823694,1519.648319505044,8035026,INFY.NS
2025-07-24,1496.70361328125,1525.14339208434,1492.558106924831,1523.21527148752,14169664,INFY.NS
2025-07-25,1461.2261962890625,1493.8114825426642,1456.9844249801497,1487.930738061539,10851259,INFY.NS
2025-07-28,1461.515380859375,1464.6968268487494,1429.2193615593824,1459.4908778130184,6439855,INFY.NS
2025-07-29,1459.2979736328125,1462.6721845547067,1442.3305365336291,1458.5267960319763,7070448,INFY.NS
2025-07-30,1464.40771484375,1467.0106307922656,1451.8749299240865,1465.2753927209724,5719051,INFY.NS
2025-07-31,1454.76708984375,1472.21655890233,1443.198365471235,1455.4418850255533,6851407,INFY.NS
2025-08-01,1416.782958984375,1444.8370894973941,1412.83033538686,1440.2096707795008,8702978,INFY.NS
2025-08-04,1427.291259765625,1429.5086455065348,1398.8514812022438,1408.9741142502269,8610216,INFY.NS
2025-08-05,1407.8172607421875,1425.5558755811649,1402.7076942328947,1425.5558755811649,10213323,INFY.NS
2025-08-06,1385.0654296875,1403.768223634903,1378.895537719122,1399.8155998166778,10566934,INFY.NS
2025-08-07,1385.2581787109375,1390.1748623852432,1363.3739407112198,1378.60613953599,9892020,INFY.NS
2025-08-08,1371.9542236328125,1381.6912093691872,1366.169861688454,1373.785961785155,10048009,INFY.NS
2025-08-11,1376.870849609375,1381.884033692687,1363.1812406590395,1368.8692198674414,6625368,INFY.NS
2025-08-12,1372.9183349609375,1389.2109785794498,1369.9297713819558,1376.8709588997938,9899184,INFY.NS
2025-08-13,1375.3284912109375,1382.462561438393,1371.279484756972,1373.7860181657672,10318063,INFY.NS
2025-08-14,1395.6700439453125,1417.1686356270611,1374.9427475738962,1374.9427475738962,12902347,INFY.NS
2025-08-18,1384.19775390625,1412.0590009823861,1378.2205097468736,1412.0590009823861,7254561,INFY.NS
2025-08-19,1388.2469482421875,1397.309139357621,1381.2092603896435,1381.2092603896435,3986094,INFY.NS
2025-08-20,1442.427001953125,1445.1264179190935,1388.921654258322,1388.921654258322,10413061,INFY.NS
2025-08-21,1442.619873046875,1453.802949118853,1430.9547668193538,1453.802949118853,6565539,INFY.NS
2025-08-22,1434.0396728515625,1450.2359327005538,1432.6899649169563,1444.258688328196,5543397,INFY.NS
2025-08-25,1477.0367431640625,1483.6887826854402,1452.549588321255,1452.549588321255,10694531,INFY.NS
2025-08-26,1474.6265869140625,1483.1103644867733,1464.021923789744,1468.2638125760993,15994798,INFY.NS
2025-08-28,1446.1868896484375,1474.6266696224122,1444.162386475055,1474.6266696224122,5443364,INFY.NS
2025-08-29,1416.782958984375,1447.922152992462,1414.951220922169,1447.922152992462,8169075,INFY.NS
2025-09-01,1445.5120849609375,1449.368326287933,1423.1458146544753,1423.6278448203498,4546057,INFY.NS
2025-09-02,1444.837158203125,1458.4305028963795,1432.8829043510907,1445.5120710387366,5218763,INFY.NS
2025-09-03,1425.9415283203125,1447.9221496497632,1420.0607841831338,1446.0904115917858,4623483,INFY.NS
2025-09-04,1410.4202880859375,1430.665555379037,1407.6244895421655,1430.665555379037,5787724,INFY.NS
2025-09-05,1392.681396484375,1419.771465639559,1381.4983212585462,1417.1685500698275,5466487,INFY.NS
2025-09-08,1381.402099609375,1405.5999908675153,1376.967445534214,1398.8515684147906,3811567,INFY.NS
2025-09-09,1450.2359619140625,1453.0316426482493,1419.5787971834648,1427.7733097648295,13072640,INFY.NS
2025-09-10,1477.518798828125,1479.7361846012639,1455.056264347903,1455.8274419814547,7281071,INFY.NS
2025-09-11,1455.4417724609375,1472.6020926929066,1452.3568266067848,1469.1314991861996,8003662,INFY.NS
2025-09-12,1470.7703857421875,1487.4486761823323,1466.4321143461764,1481.7606968153777,12856963,INFY.NS
2025-09-15,1454.1885986328125,1472.6021270614033,1447.2472937742573,1470.7703889313757,6167414,INFY.NS
2025-09-16,1456.9844970703125,1459.5874130189484,1449.4647790449067,1454.18869843609,8923112,INFY.NS
2025-09-17,1467.685546875,1471.830935901443,1459.58741614181,1462.3832147820146,4795698,INFY.NS
2025-09-18,1485.2313232421875,1499.1138155530703,1483.2068200825713,1494.2935138953433,9331945,INFY.NS
2025-09-19,1484.845703125,1495.546867150236,1465.4681136380061,1489.0875921991392,12988129,INFY.NS
2025-09-22,1445.6083984375,1460.2620677071914,1428.7373434373958,1429.4121385641438,15655204,INFY.NS
2025-09-23,1443.6802978515625,1458.6232324870878,1439.3420265057648,1439.3420265057648,9832164,INFY.NS
2025-09-24,1440.884521484375,1442.909024606748,1429.4121802134027,1433.7504516255494,4937004,INFY.NS
2025-09-25,1431.436767578125,1448.6933526456728,1423.4350200871756,1435.4857737282794,9491867,INFY.NS
2025-09-26,1396.8270263671875,1425.555953399892,1389.4036912657584,1421.9889772759154,8597058,INFY.NS
2025-09-29,1389.982177734375,1412.3483294621576,1384.872611107433,1407.5280279964163,10513117,INFY.NS
2025-09-30,1389.982177734375,1400.0083106366037,1386.4150840398418,1391.1390030128964,7556305,INFY.NS
2025-10-01,1393.83837890625,1397.405354815276,1376.099646484765,1394.031143886091,6250692,INFY.NS
2025-10-03,1394.609619140625,1396.2485922754322,1381.6911874663804,1387.282784330546,6877533,INFY.NS
2025-10-06,1422.9530029296875,1425.6524188431904,1390.4642178899833,1394.6096065704758,4630590,INFY.NS
2025-10-07,1406.0819091796875,1429.6050033943986,1401.743637948074,1424.5918193613172,5570320,INFY.NS
2025-10-08,1441.2701416015625,1444.1623224877194,1402.707729786136,1404.6358503769075,4657192,INFY.NS
2025-10-09,1455.0562744140625,1459.5873108023447,1433.557682406266,1448.0185870707542,7028753,INFY.NS
2025-10-10,1460.4549560546875,1467.0104954131987,1444.933608930849,1455.7310370996563,3738353,INFY.NS
2025-10-13,1439.5347900390625,1450.6214834671307,1430.087069727637,1443.1982662450723,5859355,INFY.NS
2025-10-14,1436.353515625,1459.9729938155936,1433.075686951717,1445.1264411305913,5600789,INFY.NS
2025-10-15,1421.41064453125,1435.1002548224249,1414.7586043879573,1430.569218120133,6986098,INFY.NS
2025-10-16,1418.61474609375,1421.5069270236047,1408.0100826842827,1420.9285143742625,8005748,INFY.NS
2025-10-17,1389.307373046875,1405.9856644896408,1382.4625679694304,1402.6114532010124,16959378,INFY.NS
2025-10-20,1408.395751953125,1414.276496397426,1397.8874708768014,1401.4544470050912,6994246,INFY.NS
2025-10-21,1419.482421875,1432.5936185349226,1417.1686535978035,1424.881136066363,1698704,INFY.NS
2025-10-23,1473.566162109375,1490.4372172856354,1451.8748054541832,1455.7310466373283,20358624,INFY.NS
2025-10-24,1470.57763671875,1487.5450748262833,1463.4435668090073,1484.1708637038648,8652257,INFY.NS
2025-10-27,1472.633056640625,1483.2043487095048,1466.3685916918344,1478.0165606695539,7273211,INFY.NS
2025-10-28,1468.4241943359375,1474.5908017388306,1458.9296979699484,1467.9347848431598,8211019,INFY.NS
2025-10-29,1478.408203125,1488.0005573851865,1465.1941469679696,1468.4241778932897,4884976,INFY.NS
2025-10-30,1462.1597900390625,1476.2546872805226,1457.5592692997866,1475.0801523386458,5608867,INFY.NS
2025-10-31,1450.9034423828125,1465.3898918009988,1449.3372364048548,1458.4403008415877,4819814,INFY.NS
2025-11-03,1454.0355224609375,1459.8105780526128,1442.974820743242,1450.9033496746388,5470600,INFY.NS
2025-11-04,1436.808349609375,1450.511814804534,1431.9142548968182,1448.3583414401685,8691330,INFY.NS
2025-11-06,1435.6336669921875,1451.58846323567,1430.9354078512456,1447.2816360762577,7944752,INFY.NS
2025-11-07,1445.5198974609375,1449.533031326473,1418.4065403991735,1438.8638806951196,8765759,INFY.NS
2025-11-10,1481.4425048828125,1487.8048281611332,1458.4402591842686,1458.5381171839108,9787975,INFY.NS
2025-11-11,1497.88671875,1500.9210336624128,1479.0933228205395,1492.6989304110698,13692989,INFY.NS
2025-11-12,1518.8333740234375,1526.1745164244364,1505.5214596999074,1507.3812396717751,14635417,INFY.NS
2025-11-13,1509.14306640625,1524.5104757353395,1497.8866487683968,1524.1189242683809,19655689,INFY.NS
2025-11-14,1470.9691162109375,1497.59294295853,1457.2656513734084,1487.8047537888665,9739549,INFY.NS
2025-11-17,1475.66748046875,1478.212385937251,1460.8873376663598,1464.3132041198487,7910354,INFY.NS
2025-11-18,1454.91650390625,1474.1013313334302,1451.784211591062,1474.1013313334302,7525119,INFY.NS
2025-11-19,1508.4578857421875,1510.317665675936,1458.9296699222182,1458.9296699222182,10981126,INFY.NS
2025-11-20,1503.955322265625,1522.0634729079381,1501.5082748815287,1522.0634729079381,7387584,INFY.NS
2025-11-21,1512.2752685546875,1518.6375916910017,1493.9714020948772,1498.5718033380108,9186302,INFY.NS
2025-11-24,1515.2117919921875,1551.4280945139647,1508.3600590826622,1530.4813442936104,19270381,INFY.NS
2025-11-25,1498.1802978515625,1517.7566773334454,1493.5798964672151,1516.1905908718425,8107952,INFY.NS
2025-11-26,1524.902099609375,1527.251289037942,1499.6485223505715,1499.6485223505715,7575038,INFY.NS
2025-11-27,1533.2220458984375,1540.954739594805,1519.3227449478784,1530.8728564928056,7552252,INFY.NS
2025-11-28,1527.055419921875,1535.179665000364,1524.0211050739736,1531.8516566735827,4453221,INFY.NS
2025-12-01,1530.872802734375,1540.6609920101703,1523.042251313739,1529.4045743430058,5341800,INFY.NS
2025-12-02,1527.9364013671875,1546.4361036663386,1523.1401645511503,1533.8093151456649,6335969,INFY.NS
2025-12-03,1545.261474609375,1552.406900951154,1521.182551618934,1522.1613705980963,12895312,INFY.NS
2025-12-04,1563.7611083984375,1565.1314788059085,1534.7880917871573,1534.7880917871573,12609619,INFY.NS
2025-12-05,1581.9671630859375,1597.2368345243183,1566.1103436503722,1575.8985332981872,10344725,INFY.NS
2025-12-08,1576.681640625,1595.4749170068917,1566.306063981828,1582.8481284293375,7550413,INFY.NS
2025-12-09,1565.1314697265625,1572.8641631737528,1548.883099378693,1567.2848235795727,6957599,INFY.NS
2025-12-10,1551.2322998046875,1573.9408513587562,1549.2746619298632,1573.9408513587562,5116140,INFY.NS
2025-12-11,1564.1527099609375,1573.3536321517727,1547.023378030827,1564.1527099609375,5159319,INFY.NS
2025-12-12,1564.348388671875,1567.8722324584342,1549.0788370408115,1567.4806809838458,4633912,INFY.NS
2025-12-15,1572.766357421875,1576.6816332735752,1551.4280562362142,1551.4280562362142,4190558,INFY.NS
2025-12-16,1559.1607666015625,1569.0468143358012,1552.0153403019585,1566.1103574156468,5499258,INFY.NS
2025-12-17,1568.0679931640625,1572.8642300238714,1552.4068896118622,1553.5814245843821,4817628,INFY.NS
2025-12-18,1592.3427734375,1595.4749463972676,1572.6684162407605,1576.3879761796316,6577293,INFY.NS
2025-12-19,1603.9906005859375,1619.847539612933,1595.2792073285575,1615.0513027562847,13149023,INFY.NS
2025-12-22,1653.8125,1657.3362243784013,1628.7547583833573,1628.7547583833573,23098923,INFY.NS
2025-12-23,1632.9637451171875,1643.4370603643276,1621.3157754082474,1643.4370603643276,6593060,INFY.NS
2025-12-24,1628.16748046875,1632.2784723030877,1617.4983299175808,1625.8182910699556,4271167,INFY.NS
2025-12-26,1621.0220947265625,1633.453167508233,1616.7152673020842,1628.167521100225,2006491,INFY.NS
2025-12-29,1609.863525390625,1637.6620082639456,1602.4245250544589,1622.8818655924697,4062817,INFY.NS
2025-12-30,1587.2528076171875,1612.9957941560388,1582.554548282334,1612.1148331917736,9395937,INFY.NS
2025-12-31,1581.1842041015625,1594.1045668429529,1575.1154547350545,1586.6655664923117,6538656,INFY.NS
